Latitud,Longitud,Nombre,Rubro,Dirección,Puntuación
-34.58058,-58.41494,Restaurant Museo Evita,Comida rápida,Juan María Gutiérrez 3926,
-34.55083,-58.49934,YPF,Estaciones de servicio,Avenida Doctor Ricardo Balbín 5041,
-34.62228,-58.40047,YPF,Estaciones de servicio,"-34.62228, -58.40047",
-34.60937,-58.41726,Petrugas,Estaciones de servicio,Bartolomé Mitre,
-34.60891,-58.42901,Shell 1695,Estaciones de servicio,Yatay,
-34.60852,-58.42900,YPF,Estaciones de servicio,Avenida Díaz Vélez,
-34.55124,-58.58334,YPF,Estaciones de servicio,Diagonal 190 - Brigadier General Juan Manuel de Rosas 4884,
-34.55934,-58.56824,Oil,Estaciones de servicio,118 - Neuquén,
-34.57303,-58.54398,Puma,Estaciones de servicio,91 - San Lorenzo 3808,
-34.56970,-58.54006,YPF,Estaciones de servicio,79 - Ayacucho 2600,
-34.58864,-58.51973,Puma,Estaciones de servicio,Avenida 85 - Libertador General San Martín,
-34.47414,-58.50193,Shell,Estaciones de servicio,Avenida del Libertador 15301,
-34.48873,-58.50073,Norest Shell,Estaciones de servicio,Avenida Santa Fe 1920,
-34.51860,-58.51430,Axion,Estaciones de servicio,Mariano Pelliza 3892,
-34.54145,-58.50588,Shell,Estaciones de servicio,Avenida Bartolomé Mitre 901,
-34.50531,-58.52577,YPF,Estaciones de servicio,Edison 2502,
-34.52819,-58.48102,Axion,Estaciones de servicio,Avenida Maipú 1055,
-34.52537,-58.47172,YPF,Estaciones de servicio,Avenida del Libertador 901,
-34.46459,-58.51515,Shell,Estaciones de servicio,Avenida del Libertador 16799,
-34.49297,-58.49840,Axion,Estaciones de servicio,Avenida Santa Fe 2428,
-34.52891,-58.48066,YPF,Estaciones de servicio,Avenida Maipú 999,
-34.53082,-58.48022,YPF,Estaciones de servicio,Avenida Maipú 760,
-34.46060,-58.63451,YPF,Estaciones de servicio,Avenida Hipólito Yrigoyen,
-34.43611,-58.54228,YPF,Estaciones de servicio,"-34.43611, -58.54228",
-34.65961,-58.63190,Shell,Estaciones de servicio,Avenida Hipólito Yrigoyen,
-34.64330,-58.62566,Shell,Estaciones de servicio,Avenida Cañada de Juan Ruiz,
-34.66002,-58.60751,Naturgy,Estaciones de servicio,Córdoba,
-34.73894,-58.56416,YPF,Estaciones de servicio,Antártida Argentina,
-34.81280,-58.42191,Puma,Estaciones de servicio,Boulevard Polonia,
-34.71792,-58.39352,Axion,Estaciones de servicio,Avenida Hipólito Yrigoyen,
-34.66506,-58.35954,Axion,Estaciones de servicio,Avenida Bartolomé Mitre 1200,
-34.67213,-58.39467,YPF,Estaciones de servicio,Avenida Presidente Bernardino Rivadavia,
-34.75465,-58.40110,Shell,Estaciones de servicio,"-34.75465, -58.40110",
-34.77018,-58.37840,YPF,Estaciones de servicio,Avenida Eva Perón,
-34.65990,-58.36241,YPF,Estaciones de servicio,25 De Mayo,
-34.84047,-58.18793,Axion,Estaciones de servicio,Camino Parque Centenario,
-34.75199,-58.22684,YPF,Estaciones de servicio,Avenida Florencio Varela,
-34.77110,-58.20054,Eg3,Estaciones de servicio,Avenida 24,
-34.76850,-58.20385,GNC XXI,Estaciones de servicio,Calle 148,
-34.73662,-58.27799,YPF,Estaciones de servicio,Avenida 12 De Octubre,
-34.57920,-58.41267,Voulez Bar,Comida rápida,Cerviño,
-34.57928,-58.41239,Olivetti,Comida rápida,Cerviño,
-34.57766,-58.41165,Bella Italia,Comida rápida,"-34.57766, -58.41165",
-34.63802,-58.50470,Las Asturias,Comida rápida,Cortina,
-34.63815,-58.50340,El Argentino,Comida rápida,Avenida Rivadavia,
-34.63951,-58.50572,bule-bar,Comida rápida,Avenida Coronel Ramón Lorenzo Falcón,
-34.64051,-58.50941,Avellino,Comida rápida,Albariño,
-34.60869,-58.37814,Café Tortoni,Comida rápida,Avenida de Mayo 829,
-34.63422,-58.52416,Dulce Hora,Comida rápida,"-34.63422, -58.52416",
-34.58485,-58.42418,El Pingüino de Palermo,Comida rápida,Jorge Luis Borges 2195,
-34.58816,-58.42913,Meridiano 58,Comida rápida,Jorge Luis Borges 1689,
-34.60457,-58.38076,Ugi's,Comida rápida,Carlos Pellegrini,
-34.60887,-58.38210,Costumbres Argentinas,Comida rápida,Lima 31,
-34.59160,-58.43082,Restaurante Armenia,Comida rápida,Armenia 1366,
-34.59149,-58.43063,Viejo Agump,Comida rápida,Armenia,
-34.59598,-58.39460,Babieca,Comida rápida,Riobamba,
-34.58582,-58.42524,Cantón,Comida rápida,Guatemala 4778,
-34.61369,-58.41624,Rotisería,Comida rápida,Maza,
-34.62832,-58.45618,Gourmet Empanadas,Comida rápida,Coronel Ramón Lorenzo Falcón,
-34.62925,-58.45573,Alberdi Minutas,Comida rápida,Avenida Juan Bautista Alberdi,
-34.61044,-58.35868,Estrompis,Comida rápida,Costanera Sur,
-34.60989,-58.35888,ParriVIP,Comida rápida,Costanera Sur,
-34.60911,-58.35915,El Rey,Comida rápida,Costanera Sur,
-34.60884,-58.35924,El Chapulín,Comida rápida,Costanera Sur,
-34.60780,-58.35961,Corriendo la Vaca,Comida rápida,Costanera Sur,
-34.60676,-58.36002,Don Jose,Comida rápida,Costanera Sur,
-34.60594,-58.36025,El Torito,Comida rápida,Costanera Sur,
-34.60538,-58.36044,Mi Sueño,Comida rápida,Costanera Sur,
-34.59859,-58.38983,El Noble,Comida rápida,Paraguay,
-34.60361,-58.41833,Morita,Comida rápida,Avenida Corrientes,
-34.64474,-58.59054,La Recoleta,Comida rápida,Pasaje La Porteña,
-34.59442,-58.38846,Los Inmortales,Comida rápida,"-34.59442, -58.38846",
-34.56075,-58.45680,Los Inmortales,Comida rápida,Mendoza 2338,
-34.60254,-58.37737,Los Inmortales,Comida rápida,Lavalle 746,
-34.56677,-58.43432,Antonino,Comida rápida,Jorge Newbery,
-34.59656,-58.38579,La Continental - Barrio Norte,Comida rápida,Talcahuano,
-34.60499,-58.39206,La Continental,Comida rápida,Avenida Callao,
-34.61397,-58.39189,La Continental,Comida rápida,Avenida Entre Ríos 415,
-34.58854,-58.39452,La Continental - Recoleta,Comida rápida,Vicente López,
-34.60344,-58.41686,La Continental - Almagro,Comida rápida,Mario Bravo,
-34.61612,-58.37181,La Continental,Comida rápida,Defensa,
-34.81671,-58.47168,La Quintana,Comida rápida,Avenida Dardo Rocha,
-34.74507,-58.39660,La Farola Express,Comida rápida,Leandro N. Alem 1302,
-34.71893,-58.25176,LA QUINTANA - Quilmes,Comida rápida,Pringles,
-34.70336,-58.39342,Pertutti,Comida rápida,Gobernador Felipe Llavallol 103,
-34.67989,-58.56063,La Quintana,Comida rápida,Perú,
-34.63696,-58.40547,La Quintana Parque Patricios,Comida rápida,Avenida Caseros,
-34.71319,-58.27794,La Farola Express,Comida rápida,Avenida Zapiola,
-34.63034,-58.39057,Shell,Estaciones de servicio,Pedro Echagüe,
-34.81577,-58.46754,Bonafide,Comida rápida,Hipólito Yrigoyen,
-34.79866,-58.39176,Bonafide,Comida rápida,Esteban Adrogué,
-34.79719,-58.39163,María Bonita,Comida rápida,Bartolomé Mitre 1195,
-34.79829,-58.38515,Mocca,Comida rápida,Plaza Brown,
-34.80856,-58.39982,Norauto Adrogué,Talleres,General José María Paz,
-34.81223,-58.39908,Neumáticos Master S.A,Talleres,Avenida Hipólito Yrigoyen,
-34.82265,-58.47192,Gomería,Talleres,Avenida Enrique Santamarina,
-34.76296,-58.40981,Fiat - Italservizio,Talleres,José Eusebio Colombres,
-34.75526,-58.40768,LoJack - Lomas de Zamora,Talleres,General Carlos María De Alvear,
-34.74472,-58.39942,Michelin - Roanta,Talleres,Avenida Hipólito Yrigoyen,
-34.76304,-58.39868,Bonafide,Comida rápida,Avenida Meeks,
-34.76114,-58.40121,Havanna,Comida rápida,Italia,
-34.76072,-58.39922,McDonald's,Comida rápida,Francisco Narciso De Laprida,
-34.76414,-58.40045,Pertutti,Comida rápida,José Eusebio Colombres,
-34.75923,-58.40097,Las Carabelas,Comida rápida,Manuel Acevedo,
-34.77124,-58.39825,Pizzería Fígaro,Comida rápida,General Juan Galo De Lavalle,
-34.78218,-58.40584,McDonald's,Comida rápida,Miguel Soler,
-34.79825,-58.39359,Nuevo Tempo,Comida rápida,Somellera,
-34.79837,-58.39075,El Faro,Comida rápida,Esteban Adrogué,
-34.79744,-58.39155,Planet Taco,Comida rápida,Bartolomé Mitre 1184,
-34.80496,-58.40552,Tío Loco,Comida rápida,Capitán De Fragata Moyano,
-34.80643,-58.40394,Parrilla Los Pilares del Tano,Comida rápida,Avenida Hipólito Yrigoyen 13015,
-34.80832,-58.40126,Havanna Adrogué,Comida rápida,Jorge De Kay,
-34.81033,-58.40112,Pancho Bahía,Comida rápida,Avenida Hipólito Yrigoyen,
-34.80828,-58.40071,McDonald's,Comida rápida,Jorge De Kay,
-34.58576,-58.39316,Hard Rock Cafe,Comida rápida,Junín 1930,
-34.58787,-58.39083,Café La Biela,Comida rápida,Avenida Presidente Quintana 596,
-34.55058,-58.45632,Solomia,Comida rápida,"-34.55058, -58.45632",
-34.61037,-58.38043,Club Español,Comida rápida,Bernardo de Irigoyen 172,
-34.41133,-58.58835,El Ceibo,Comida rápida,Maschwitz,
-34.41383,-58.58522,Nuevo María Luján,Comida rápida,Vito Dumas,
-34.58558,-58.63842,Parrilla La Taba,Comida rápida,Santa Ana,
-34.58857,-58.63108,McDonald's,Comida rápida,Avenida Arturo Jauretche 978,
-34.62043,-58.36482,Burger King,Comida rápida,Juana Manuela Gorriti 1815,
-34.60381,-58.38077,McDonald's,Comida rápida,Avenida Corrientes,
-34.60377,-58.38467,McDonald's,Comida rápida,Avenida Corrientes,
-34.60309,-58.38085,Burger King,Comida rápida,Carlos Pellegrini,
-34.60455,-58.39175,Burger King,Comida rápida,Avenida Corrientes,
-34.60628,-58.40604,Burger King,Comida rápida,Avenida Pueyrredón,
-34.60388,-58.41151,McDonald's,Comida rápida,Agüero,
-34.58899,-58.38388,McDonald's,Comida rápida,Posadas,
-34.60405,-58.38498,Banchero,Comida rápida,Avenida Corrientes 1300,
-34.60478,-58.37508,McDonald's,Comida rápida,Florida,
-34.60145,-58.37541,McDonald's,Comida rápida,Florida,
-34.62072,-58.36500,La Veneciana,Comida rápida,Avenida Alicia Moreau de Justo 1896,
-34.64959,-58.62121,Burger King,Comida rápida,General Belgrano,
-34.63388,-58.62924,Burger King,Comida rápida,Boulevard Brigadier General Juan Manuel De Rosas,
-34.63408,-58.62913,McDonald's,Comida rápida,Boulevard Brigadier General Juan Manuel De Rosas 658,
-34.59782,-58.38547,El Cuartito,Comida rápida,Talcahuano 937,
-34.59194,-58.39977,Tienda,Comida rápida,Juncal,
-34.60717,-58.36410,Asia de Cuba,Comida rápida,Olga Cossettini 831,
-34.61864,-58.36514,Siga La Vaca,Comida rápida,Avenida Alicia Moreau de Justo 1714,
-34.62370,-58.36380,Puerto Madero Tango,Comida rápida,María Luisa Bemberg,
-34.62291,-58.36462,El Museo del Jamón,Comida rápida,Juana Manuela Gorriti,
-34.62130,-58.36491,Gourmet Porteño,Comida rápida,Juana Manuela Gorriti,
-34.62060,-58.36500,La Bistecca,Comida rápida,Avenida Alicia Moreau de Justo 1890,
-34.62000,-58.36510,Estilo Campo,Comida rápida,Avenida Alicia Moreau de Justo 1840,
-34.70045,-58.58653,Los Pardales,Comida rápida,República de Portugal,
-34.69979,-58.59169,Pizza Golden,Comida rápida,República De Portugal,
-34.61959,-58.37737,D&H,Comida rápida,Carlos Calvo 801,
-34.61979,-58.37861,El Encuentro,Comida rápida,Carlos Calvo 900,
-34.50829,-58.49188,YPF,Estaciones de servicio,Avenida Maipú 2945,
-34.79268,-58.41700,McDonald's,Comida rápida,Avenida Antártida Argentina 799,
-34.60369,-58.38385,La Molienda,Comida rápida,Avenida Corrientes,
-34.54153,-58.46291,Tostado,Comida rápida,Comodoro Martín Rivadavia 1560,
-34.47886,-58.49495,Tasca,Comida rápida,General Güemes,
-34.58905,-58.41551,Velvet,Comida rápida,Jerónimo Salguero 1807,
-34.59037,-58.41098,Accademia della Pizza,Comida rápida,Güemes,
-34.58925,-58.41007,Tolón,Comida rápida,Avenida Santa Fe 3200,
-34.52535,-58.50698,YPF,Estaciones de servicio,Carlos Villate 3290,
-34.58078,-58.42262,Café Martínez,Comida rápida,Avenida Santa Fe 4298,
-34.66145,-58.36655,McDonald's,Comida rápida,Avenida Bartolomé Mitre,
-34.66264,-58.36431,Pertutti,Comida rápida,Avenida Bartolomé Mitre,
-34.60373,-58.37938,Havanna,Comida rápida,Suipacha,
-34.59883,-58.37990,La Palita,Comida rápida,Avenida Córdoba,
-34.59909,-58.37959,Être,Comida rápida,Avenida Córdoba,
-34.59886,-58.38026,Café Havanna,Comida rápida,Avenida Córdoba,
-34.49856,-58.48432,YPF,Estaciones de servicio,Avenida del Libertador 3402,
-34.49783,-58.47915,Club de Policía,Comida rápida,San Lorenzo,
-34.51447,-58.52742,Radog Motores,Talleres,Díaz Vélez,
-34.60220,-58.37728,Burger King,Comida rápida,Lavalle,
-34.54583,-58.49983,Shell,Estaciones de servicio,Avenida Bartolomé Mitre 319,
-34.56783,-58.46673,Dapsa Cristina Isabelli,Estaciones de servicio,Juramento 3411,
-34.50949,-58.57766,Parilla,Comida rápida,Manuel De Sarratea,
-34.70765,-58.39914,Petro Lanc,Estaciones de servicio,Avenida 25 De Mayo,
-34.62158,-58.45767,La Casona de Flores,Comida rápida,Avenida Avellaneda 1899,
-34.61414,-58.46058,Axion,Estaciones de servicio,Avenida Gaona,
-34.70661,-58.39150,Las Palmas,Comida rápida,20 De Octubre,
-34.73835,-58.34828,YPF,Estaciones de servicio,General Pinto,
-34.73907,-58.34797,Santa Rita,Talleres,Yapeyú,
-34.70207,-58.38382,Dapsa,Estaciones de servicio,Coronel Pringles,
-34.66822,-58.41744,YPF,Estaciones de servicio,Avenida Remedios de Escalada de San Martín,
-34.58094,-58.47442,Manzanitas,Comida rápida,Avenida Triunvirato 3759,
-34.58607,-58.50154,El Capricho,Comida rápida,Avenida General Mosconi,
-34.59948,-58.54543,Manu's,Comida rápida,436 - Avenida La Plata 1701,
-34.70662,-58.39326,Vedia,Comida rápida,Enrique Del Valle Iberlucea,
-34.73317,-58.39678,Gomería,Talleres,Almirante Mariano Cordero,
-34.59390,-58.56144,Restaurant Maracaibo,Comida rápida,"-34.59390, -58.56144",
-34.69744,-58.42134,Shell,Estaciones de servicio,25 de Mayo,
-34.60331,-58.39254,Café Martínez,Comida rápida,Avenida Callao 498,
-34.60071,-58.39294,Starbucks,Comida rápida,Avenida Callao 702,
-34.60428,-58.39213,La Opera,Comida rápida,Avenida Corrientes,
-34.60185,-58.39243,Nuevo Callao,Comida rápida,Tucumán,
-34.60246,-58.39230,Vinnie's,Comida rápida,Avenida Callao,
-34.60105,-58.39290,La Muzza Inspiradora,Comida rápida,Avenida Callao,
-34.59952,-58.39328,Tian Ying,Comida rápida,Avenida Córdoba,
-34.59920,-58.39315,Los Arcos,Comida rápida,Avenida Callao,
-34.60422,-58.39369,Tuo Tempo,Comida rápida,Enrique Santos Discépolo,
-34.59707,-58.39234,Zensató,Comida rápida,Marcelo T. De Alvear,
-34.58725,-58.45395,Santa María,Comida rápida,Avenida Corrientes 6801,
-34.59942,-58.39140,Havanna,Comida rápida,Avenida Córdoba,
-34.60462,-58.39419,Zapi,Comida rápida,Avenida Corrientes,
-34.60461,-58.39397,Paluchino,Comida rápida,Avenida Corrientes,
-34.60469,-58.39538,Greta,Comida rápida,Ayacucho,
-34.60337,-58.39379,Metropol,Comida rápida,Lavalle,
-34.60432,-58.39412,Green Life,Comida rápida,Avenida Corrientes,
-34.60436,-58.39460,Teatro La Casona,Comida rápida,Avenida Corrientes,
-34.59935,-58.39428,Angélica,Comida rápida,Riobamba,
-34.60331,-58.39415,El Cafe de Tomás,Comida rápida,"-34.60331, -58.39415",
-34.59953,-58.39426,Punta Cuore,Comida rápida,Avenida Córdoba,
-34.58697,-58.45550,El Gallego,Comida rápida,Avenida Federico Lacroze 4185,
-34.60128,-58.39572,Pizza Bum,Comida rápida,Ayacucho 688,
-34.60420,-58.39544,Priamo,Comida rápida,Ayacucho,
-34.59822,-58.39572,Pericles,Comida rápida,Ayacucho,
-34.59720,-58.39600,Tomasso,Comida rápida,Marcelo T. De Alvear,
-34.58562,-58.45446,Colonia 9 de Julio,Comida rápida,Avenida Federico Lacroze 4093,
-34.59735,-58.39517,Sushi Pop,Comida rápida,Marcelo T. De Alvear,
-34.59717,-58.39465,Palita,Comida rápida,Marcelo T. De Alvear,
-34.59736,-58.39488,Delicity,Comida rápida,Marcelo T. De Alvear,
-34.59544,-58.53385,La Gran Pizza,Comida rápida,Diagonal 41 - Darwin,
-34.59596,-58.53499,Pizza Leo,Comida rápida,421 - Juan Bautista Anchordoqui,
-34.41673,-58.59948,Puma,Estaciones de servicio,Avenida Santa María de las Conchas 2806,
-34.59125,-58.55952,La Aldea,Comida rápida,56 - 1 De Mayo,
-34.59984,-58.39365,Subway,Comida rápida,Avenida Córdoba,
-34.60200,-58.39109,Mar Azul,Comida rápida,punta del este,
-34.60299,-58.39132,Establecimiento General de Café,Comida rápida,Lavalle 1701,
-34.60204,-58.39145,Sophia,Comida rápida,Tucumán,
-34.60117,-58.39150,Parrilla Peña,Comida rápida,Rodríguez Peña 682,
-34.59855,-58.56142,La Tercera Docena,Comida rápida,530 - Fray Mamerto Esquiú,
-34.59663,-58.56131,El Zancho,Comida rápida,643 - Avenida del Libertador General José de San Martín,
-34.60106,-58.56151,El Centinela,Comida rápida,538 - Wenceslao De Tata,
-34.60029,-58.56183,Max Pato,Comida rápida,536 - Fischetti,
-34.60239,-58.56197,Sei Tu,Comida rápida,643 - Avenida del Libertador General José de San Martín 2203,
-34.60240,-58.56221,El Nuevo Padrino,Comida rápida,542 - Doctor Amadeo Sabattini,
-34.60319,-58.56278,Mis Amores,Comida rápida,546 - Juan Bautista Alberdi,
-34.60420,-58.39110,Niña Bonita,Comida rápida,Avenida Corrientes,
-34.60398,-58.39098,Tentaciones,Comida rápida,Rodríguez Peña,
-34.59559,-58.39592,Burger King,Comida rápida,Ayacucho,
-34.58532,-58.45426,Estación Empanadas,Comida rápida,Avenida Federico Lacroze,
-34.59719,-58.39587,Zodiaco,Comida rápida,Marcelo T. de Alvear 1995,
-34.59708,-58.39767,Cafe Martinez,Comida rápida,Junín,
-34.59697,-58.39865,Posta,Comida rápida,Marcelo T. de Alvear 2185,
-34.59848,-58.39725,Havanna,Comida rápida,Paraguay,
-34.59695,-58.39899,Open 25 hs!,Comida rápida,Marcelo T. De Alvear,
-34.59690,-58.39893,Evaristo,Comida rápida,Presidente José Evaristo Uriburu 1008,
-34.59837,-58.38982,Monet,Comida rápida,Montevideo,
-34.59730,-58.38964,Fabric,Comida rápida,"-34.59730, -58.38964",
-34.59708,-58.39055,Casita China,Comida rápida,Marcelo T. De Alvear,
-34.59705,-58.38993,El Cisne,Comida rápida,Montevideo,
-34.59712,-58.39165,Cafecito,Comida rápida,Marcelo T. De Alvear,
-34.59533,-58.39309,Bonafide,Comida rápida,Avenida Callao,
-34.59491,-58.39304,Import coffee,Comida rápida,Arenales,
-34.60579,-58.56186,Havanna,Comida rápida,643 - Avenida del Libertador General José de San Martín 2598,
-34.58857,-58.57231,Bonafide,Comida rápida,563 - Manuel Quintana,
-34.58821,-58.57311,Bamboche II,Comida rápida,508 - Gaucho Cruz,
-34.58780,-58.57363,La Cubana,Comida rápida,508 - Gaucho Cruz,
-34.58936,-58.57127,Capitan Capote,Comida rápida,559 - José María Bosch,
-34.58937,-58.57245,Punto Rosso,Comida rápida,510 - El Payador,
-34.58879,-58.57121,Vip,Comida rápida,559 - José María Bosch,
-34.58922,-58.57121,El Cazador,Comida rápida,559 - José María Bosch,
-34.58934,-58.57101,Acapulco,Comida rápida,559 - José María Bosch,
-34.58945,-58.57281,El Triangulo,Comida rápida,510 - El Payador 5502,
-34.58980,-58.57214,Mac Mauri,Comida rápida,Diagonal 50 - Miguel Ángel,
-34.59075,-58.55826,Las Mil y Una,Comida rápida,56 - 1 de Mayo,
-34.59325,-58.55726,Taller mecanico,Talleres,517 - Julio Perdiguero,
-34.60311,-58.51278,La Aldea,Comida rápida,Ricardo Gutiérrez Sur,
-34.60837,-58.51554,shell,Estaciones de servicio,Benito Juárez,
-34.58535,-58.51854,Bonafide,Comida rápida,Avenida 85 - Libertador General San Martín 420,
-34.59630,-58.54851,Puerto Diamante,Comida rápida,436 - Avenida La Plata,
-34.59588,-58.54891,Luzbelito,Comida rápida,"-34.59588, -58.54891",
-34.60108,-58.54390,El Gato,Comida rápida,436 - Avenida La Plata,
-34.60077,-58.54421,La Base,Comida rápida,"-34.60077, -58.54421",
-34.60317,-58.54186,Morita,Comida rápida,436 - Avenida La Plata,
-34.59860,-58.39618,Fritz,Comida rápida,Paraguay,
-34.59875,-58.39660,Al Club,Comida rápida,Paraguay,
-34.56534,-58.44061,Café Martínez,Comida rápida,Avenida Luis María Campos 1202,
-34.65234,-58.51094,Parador 40,Comida rápida,Pizarro,
-34.56815,-58.44654,Antaño,Comida rápida,Vuelta de Obligado 1101,
-34.56801,-58.43733,McDonald's,Comida rápida,Avenida Luis María Campos 901,
-34.57031,-58.43161,Tonno,Comida rápida,Arce,
-34.57122,-58.43054,Las Cholas,Comida rápida,Arce,
-34.57121,-58.43187,La Caballeriza,Comida rápida,Avenida General Indalecio Cheneaut,
-34.57397,-58.43037,La Stampa,Comida rápida,Avenida Dorrego,
-34.57843,-58.46075,La Farola,Comida rápida,Avenida Álvarez Thomas,
-34.57770,-58.43874,Duque,Comida rápida,Nicaragua 6086,
-34.58106,-58.47427,Victoria Urquiza,Comida rápida,Avenida Triunvirato 3751,
-34.58706,-58.57597,Lot Lot,Comida rápida,812 - Santos Vega,
-34.58628,-58.57589,Che Lagarto,Comida rápida,801 - San Leonardo Murialdo,
-34.59571,-58.39276,Aires Criollos,Comida rápida,Avenida Santa Fe,
-34.59673,-58.39200,Happines House,Comida rápida,Rodríguez Peña,
-34.58762,-58.45297,Albamonte,Comida rápida,Avenida Corrientes,
-34.58872,-58.44615,Muelle 33,Comida rápida,Avenida Dorrego,
-34.59706,-58.38857,Zapi,Comida rápida,Marcelo T. De Alvear,
-34.59728,-58.38952,El Fortín,Comida rápida,Marcelo T. De Alvear,
-34.59721,-58.38816,Mala Cara,Comida rápida,"-34.59721, -58.38816",
-34.59727,-58.38940,Di Carlo,Comida rápida,Marcelo T. De Alvear,
-34.59604,-58.39004,Capitol,Comida rápida,Montevideo,
-34.54083,-58.57472,Don Luis,Comida rápida,Diagonal 160 - Solís,
-34.80791,-58.27788,Via Cosenza,Comida rápida,Doctor Salvador Sallarés,
-34.80874,-58.27419,Subway,Comida rápida,Bartolomé Mitre,
-34.60389,-58.56176,La Polla Coqueta,Comida rápida,643 - Avenida Del Libertador General José De San Martín,
-34.59304,-58.56109,El Tanito,Comida rápida,643 - Avenida Del Libertador General José De San Martín,
-34.59960,-58.55122,La Armonia,Comida rápida,532 - Bonifacini,
-34.59916,-58.55989,El Tanito,Comida rápida,532 - Bonifacini,
-34.59800,-58.38831,El Mayoral,Comida rápida,Paraná,
-34.59960,-58.39656,McDonald's,Comida rápida,Avenida Córdoba 2039,
-34.59958,-58.39620,Café Martínez,Comida rápida,Avenida Córdoba,
-34.59377,-58.39420,Persicco,Comida rápida,Juncal,
-34.59430,-58.39435,Como en Casa,Comida rápida,Riobamba,
-34.59482,-58.39440,Covadonga,Comida rápida,Arenales,
-34.60586,-58.43047,El Gran Mosquito,Comida rápida,Teniente General Juan Domingo Perón 4499,
-34.61525,-58.42903,Starbucks,Comida rápida,Avenida La Plata 4,
-34.61501,-58.42938,McDonald's,Comida rápida,Avenida Rivadavia 4515,
-34.59552,-58.39863,La Molinera,Comida rápida,Presidente José Evaristo Uriburu,
-34.59558,-58.39840,El Trébol,Comida rápida,Avenida Santa Fe,
-34.59276,-58.37995,El Socorro,Comida rápida,Juncal 895,
-34.59276,-58.37938,Ligure,Comida rápida,Juncal,
-34.61601,-58.37306,El Baqueano,Comida rápida,Chile,
-34.52809,-58.47177,Vicente López sin Planes,Comida rápida,General Juan Gregorio De Las Heras,
-34.55267,-58.45070,Lidoro,Comida rápida,Monroe 1499,
-34.58183,-58.43937,Tigre Morado,Comida rápida,Honduras,
-34.59114,-58.42782,Randall's,Comida rápida,Malabia 1530,
-34.58107,-58.43686,Green Bamboo,Comida rápida,Costa Rica 5802,
-34.57794,-58.43842,Lharmonie,Comida rápida,Nicaragua,
-34.56286,-58.45184,Don,Comida rápida,Arcos,
-34.56820,-58.44410,Cowi,Comida rápida,3 de Febrero 1167,
-34.69830,-58.50837,Don Luis,Comida rápida,Martín Altolaguirre,
-34.56436,-58.47955,YPF,Estaciones de servicio,Avenida Congreso 4008,
-34.57841,-58.51438,Puma,Estaciones de servicio,Avenida 2 - General Paz,
-34.60330,-58.37732,El Palacio de la Pizza,Comida rápida,Avenida Corrientes 751,
-34.60368,-58.37855,Las Cuartetas,Comida rápida,Avenida Corrientes 838,
-34.60213,-58.37452,ABC,Comida rápida,Lavalle,
-34.57595,-58.40989,Restaurant Wakayama,Comida rápida,Camino De Azaleas,
-34.58906,-58.38405,Starbucks,Comida rápida,Posadas 1245,
-34.60116,-58.36479,Starbucks,Comida rápida,Olga Cossetini 301,
-34.70486,-58.39283,El Noble,Comida rápida,Aristóbulo Del Valle,
-34.70486,-58.39300,Pastas 12 de Octubre,Comida rápida,Aristóbulo Del Valle,
-34.62513,-58.45317,Bonafide,Comida rápida,Avenida Rivadavia,
-34.62624,-58.45518,Bonafide,Comida rápida,Avenida Rivadavia,
-34.60063,-58.38986,La Robla,Comida rápida,Viamonte 1615,
-34.61627,-58.43155,Bravo,Comida rápida,Avenida Rivadavia,
-34.61827,-58.42925,El Talion,Comida rápida,Rosario,
-34.63538,-58.43865,El Podio,Comida rápida,Emilio Mitre,
-34.61711,-58.43417,Starbucks,Comida rápida,Avenida Rivadavia 4893,
-34.62273,-58.44098,Café Martínez,Comida rápida,Avenida Juan Bautista Alberdi 901,
-34.61743,-58.43490,Café Martínez,Comida rápida,Avenida Rivadavia,
-34.60008,-58.44892,Dapsa,Estaciones de servicio,Avenida Warnes,
-34.60301,-58.44090,YPF,Estaciones de servicio,Avenida Warnes,
-34.60174,-58.45401,YPF,Estaciones de servicio,General Manuel A. Rodríguez,
-34.60271,-58.36685,La Cabaña,Comida rápida,Avenida Alicia Moreau de Justo 380,
-34.60983,-58.39899,Café Martinez,Comida rápida,Pichincha,
-34.46746,-58.50961,Blossom San Isidro,Comida rápida,Avenida del Libertador 16246,
-34.59489,-58.39193,Havanna,Comida rápida,Arenales,
-34.59415,-58.39200,Rigoletto,Comida rápida,Rodríguez Peña,
-34.60878,-58.42447,GNC,Estaciones de servicio,Avenida Díaz Vélez,
-34.59737,-58.37435,Kentucky,Comida rápida,Paraguay,
-34.58891,-58.43214,Rave,Comida rápida,Gorriti 5092,
-34.60106,-58.37428,Subway,Comida rápida,Tucumán,
-34.60574,-58.56310,Bonafide,Comida rápida,604 - Avenida General Justo José de Urquiza 4765,
-34.59381,-58.38853,Los Maestros,Comida rápida,Paraná,
-34.59527,-58.38867,Martinique,Comida rápida,Paraná,
-34.58050,-58.41178,Romario,Comida rápida,Cabello,
-34.53857,-58.48175,Casa Aristobulo,Comida rápida,Aristóbulo Del Valle,
-34.53504,-58.48927,De Simone,Comida rápida,Ayacucho,
-34.61705,-58.37004,El Viejo Almacén,Comida rápida,Balcarce 799,
-34.59167,-58.50363,Pampa Mía,Comida rápida,Habana 3201,
-34.59531,-58.39186,El Salto de las Ranas,Comida rápida,Rodríguez Peña,
-34.59629,-58.39114,Café Martínez,Comida rápida,Avenida Santa Fe,
-34.59553,-58.39184,Cumaná,Comida rápida,Rodríguez Peña 1149,
-34.59543,-58.39185,La Cholita,Comida rápida,Rodríguez Peña,
-34.62355,-58.39295,Barato Gas,Estaciones de servicio,Doctor Eduardo Jenner,
-34.64614,-58.53475,Mamma Mia,Comida rápida,120 - Estero Bellaco,
-34.59673,-58.39489,La Parolaccia,Comida rápida,Riobamba,
-34.61935,-58.36914,San Fermin,Comida rápida,Avenida Paseo Colón,
-34.57771,-58.42457,Perú Deli,Comida rápida,Beruti 4602,
-34.46240,-58.50819,Mai Mai,Comida rápida,Primera Junta,
-34.65201,-58.64064,Casa Noi,Comida rápida,Avenida Rivadavia 19998,
-34.42117,-58.58275,La Amistad,Comida rápida,Avenida del Libertador General San Martín 125,
-34.41560,-58.58037,Chapaleo,Comida rápida,Paseo Victorica 50,
-34.79782,-58.33555,Pizzeria don Lito,Comida rápida,Francisco Bollini,
-34.80647,-58.27036,Pizzeria don lito,Comida rápida,San Juan,
-34.56004,-58.45265,Almacén de Pizza,Comida rápida,O'higgins,
-34.56540,-58.45943,Almacén de Pizza,Comida rápida,Vidal,
-34.77590,-58.30478,Pizzeria Udine,Comida rápida,Avenida José Andrés López,
-34.77918,-58.31136,ARTI,Comida rápida,Doctor Emilio Torre,
-34.49717,-58.55574,McDonald's,Comida rápida,Valentín Vergara 80,
-34.61279,-58.43092,Dakar Motors,Talleres,Eduardo Acevedo,
-34.61028,-58.40577,La Americana,Comida rápida,Avenida Jujuy,
-34.64379,-58.37519,Gomería Carreño,Talleres,General Hornos,
-34.64178,-58.37956,La Flor de Barracas,Comida rápida,"-34.64178, -58.37956",
-34.76493,-58.40194,Izzaro,Comida rápida,Italia 387,
-34.59629,-58.37294,Luan Bistro,Comida rápida,Marcelo T. De Alvear,
-34.41185,-58.54089,Restaurant Don Gobb,Comida rápida,Rivadavia,
-34.41578,-58.53757,Pizzeria Pajarito,Comida rápida,"-34.41578, -58.53757",
-34.77884,-58.40580,Pizzería Presto,Comida rápida,Avenida Hipólito Yrigoyen,
-34.76056,-58.40208,Burger King,Comida rápida,Francisco Narciso De Laprida,
-34.59354,-58.62226,YPF,Estaciones de servicio,Centenera,
-34.59178,-58.38936,Sirop-Folie,Comida rápida,"Vicente López 1661, Recoleta, Buenos Aires",
-34.59260,-58.38434,Rabelais,Comida rápida,Libertad,
-34.59489,-58.38431,Gran Bar Danzón,Comida rápida,Libertad 1161,
-34.59347,-58.38452,Circolo Massimo,Comida rápida,Libertad 1264,
-34.59735,-58.37416,El Establo,Comida rápida,Paraguay,
-34.59270,-58.38701,Josephina's,Comida rápida,Guido 1532,
-34.59886,-58.37548,Caffe Vergnano,Comida rápida,Avenida Córdoba 602,
-34.59759,-58.37530,Florida Garden,Comida rápida,Paraguay,
-34.61613,-58.37322,La Poesía,Comida rápida,Chile 502,
-34.61127,-58.42092,Las Violetas,Comida rápida,Avenida Rivadavia 3899,
-34.45792,-58.63823,Gulf,Estaciones de servicio,Montevideo,
-34.70647,-58.39193,McDonald's,Comida rápida,Avenida Hipólito Yrigoyen,
-34.59866,-58.43714,La Estrella Del Sur,Comida rápida,Avenida Raúl Scalabrini Ortiz 456,
-34.65935,-58.46771,Buffet Albert Einstein - UTN,Comida rápida,Mozart,
-34.57755,-58.43854,Oui Oui,Comida rápida,Nicaragua 6099,
-34.77471,-58.39770,Café Bicentenario,Comida rápida,Avenida Meeks 1095,
-34.55390,-58.45307,McDonald's,Comida rápida,Monroe,
-34.60291,-58.38646,Starbucks,Comida rápida,Lavalle 1394,
-34.60340,-58.38644,Café Martínez,Comida rápida,Uruguay 463,
-34.60308,-58.38857,Subway,Comida rápida,Lavalle,
-34.60306,-58.38822,Establecimiento General de Café,Comida rápida,Lavalle 1518,
-34.60450,-58.39093,Starbucks,Comida rápida,Avenida Corrientes 1702,
-34.59964,-58.43865,Café Martínez,Comida rápida,Avenida Raúl Scalabrini Ortiz 306,
-34.49614,-58.54733,Felino,Comida rápida,Avenida Fondo de la Legua 280,
-34.49644,-58.54665,Joe´s Grill San Isidro,Comida rápida,"-34.49644, -58.54665",
-34.70800,-58.39194,La Diva,Comida rápida,Avenida 25 De Mayo,
-34.81346,-58.39607,Gomeria,Talleres,"-34.81346, -58.39607",
-34.81949,-58.46920,Lo de Carlitos,Comida rápida,Coronel Manuel Dorrego,
-34.70792,-58.39322,Havanna,Comida rápida,Avenida 25 De Mayo,
-34.59266,-58.38870,Nucha,Comida rápida,"-34.59266, -58.38870",
-34.57911,-58.45464,Le Blé,Comida rápida,Avenida Álvarez Thomas 899,
-34.67957,-58.40393,Galeto,Comida rápida,"-34.67957, -58.40393",
-34.58953,-58.40810,San Cayetano,Comida rápida,Sánchez De Bustamante,
-34.60294,-58.41013,Starbucks,Comida rápida,Avenida Corrientes 3247,
-34.57581,-58.43422,La casita china,Comida rápida,Avenida Santa Fe 5300,
-34.63718,-58.49644,El Fortin,Comida rápida,Donizetti,
-34.77119,-58.40273,Burzako Restoran & Tapas,Comida rápida,Coronel Suárez 88,
-34.57061,-58.44406,Starbucks,Comida rápida,Avenida Cabildo 702,
-34.56875,-58.44391,Starbucks,Comida rápida,Avenida Federico Lacroze 2301,
-34.59606,-58.39313,Starbucks,Comida rápida,Avenida Callao 1087,
-34.59187,-58.41143,Boniato,Comida rápida,Billinghurst 1608,
-34.51035,-58.48736,Gandini Autoservicio,Comida rápida,Ricardo Gutiérrez 1082,
-34.55010,-58.55187,Havanna,Comida rápida,61 - Juan Bautista Alberdi,
-34.54986,-58.55157,YPF,Estaciones de servicio,110 - General Juan Martín de Pueyrredón 301,
-34.54523,-58.54872,Axion,Estaciones de servicio,114 - Carlos María de Alvear,
-34.60227,-58.52849,Tropicana,Comida rápida,403 - Avenida América,
-34.80827,-58.40118,Subway,Comida rápida,Jorge De Kay,
-34.76251,-58.40121,Café Martínez,Comida rápida,Italia 154,
-34.76442,-58.39873,La Veneciana,Comida rápida,José Eusebio Colombres 101,
-34.76168,-58.40133,Subway,Comida rápida,Italia,
-34.59331,-58.41354,Pain du Jour,Comida rápida,Avenida Coronel Díaz 1497,
-34.58933,-58.39345,McDonald's,Comida rápida,Vicente López 2050,
-34.77162,-58.40303,The Cookie Corner,Comida rápida,Coronel Suárez 101,
-34.79292,-58.41738,Havanna Lomas de Zamora,Comida rápida,Avenida Antártida Argentina 799,
-34.57187,-58.43122,Milagrito,Comida rápida,Báez,
-34.57126,-58.43231,La Guitarrita,Comida rápida,Avenida General Indalecio Chenaut,
-34.57206,-58.43135,La Azulada,Comida rápida,Arévalo,
-34.50369,-58.49433,Ramallo Club,Comida rápida,Avenida Maipú 3489,
-34.50547,-58.49340,Forest Dan,Comida rápida,Avenida Maipú 3297,
-34.51102,-58.49085,Subway,Comida rápida,Avenida Maipú,
-34.51323,-58.48912,Ibiza Café,Comida rápida,Avenida Maipú 2393,
-34.51570,-58.48785,Casi Santos,Comida rápida,Avenida Maipú 2209,
-34.51366,-58.48888,Café Martínez,Comida rápida,Avenida Maipú 2347,
-34.60337,-58.37054,A 222,Comida rápida,Avenida Leandro N. Alem,
-34.55840,-58.45955,Burgio,Comida rápida,Avenida Cabildo 2477,
-34.53022,-58.49395,Las cortaderas,Comida rápida,Gobernador Valentín Vergara 2390,
-34.74497,-58.37899,Parrilla Argentina,Comida rápida,Maipú 1198,
-34.61605,-58.38183,McDonald's,Comida rápida,Lima 667,
-34.61659,-58.38178,Café Martínez,Comida rápida,Lima 701,
-34.56600,-58.49458,La Familia,Comida rápida,Manuela Pedraza,
-34.56647,-58.49417,Urquiza MOTOS,Insumos de motos,Avenida Triunvirato 5657,
-34.57044,-58.49108,Jasmin,Comida rápida,Avenida Congreso,
-34.57778,-58.44952,Bar Conde,Comida rápida,Conde 701,
-34.57727,-58.44884,Seven,Comida rápida,Avenida Federico Lacroze,
-34.58128,-58.45015,El Golfo,Comida rápida,Olleros,
-34.58071,-58.45084,Kentucky,Comida rápida,Avenida Álvarez Thomas,
-34.58123,-58.42207,Kentucky,Comida rápida,Avenida Santa Fe 4202,
-34.55502,-58.48436,El Viejo Tucho,Comida rápida,Avenida Doctor Ricardo Balbín,
-34.55473,-58.48619,La Farola,Comida rápida,Avenida Doctor Ricardo Balbín 3991,
-34.59591,-58.49594,El Mesón de Guadalupe,Comida rápida,Avenida Francisco Beiró 3019,
-34.62526,-58.37097,Bar Británico,Comida rápida,Brasil 399,
-34.62528,-58.37124,El Hipopótamo,Comida rápida,Brasil 401,
-34.61546,-58.41599,Shell 1482,Estaciones de servicio,Avenida Belgrano,
-34.57129,-58.44257,Santillo,Comida rápida,Avenida Cabildo 548,
-34.77615,-58.39543,Rialto,Comida rápida,Fray Justo Santa María de Oro 104,
-34.54120,-58.51649,Dakar Motos,Talleres,Carlos Tejedor,
-34.59320,-58.37606,Starbucks,Comida rápida,Avenida Maipú 1270,
-34.60325,-58.37648,Tienda de Café,Comida rápida,Avenida Corrientes,
-34.60863,-58.37757,Tienda de Café,Comida rápida,Avenida De Mayo,
-34.60912,-58.38016,Import,Comida rápida,Avenida de Mayo 970,
-34.62073,-58.37132,Starbucks,Comida rápida,Defensa 1102,
-34.61790,-58.38177,Shell,Estaciones de servicio,Avenida Independencia,
-34.62555,-58.41592,Mino,Comida rápida,Avenida San Juan 3594,
-34.62107,-58.41635,Mi Barrio hamburguesería Boedo,Comida rápida,Avenida Independencia 3600,
-34.62145,-58.41633,Mostaza,Comida rápida,Avenida Boedo,
-34.60814,-58.37508,Burger King,Comida rápida,Perú,
-34.60793,-58.37484,Starbucks,Comida rápida,Florida 1,
-34.59480,-58.41368,Petit Bon Bon,Comida rápida,Soler,
-34.59398,-58.41803,Palermo Vecchio,Comida rápida,Honduras 3895,
-34.56036,-58.45647,Tienda de Café,Comida rápida,Mendoza,
-34.55637,-58.45171,Ya-Mi Food,Comida rápida,Arribeños 2288,
-34.55073,-58.45314,Almacén de Pizzas,Comida rápida,Avenida Del Libertador 6700,
-34.55609,-58.45166,Michelle,Comida rápida,Olazábal 1699,
-34.55651,-58.45005,Nobiru,Comida rápida,Mendoza 1627,
-34.56003,-58.45298,Havanna,Comida rápida,Avenida Juramento 2002,
-34.54166,-58.46965,El Puntal,Comida rápida,Ramallo,
-34.59227,-58.41307,Todo Tartas,Comida rápida,General Lucio Norberto Mansilla 3410,
-34.54303,-58.47241,La Farola de Saavedra,Comida rápida,Avenida Cabildo,
-34.57842,-58.42623,Dean & Dennys,Comida rápida,Avenida Santa Fe 4650,
-34.57940,-58.42468,La Panadería,Comida rápida,Avenida Santa Fe 4502,
-34.55600,-58.45146,Gusto,Comida rápida,Olazábal 1679,
-34.78646,-58.45384,YPF,Estaciones de servicio,Ruta De La Tradición,
-34.54713,-58.47001,La Continental,Comida rápida,Avenida Cabildo 3990,
-34.77815,-58.40572,Parrilla Lo de Claudio,Comida rápida,Avenida Hipólito Yrigoyen,
-34.56090,-58.45704,NutriMax,Comida rápida,Mendoza 2366,
-34.56060,-58.45653,Trama,Comida rápida,Mendoza 2304,
-34.54582,-58.47089,Rox,Comida rápida,Avenida Cabildo,
-34.56070,-58.45706,Larreta,Comida rápida,Mendoza 2369,
-34.60240,-58.38939,Lo de Amira,Comida rápida,Montevideo,
-34.58210,-58.40450,Kyodo,Comida rápida,Avenida Ortiz de Ocampo 2670,
-34.58567,-58.41296,Faricci,Comida rápida,"-34.58567, -58.41296",
-34.58536,-58.41099,Piacere,Comida rápida,Jerónimo Salguero 2296,
-34.58055,-58.40843,Bakano Pizza,Comida rápida,Jerónimo Salguero 2695,
-34.58347,-58.41354,Tienda de café,Comida rápida,Juncal,
-34.48325,-58.48945,Starbucks,Comida rápida,Avenida del Libertador 13891,
-34.48852,-58.49829,Arenales Resto & Cafe,Comida rápida,General Alvear 201,
-34.48847,-58.49858,Café Martínez,Comida rápida,General Alvear 200,
-34.48153,-58.50565,Shell,Estaciones de servicio,Avenida Santa Fe 960,
-34.56205,-58.45598,Watson's,Comida rápida,Vuelta de Obligado 2070,
-34.45271,-58.53889,Shell,Estaciones de servicio,Avenida Presidente Teniente General Juan Domingo Perón 3102,
-34.45324,-58.53836,El Andén,Comida rápida,Avenida Presidente Teniente General Juan Domingo Perón 3212,
-34.43979,-58.55814,Pompeii,Comida rápida,Constitución 900,
-34.45301,-58.53944,La Barbería,Comida rápida,Santamarina 1103,
-34.55520,-58.45394,Mauro.it,Comida rápida,11 De Septiembre De 1888,
-34.55580,-58.45082,Lo de Pepi,Comida rápida,Olazábal 1634,
-34.55604,-58.45196,HLY,Comida rápida,Arribeños,
-34.55530,-58.45229,El Pobre Luis,Comida rápida,Blanco Encalada,
-34.60518,-58.38760,Wok Express,Comida rápida,Sarmiento,
-34.60298,-58.38274,Café Martínez,Comida rápida,Avenida Presidente Roque Sáenz Peña 1141,
-34.60300,-58.38757,Foja Cero,Comida rápida,Lavalle,
-34.60396,-58.38801,La Faina,Comida rápida,Avenida Corrientes,
-34.60426,-58.38773,Bonafide,Comida rápida,Avenida Corrientes,
-34.60430,-58.38803,Kentucky,Comida rápida,Avenida Corrientes,
-34.53751,-58.57835,El barba,Insumos de motos,Diagonal 190 - Brigadier General Juan Manuel De Rosas,
-34.44054,-58.55719,Blossom San Fernando,Comida rápida,Constitución 1002,
-34.72946,-58.50497,YPF,Estaciones de servicio,Ruta De La Tradición,
-34.57480,-58.44751,Faricci,Comida rápida,Avenida Federico Lacroze,
-34.59968,-58.43920,McDonald's,Comida rápida,Avenida Corrientes 5230,
-34.55244,-58.45468,Parrilla Amiga,Comida rápida,Manuel Ugarte,
-34.55257,-58.45424,El As de Espadas,Comida rápida,Manuel Ugarte,
-34.58376,-58.39232,Colette,Comida rápida,Avenida Presidente Figueroa Alcorta,
-34.53212,-58.46664,Mostaza,Comida rápida,Juan Carlos Cruz,
-34.53231,-58.46655,Tentissimo,Comida rápida,Juan Carlos Cruz,
-34.55842,-58.45516,Olazábal Sushi,Comida rápida,Olazábal 2076,
-34.60935,-58.45017,GNC,Estaciones de servicio,Avenida Gaona,
-34.61680,-58.46639,Shell,Estaciones de servicio,"-34.61680, -58.46639",
-34.55012,-58.45307,Norimōto,Comida rápida,Avenida Del Libertador 6739,
-34.63954,-58.53023,Ugi's,Comida rápida,137 - Avenida Rivadavia 11704,
-34.56069,-58.45670,1810,Comida rápida,Mendoza 2320,
-34.49202,-58.50784,Pizza Roon,Comida rápida,Rodríguez Peña 599,
-34.48746,-58.49725,El Portugués,Comida rápida,Eduardo Costa 1960,
-34.48759,-58.49715,Maverick,Comida rápida,Eduardo Costa 1998,
-34.48823,-58.49728,Santina,Comida rápida,Doctor Guillermo Rawson,
-34.48178,-58.50550,Colonial,Comida rápida,General Justo José de Urquiza 1002,
-34.56260,-58.45747,Baviera,Comida rápida,Ciudad de la Paz 2099,
-34.56353,-58.45703,Havanna,Comida rápida,Echeverría 2501,
-34.56236,-58.45748,San Cayetano,Comida rápida,Juramento 2465,
-34.55793,-58.45715,La Posada,Comida rápida,Cuba 2401,
-34.60951,-58.38636,Mostaza,Comida rápida,Avenida de Mayo 1402,
-34.42332,-58.57968,Subway,Comida rápida,Avenida Daniel M. Cazón 1519,
-34.54174,-58.47478,Küne,Comida rápida,Deheza,
-34.56096,-58.45315,Mimí,Comida rápida,Arcos,
-34.55954,-58.45446,Sassi's,Comida rápida,Arcos 2191,
-34.54505,-58.45999,Rojo Negro,Comida rápida,Crisólogo Larralde,
-34.56206,-58.45361,Möoi,Comida rápida,Cuba,
-34.64633,-58.62046,Sere Cafe Bar,Comida rápida,General Machado 861,
-34.60220,-58.37396,La Pipeta,Comida rápida,San Martín 498,
-34.63599,-58.42320,Pan y Teatro,Comida rápida,Las Casas,
-34.63461,-58.42204,Boedo Antiguo,Comida rápida,Jose Marmol 1692,
-34.63939,-58.52740,Mostaza,Comida rápida,Avenida Rivadavia 11576,
-34.61019,-58.40444,Spiga,Comida rápida,Avenida Rivadavia 2700,
-34.48918,-58.49996,Bonafide,Comida rápida,General Alvear 62,
-34.46857,-58.50151,Lo de Nacho,Comida rápida,Roque Sáenz Peña 1061,
-34.75711,-58.20732,Repuestos Rodi,Talleres,Avenida Mitre 1140,
-34.75276,-58.21552,Puma,Estaciones de servicio,Avenida Mitre,
-34.55802,-58.44681,Havanna,Comida rápida,Avenida Del Libertador 5882,
-34.55546,-58.46221,La Farola de Nuñez,Comida rápida,Avenida Cabildo 2899,
-34.55699,-58.46083,Sushi Burger,Comida rápida,Avenida Cabildo 2629,
-34.55926,-58.45260,Quo Vadis,Comida rápida,Zavalía,
-34.55368,-58.46403,Subway,Comida rápida,Avenida Cabildo,
-34.55616,-58.46221,Havanna,Comida rápida,Avenida Cabildo 2812,
-34.55622,-58.46217,Fiorire,Comida rápida,Avenida Cabildo 2812,
-34.75908,-58.20512,Shell,Estaciones de servicio,Avenida Mitre,
-34.62438,-58.40590,Ugi's,Comida rápida,Avenida San Juan,
-34.60957,-58.57144,YPF,Estaciones de servicio,618 - Avenida Bartolomé Mitre,
-34.55683,-58.45024,Fujisan,Comida rápida,Mendoza 1650,
-34.55835,-58.45308,Pepa's,Comida rápida,Mendoza 1901,
-34.56560,-58.45524,Pepper,Comida rápida,La Pampa 2502,
-34.44006,-58.55779,Havanna,Comida rápida,Constitución 968,
-34.80574,-58.43955,YPF,Estaciones de servicio,Santa Catalina,
-34.55457,-58.45152,Coppelia,Comida rápida,Blanco Encalada,
-34.55793,-58.45996,McDonald's,Comida rápida,Avenida Cabildo 2523,
-34.55496,-58.45115,Lo de Guille,Comida rápida,Montañeses,
-34.52156,-58.51340,Puma,Estaciones de servicio,Esteban Echeverría 2840,
-34.56492,-58.45557,Downtown Deli,Comida rápida,Ciudad De La Paz,
-34.56453,-58.45587,Crisol,Comida rápida,Ciudad De La Paz,
-34.56117,-58.45908,Fame,Comida rápida,Ciudad De La Paz,
-34.56954,-58.47928,Manggiare,Comida rápida,"-34.56954, -58.47928",
-34.56768,-58.54038,La Casita,Comida rápida,77 - Riobamba,
-34.55606,-58.45021,Succex,Talleres,Montañeses 2240,
-34.60895,-58.37500,Kentucky,Comida rápida,Perú,
-34.81029,-58.25953,YPF,Estaciones de servicio,Teniente General Juan Domingo Perón,
-34.59107,-58.40442,Sweetly,Comida rápida,Beruti 2802,
-34.55547,-58.45964,Central Pan,Comida rápida,Manuel Ugarte,
-34.54686,-58.49566,La Nueva Calesita,Comida rápida,Esteban Echeverría 110,
-34.55513,-58.46148,Café Sur,Comida rápida,Congreso,
-34.55337,-58.45872,Lo de Lalo,Comida rápida,Congreso 2011,
-34.55257,-58.45278,The Class,Comida rápida,Franklin Delano Roosevelt,
-34.53669,-58.46656,Pina,Comida rápida,Pico,
-34.54916,-58.46832,Frida,Comida rápida,Avenida Cabildo 3698,
-34.55867,-58.44769,Lately,Comida rápida,Montañeses,
-34.56209,-58.45699,Pancho Factory,Comida rápida,Avenida Cabildo 2405,
-34.56616,-58.45269,Coper,Comida rápida,Avenida Cabildo 1602,
-34.57934,-58.42476,Ugis,Comida rápida,Avenida Santa Fe,
-34.58904,-58.40985,Ristretto,Comida rápida,Avenida Santa Fe,
-34.56794,-58.44846,Café Martínez,Comida rápida,Avenida Cabildo 1253,
-34.55773,-58.44874,Noodles,Comida rápida,Montañeses 2074,
-34.56223,-58.45200,Sucre,Comida rápida,Mariscal Antonio José De Sucre,
-34.55778,-58.45018,Dragón Porteño,Comida rápida,Arribeños 2137,
-34.55291,-58.45264,Barra Chalaca,Comida rápida,Montañeses,
-34.58933,-58.39939,Don Hilario,Comida rápida,Peña 2475,
-34.59155,-58.39827,Los Pinos,Comida rápida,Azcuénaga 1500,
-34.59287,-58.39721,La Querencia,Comida rápida,Junín,
-34.58969,-58.39836,Moisha,Comida rápida,Larrea,
-34.59281,-58.39736,Los Maestros,Comida rápida,Presidente José Evaristo Uriburu 1305,
-34.58945,-58.39819,Mooi,Comida rápida,Larrea,
-34.74350,-58.39184,Aurora,Comida rápida,Maipú 299,
-34.61167,-58.42114,Pizzería Tuñin,Comida rápida,Avenida Rivadavia 3902,
-34.50981,-58.49155,Cheri,Comida rápida,Avenida Maipú 2802,
-34.54283,-58.47730,Broa,Comida rápida,Crámer 4599,
-34.68784,-58.55798,Shell,Estaciones de servicio,Avenida Diego Armando Maradona,
-34.66667,-58.59903,Puma,Estaciones de servicio,Avenida Diego Armando Maradona,
-34.66018,-58.61452,Puma,Estaciones de servicio,Avenida Hipólito Yrigoyen,
-34.65072,-58.61753,Café del Encuentro,Comida rápida,"-34.65072, -58.61753",
-34.55742,-58.46106,La Farola,Comida rápida,Avenida Cabildo 2630,
-34.56111,-58.46014,El Coccoroco,Comida rápida,Amenábar 2301,
-34.55273,-58.45137,El Monumental,Comida rápida,Avenida Del Libertador 6434,
-34.65049,-58.61721,Morón Plaza,Comida rápida,Almirante Brown,
-34.58305,-58.41930,La Estancia,Comida rápida,Avenida Santa Fe 3954,
-34.55501,-58.45695,La Casona de L' Abuela,Comida rápida,Franklin Delano Roosevelt,
-34.55511,-58.45435,Siga la Vaca Express,Comida rápida,Monroe 1802,
-34.67540,-58.58897,Panchos 69,Comida rápida,Avenida Diego Armando Maradona,
-34.59418,-58.40377,La Tolva,Comida rápida,Ecuador,
-34.55665,-58.45117,Palitos,Comida rápida,Arribeños 2245,
-34.55551,-58.45550,Paréntesis,Comida rápida,"-34.55551, -58.45550",
-34.55539,-58.45530,Matutino,Comida rápida,Monroe 1895,
-34.55630,-58.46122,Café del Doge,Comida rápida,Manuel Ugarte 2384,
-34.55634,-58.45723,Pimientos,Comida rápida,Arcos 2521,
-34.55572,-58.45306,Autovisiones,Talleres,Blanco Encalada 1750,
-34.77454,-58.39560,Las Maestras,Comida rápida,14 de Julio 20,
-34.59662,-58.37424,Filo Restaurante,Comida rápida,San Martin 975,
-34.59682,-58.37422,Dadá Bistró,Comida rápida,San Martín 941,
-34.59743,-58.37339,Mumbai Mahal,Comida rápida,Paraguay 426,
-34.55667,-58.46175,Fornaro,Comida rápida,Avenida Cabildo,
-34.59614,-58.37424,Niza,Comida rápida,Marcelo T. De Alvear,
-34.61412,-58.43764,La Tolva,Comida rápida,Avellaneda,
-34.60789,-58.56232,Pinocha Pizza & Café,Comida rápida,643 - Avenida del Libertador General José de San Martín 2785,
-34.59786,-58.37323,Barbaro,Comida rápida,Tres Sargentos,
-34.59835,-58.37272,Black & White,Comida rápida,Reconquista,
-34.59785,-58.37353,Kaffir Thai,Comida rápida,Tres Sargentos,
-34.59666,-58.37322,Rigoleto,Comida rápida,Reconquista,
-34.59270,-58.38568,Moliere,Comida rápida,Juncal,
-34.53970,-58.46634,Checho,Comida rápida,Ramallo,
-34.61009,-58.39920,Empanadas La Tranquera,Comida rápida,Pichincha 37,
-34.58928,-58.49583,Maria Mia,Comida rápida,Avenida Salvador María Del Carril,
-34.58892,-58.49784,La Emiliana,Comida rápida,Terrada,
-34.58507,-58.49992,Rincón norteño,Comida rápida,Avenida General Mosconi,
-34.59124,-58.50069,Renatto Cucina Italiana,Comida rápida,Pareja 3050,
-34.59229,-58.50102,Bien de Bien,Comida rápida,Avenida Salvador María Del Carril,
-34.59449,-58.47903,Centro de Estudiantes,Comida rápida,Avenida Chorroarín,
-34.59077,-58.48397,La Cabra Dorada,Comida rápida,Avenida San Martín 4453,
-34.61732,-58.53150,Naturgy,Estaciones de servicio,326 - Román Gómez,
-34.56238,-58.45805,La Dorita,Comida rápida,Juramento 2527,
-34.55367,-58.45242,Planeta,Comida rápida,Monroe,
-34.55349,-58.45212,Mago,Comida rápida,Montañeses,
-34.72764,-58.36865,Pizzeria Lo de Pipi,Comida rápida,Centenario Uruguayo,
-34.74325,-58.39274,Juancito,Comida rápida,Maipú 230,
-34.74330,-58.39231,Negro El 11,Comida rápida,Maipú 258,
-34.59831,-58.43660,Bar - Café - Minutas,Comida rápida,Juan Ramírez de Velasco 502,
-34.59790,-58.43591,Michelin Performance Center,Gomerías,Avenida Raúl Scalabrini Ortiz 550,
-34.59870,-58.43916,Balcarce,Comida rápida,Malabia 445,
-34.59884,-58.43970,Massaro,Comida rápida,Avenida Corrientes 5301,
-34.59858,-58.43928,T'Cocino,Comida rápida,Malabia 452,
-34.56371,-58.47720,Aloha,Comida rápida,Estomba,
-34.56440,-58.47678,Comida China,Comida rápida,Manuel Ugarte 3914,
-34.56467,-58.47525,Restaurante Vicente,Comida rápida,Doctor Pedro Ignacio Rivera 3801,
-34.60853,-58.37628,Café Martínez,Comida rápida,Avenida de Mayo 699,
-34.49523,-58.54700,Demetria,Comida rápida,Von Wernicke 3065,
-34.59712,-58.43425,1893,Comida rápida,Avenida Raúl Scalabrini Ortiz 701,
-34.59693,-58.43437,Julio,Comida rápida,Avenida Raúl Scalabrini Ortiz 708,
-34.55650,-58.45002,Nobiru,Comida rápida,Mendoza 1627,
-34.76009,-58.39609,Mostaza,Comida rápida,Julio Fonrouge 103,
-34.74339,-58.39272,Café de la Pausa,Comida rápida,Maipú,
-34.79008,-58.27902,Fiat San Martin,Talleres,Avenida San Martín,
-34.55482,-58.44955,Starbucks,Comida rápida,Avenida Del Libertador 6200,
-34.74310,-58.39486,Tutto Caffe,Comida rápida,Maipú,
-34.76863,-58.43840,Shell,Estaciones de servicio,Avenida Juan Xxiii,
-34.66394,-58.36273,ACA,Estaciones de servicio,Avenida Bartolomé Mitre,
-34.74982,-58.39866,Espacio Las Heras,Comida rápida,Avenida Juan Gregorio de las Heras 201,
-34.77470,-58.39744,Vieja Esquina,Comida rápida,Nicolás Avellaneda,
-34.77476,-58.39560,Boutique de Pan,Comida rápida,14 De Julio,
-34.59015,-58.40535,Bonafide,Comida rápida,Agüero,
-34.58948,-58.40431,La Particular,Comida rápida,Agüero,
-34.58917,-58.40193,Sabores,Comida rápida,Laprida 1802,
-34.60994,-58.40057,Kentucky,Comida rápida,Avenida Rivadavia,
-34.59269,-58.40137,San Miguel,Comida rápida,Avenida Pueyrredón 1599,
-34.77883,-58.39712,El Club,Comida rápida,Avenida Meeks 1457,
-34.74358,-58.38862,Ahiara,Comida rápida,Viamonte 1525,
-34.77775,-58.40711,Turincar,Talleres,Carlos Guido Y Spano,
-34.56307,-58.45625,Ilulight,Comida rápida,Echeverría 2495,
-34.55672,-58.45112,Rest Apu,Comida rápida,Arribeños 2243,
-34.54477,-58.52654,Puma,Estaciones de servicio,General José De San Martín,
-34.75069,-58.39436,Las Brasas,Comida rápida,Gallo,
-34.75670,-58.39549,Gomería,Gomerías,Avenida Alsina,
-34.80035,-58.39717,Lo de Carlitos,Comida rápida,Francisco Seguí 669,
-34.80052,-58.39741,Café Martínez,Comida rápida,Francisco Seguí 661,
-34.80974,-58.40093,Bandera Blanca,Estaciones de servicio,General José María Paz,
-34.63542,-58.48779,Plaza del Sol,Comida rápida,Avenida Olivera,
-34.62392,-58.38989,Almacén Bar y Picadas,Comida rápida,Cochabamba,
-34.57914,-58.47924,Tienda de Café,Comida rápida,Avenida Triunvirato 4102,
-34.60638,-58.51065,Cafe de Garcia,Comida rápida,Sanabria 3302,
-34.59203,-58.39739,TequeGusta,Comida rápida,French 2220,
-34.59167,-58.39600,Cala,Comida rápida,Junín,
-34.59241,-58.39544,Brut Nature,Comida rápida,Peña,
-34.61615,-58.43769,Ugi's,Comida rápida,Avenida Acoyte,
-34.59689,-58.41439,Gonzalo,Comida rápida,"-34.59689, -58.41439",
-34.59002,-58.40046,Havanna,Comida rápida,Avenida Pueyrredón 1802,
-34.59081,-58.40050,Starbucks,Comida rápida,Avenida Pueyrredón 1761,
-34.59135,-58.39692,El Burladero,Comida rápida,Presidente José Evaristo Uriburu 1488,
-34.73936,-58.23846,YPF,Estaciones de servicio,Avenida Mitre,
-34.59162,-58.37969,L'Abeille,Comida rápida,Arroyo 872,
-34.64149,-58.48781,YPF,Estaciones de servicio,Avenida Juan Bautista Alberdi,
-34.62933,-58.48841,La Farola,Comida rápida,Segurola,
-34.63002,-58.48748,Puerto Deseado,Comida rápida,Segurola,
-34.63014,-58.48693,Pizza Pizza,Comida rápida,Segurola,
-34.62981,-58.49498,Honda Service,Insumos de motos,Avenida Juan Bautista Justo,
-34.58351,-58.41315,Mc Nor,Comida rápida,Juncal 3599,
-34.76584,-58.27369,Gomeria,Talleres,Ceferino Namuncurá,
-34.78624,-58.25629,Gomeria,Talleres,Avenida Calchaquí,
-34.78612,-58.25720,Gomeria,Talleres,Hernando De Magallanes,
-34.79409,-58.24668,Gomeria,Talleres,Calle 23,
-34.78693,-58.25563,Parrilla Parador 54,Comida rápida,Ruta Provincial 36,
-34.78649,-58.25607,Parrilla,Comida rápida,Avenida 14 - Gastón Fourvel Rigolleau,
-34.72549,-58.30179,Shell,Estaciones de servicio,Avenida Los Quilmes,
-34.78790,-58.25475,Shell,Estaciones de servicio,Ruta Provincial 36,
-34.73621,-58.29473,YPF,Estaciones de servicio,"-34.73621, -58.29473",
-34.79222,-58.24985,YPF,Estaciones de servicio,Ruta Provincial 36,
-34.76125,-58.27792,Shell,Estaciones de servicio,Doctor José Alcides Craviotto,
-34.82856,-58.21984,VSB,Estaciones de servicio,Iberia,
-34.57660,-58.48301,Starbucks,Comida rápida,Avenida Triunvirato 4402,
-34.48863,-58.49848,Café 1640,Comida rápida,Arenales 199,
-34.53982,-58.46654,Súper Wok,Comida rápida,Ramallo 1791,
-34.54959,-58.46325,China Wok,Comida rápida,Manuela Pedraza 2069,
-34.55195,-58.45140,Michi,Comida rápida,Tegucigalpa,
-34.53430,-58.47795,Café Martínez,Comida rápida,Adolfo Alsina,
-34.61277,-58.37050,Café Martínez,Comida rápida,Balcarce 420,
-34.56092,-58.45599,Croque Madame,Comida rápida,Vuelta de Obligado 2155,
-34.59263,-58.43877,Cancha,Comida rápida,Loyola 902,
-34.55353,-58.46482,New Coffe,Comida rápida,Avenida Cabildo 3102,
-34.55733,-58.45768,El Gran Secreto,Comida rápida,Cuba,
-34.56310,-58.47769,La Unión,Comida rápida,Avenida Congreso 3899,
-34.56189,-58.47306,Parrilla Aires de Campo,Comida rápida,Manuel Ugarte,
-34.56236,-58.47404,Todo Relleno,Comida rápida,Avenida Melián 2823,
-34.64519,-58.59443,Veinticinco,Comida rápida,Remedios De Escalada De San Martín,
-34.64512,-58.49511,El Viejo Torino,Comida rápida,Avenida Juan Bautista Alberdi 4902,
-34.56140,-58.45061,Aldonza,Comida rápida,Mariscal Antonio José De Sucre,
-34.56081,-58.45689,Al Rayan,Comida rápida,Mendoza 2350,
-34.56083,-58.45693,Al Rayan,Comida rápida,Mendoza 2350,
-34.55639,-58.44453,COR-TE Charcutería,Comida rápida,Miñones,
-34.55494,-58.44207,Mendieta,Comida rápida,Echeverría,
-34.55717,-58.45069,Chinatown,Comida rápida,Mendoza 1700,
-34.58091,-58.42251,McDonald's,Comida rápida,Avenida Santa Fe 4280,
-34.58460,-58.41652,Confitería del Botánico,Comida rápida,Avenida Santa Fe 3799,
-34.58514,-58.41626,Accademia della Pizza,Comida rápida,Avenida Santa Fe 3602,
-34.58969,-58.40951,Havanna,Comida rápida,Avenida Santa Fe 3150,
-34.59690,-58.40341,Subway,Comida rápida,Avenida Pueyrredón,
-34.60732,-58.40630,McDonald's,Comida rápida,Avenida Pueyrredón,
-34.56568,-58.46029,Teglia,Comida rápida,Avenida Crámer 1997,
-34.56496,-58.46138,Delicity,Comida rápida,Avenida Crámer 2100,
-34.56313,-58.46142,La Tradición,Comida rápida,Vidal,
-34.54739,-58.46540,Tucson,Comida rápida,Arcos 3630,
-34.56154,-58.45873,Diva,Comida rápida,Ciudad De La Paz,
-34.81114,-58.28315,Gomería La Plaza,Talleres,Estados Unidos De América,
-34.57469,-58.48480,Al Rayan,Comida rápida,Blanco Encalada,
-34.62047,-58.37136,Nueva Plaza,Comida rápida,Defensa 1084,
-34.62076,-58.37152,Iceland,Comida rápida,Defensa 1105,
-34.62073,-58.37174,Café del Arbol,Comida rápida,Humberto I 424,
-34.61601,-58.37057,Medio y Medio,Comida rápida,Chile,
-34.61604,-58.37090,Lo de Carlitos,Comida rápida,Chile 346,
-34.61606,-58.37103,Zoom Resto-Bar,Comida rápida,Chile,
-34.61610,-58.37136,Los Gauchos,Comida rápida,Chile,
-34.61787,-58.37174,El Desnivel,Comida rápida,Defensa 855,
-34.61608,-58.37153,El Gol de San Telmo,Comida rápida,Chile,
-34.55667,-58.45033,Panda Express,Comida rápida,Mendoza,
-34.56336,-58.44978,La Casa de Addan,Comida rápida,O'Higgins 1731,
-34.56419,-58.45289,Il Vecchio,Comida rápida,La Pampa,
-34.42186,-58.57983,McCafé,Comida rápida,General Bartolomé Mitre,
-34.79836,-58.39267,Subway,Comida rápida,Esteban Adrogué 1017,
-34.57123,-58.53811,Fillazzo,Comida rápida,79 - Ayacucho,
-34.61495,-58.37353,El Histórico,Comida rápida,México 524,
-34.56771,-58.46361,El Torreón,Comida rápida,Echeverría 3202,
-34.56603,-58.47258,Parrilla Gran Caruso,Comida rápida,Washington 2502,
-34.63294,-58.48388,Venancio,Comida rápida,General Venancio Flores,
-34.64399,-58.59067,Empanadas de 10,Comida rápida,Carlos Tejedor,
-34.56320,-58.45122,Café Martínez,Comida rápida,La Pampa 2094,
-34.56334,-58.45143,Havanna,Comida rápida,Arcos,
-34.55247,-58.44989,Club Milanesa,Comida rápida,Monroe,
-34.55345,-58.44900,Deli Store,Comida rápida,Migueletes,
-34.55428,-58.44861,A lo de Víctor,Comida rápida,Olazábal 1421,
-34.55437,-58.44836,Mi Barrio Hamburguesería,Comida rápida,Olazábal 1422,
-34.64474,-58.59086,Cha Bar,Comida rápida,Pasaje La Porteña,
-34.45436,-58.57651,Bonafide,Comida rápida,Avenida Hipólito Yrigoyen,
-34.54605,-58.48855,Starbucks,Comida rápida,Vedia 3626,
-34.81082,-58.49199,Shell,Estaciones de servicio,Avenida V. Fair,
-34.81643,-58.47161,Hamburga,Comida rápida,Avenida Dardo Rocha,
-34.81662,-58.47150,Piu Ristorante,Comida rápida,Coronel Manuel Dorrego,
-34.81674,-58.47141,Restaurante 1889,Comida rápida,Coronel Manuel Dorrego,
-34.81683,-58.46959,El Faro,Comida rápida,Vicente López Y Planes,
-34.82012,-58.46698,Axion,Estaciones de servicio,Vicente López Y Planes,
-34.81578,-58.47061,Más Pizza,Comida rápida,Vicente López Y Planes,
-34.82356,-58.47350,YPF,Estaciones de servicio,Cristóbal Colón,
-34.42404,-58.57858,Bonafide,Comida rápida,Avenida Daniel M. Cazón 1401,
-34.42336,-58.58004,EN Estado Natural,Comida rápida,Avenida Daniel M. Cazón 1544,
-34.61592,-58.37180,Bar Seddon,Comida rápida,Defensa 695,
-34.82585,-58.18378,Gomeria,Talleres,Camino General Belgrano,
-34.60907,-58.38451,Los 36 Billares,Comida rápida,Avenida de Mayo 1265,
-34.57441,-58.44886,La balada cafe-bar,Comida rápida,Teodoro García 2920,
-34.62584,-58.43266,El Rinconcito de Caballito,Comida rápida,Avenida Pedro Goyena 400,
-34.60258,-58.37906,El Gaucho,Comida rápida,Lavalle 870,
-34.55739,-58.45079,Los Manjares,Comida rápida,Arribeños 2186,
-34.55748,-58.45068,Casa Fortuna,Comida rápida,Arribeños 2168,
-34.58815,-58.37241,Pizzas El Ombu,Comida rápida,Avenida Doctor José María Ramos Mejía,
-34.58716,-58.37352,Restorán,Comida rápida,Puente 2,
-34.59434,-58.37139,Subway,Comida rápida,Avenida Eduardo Madero,
-34.61282,-58.37891,Subway,Comida rápida,Avenida Belgrano,
-34.55321,-58.46674,Boutique de Pizzas,Comida rápida,Ciudad De La Paz,
-34.55147,-58.46805,El Encuentro,Comida rápida,Juana Azurduy,
-34.54418,-58.47357,Tienda de Café,Comida rápida,Avenida San Isidro Labrador 4408,
-34.54290,-58.47421,Deniro,Comida rápida,Avenida San Isidro Labrador,
-34.49741,-58.49739,Shell,Estaciones de servicio,Paraná 2858,
-34.49308,-58.49893,Blossom Martínez,Comida rápida,Edison 10,
-34.57538,-58.44026,Amores Porteños,Comida rápida,Santos Dumont,
-34.57740,-58.43877,Iceland,Comida rápida,Avenida Dorrego 2202,
-34.57679,-58.43958,Lo de Coki,Comida rápida,Amenábar,
-34.62063,-58.46114,Romero,Comida rápida,Avenida Boyacá 825,
-34.81034,-58.25989,VSB,Estaciones de servicio,Teniente General Juan Domingo Perón,
-34.47731,-58.55500,7-Eleven,Comida rápida,Avenida Sucre 2181,
-34.48060,-58.55352,Subway,Comida rápida,Juan Segundo Fernández,
-34.67689,-58.37241,Como en Casa,Comida rápida,Comandante Lucena,
-34.60170,-58.45219,Retaurant Chino Liz,Comida rápida,Escalada De San Martín,
-34.78952,-58.27839,GNC La Curva,Estaciones de servicio,Avenida San Martín,
-34.80673,-58.27620,Via Cosenza,Comida rápida,San Juan,
-34.84564,-58.27890,Gomería Miriam,Talleres,Avenida Eva Perón,
-34.75967,-58.20493,Bonafide,Comida rápida,Avenida 14 - Juan Domingo Perón 5179,
-34.76523,-58.19836,GNC,Estaciones de servicio,Avenida Presidente Néstor Kirchner,
-34.59930,-58.43434,Rolaso,Comida rápida,Aguirre,
-34.43946,-58.55543,Pizza Don Pepe,Comida rápida,Avenida del Libertador 1042,
-34.61014,-58.38746,Vittorio,Comida rápida,Hipólito Yrigoyen 1494,
-34.61929,-58.37261,Coffee town,Comida rápida,Carlos Calvo,
-34.60166,-58.43213,La Dignidas,Comida rápida,Aguirre,
-34.67345,-58.47647,YPF,Estaciones de servicio,Dellepiane Sur,
-34.67304,-58.47793,YPF,Estaciones de servicio,Zelarrayán,
-34.67301,-58.47850,YPF,Estaciones de servicio,Oliden,
-34.60753,-58.37487,Mostaza,Comida rápida,Florida,
-34.58554,-58.43110,Kasoku Sushi Palermo,Comida rápida,Costa Rica 5198,
-34.73631,-58.39782,Gulf,Estaciones de servicio,"-34.73631, -58.39782",
-34.42820,-58.57339,Neumáticos Santa María,Gomerías,Avenida Daniel M. Cazón 905,
-34.42356,-58.57930,Todo Pizza,Comida rápida,Avenida Daniel M. Cazón,
-34.75951,-58.40076,La Veneciana,Comida rápida,Mariano Boedo,
-34.76411,-58.40176,La Veneciana,Comida rápida,José Eusebio Colombres,
-34.76306,-58.40163,La Riviera,Comida rápida,Mariano Sánchez De Loria,
-34.76394,-58.40173,Pizza Lo+ Hot,Comida rápida,Italia,
-34.76430,-58.40177,Mostaza,Comida rápida,Italia,
-34.76529,-58.40175,Starbucks,Comida rápida,Italia 406,
-34.61855,-58.38007,Musel,Comida rápida,Estados Unidos 1000,
-34.60882,-58.38050,La Gayola,Comida rápida,Avenida De Mayo,
-34.60269,-58.42400,Jimbo,Comida rápida,Gascón,
-34.44036,-58.64269,ACA,Estaciones de servicio,Camino Bancalari - Benavídez,
-34.60906,-58.37475,Cabildo de Buenos Aires,Comida rápida,Hipólito Yrigoyen,
-34.58785,-58.39537,Club de la Milanesa,Comida rápida,Azcuénaga,
-34.61802,-58.37027,Che Taco,Comida rápida,Balcarce 873,
-34.60892,-58.37691,Parrilla al carbón Mi Sueño,Comida rápida,Avenida De Mayo,
-34.61212,-58.38198,Pizzeria UGIS,Comida rápida,Lima,
-34.81281,-58.53926,Tango Bar,Comida rápida,Acceso Al Terminal De Exportación Particulares,
-34.61362,-58.37262,karaoke,Comida rápida,"-34.61362, -58.37262",
-34.58665,-58.43330,Shawarma Honduras,Comida rápida,Honduras 5328,
-34.58058,-58.43760,Siamo Nel Forno,Comida rápida,Costa Rica 5886,
-34.60815,-58.37589,Chino Central,Comida rápida,"-34.60815, -58.37589",
-34.61575,-58.37046,Moliere,Comida rápida,Chile 299,
-34.43267,-58.58591,Restaurant La Miguela,Comida rápida,Luis García,
-34.72710,-58.39590,Pizzería La Flor de Gerli,Comida rápida,Juan De Garay,
-34.75160,-58.26729,Shell,Estaciones de servicio,Avenida La Plata,
-34.73691,-58.27770,Axion,Estaciones de servicio,Avenida 12 de Octubre,
-34.73346,-58.27945,Puma,Estaciones de servicio,Acceso A Estación De Servicio,
-34.75747,-58.27553,McDonald's,Comida rápida,General Acha,
-34.44065,-58.58159,Puma,Estaciones de servicio,Avenida Crisólogo Larralde,
-34.45433,-58.63495,La Bodeguita Resto-Bar,Comida rápida,Córdoba,
-34.54147,-58.47408,Fortín Salteño,Comida rápida,Avenida Cabildo 4702,
-34.55707,-58.46133,Tostado,Comida rápida,Avenida Cabildo 2700,
-34.57877,-58.42554,Kentucky,Comida rápida,Avenida Santa Fe 4602,
-34.59339,-58.40533,Kentucky,Comida rápida,Avenida Santa Fe 2702,
-34.59495,-58.37867,Dandy,Comida rápida,Avenida Santa Fe 801,
-34.59571,-58.38417,Biblos,Comida rápida,Avenida Santa Fe 1200,
-34.61632,-58.37877,Maraxe,Comida rápida,Chile 899,
-34.57220,-58.43113,Campobravo,Comida rápida,Báez,
-34.60962,-58.39615,Café de los Angelitos,Comida rápida,Avenida Rivadavia 2100,
-34.59532,-58.44344,La Farola de Villa Crespo,Comida rápida,Avenida Corrientes 5701,
-34.59761,-58.42157,Café Martínez,Comida rápida,Avenida Córdoba 3899,
-34.59768,-58.41737,Morillo,Comida rápida,Avenida Córdoba 3601,
-34.59775,-58.41581,La Tolva,Comida rápida,Avenida Córdoba 3499,
-34.59765,-58.42006,Tío Titi,Comida rápida,Avenida Córdoba 3799,
-34.59823,-58.40385,Tienda de Café,Comida rápida,Avenida Córdoba 2601,
-34.59788,-58.40570,Puma,Estaciones de servicio,Avenida Córdoba 2701,
-34.59785,-58.42164,La esquina de Güemes,Comida rápida,Avenida Córdoba 3900,
-34.80956,-58.20322,"Confitería ""La Paloma"" (Salón de eventos Ranelagh)",Comida rápida,Avenida Valentín Vergara 5518,
-34.75783,-58.21548,"Confitería ""La Paloma"" (Salón de eventos)",Comida rápida,Calle 9 4626,
-34.75774,-58.21538,"Confitería ""La Paloma"" (Salón Multiespacio)",Comida rápida,Calle 9 4626,
-34.61934,-58.63426,Puma,Estaciones de servicio,Ernesto Plass,
-34.61869,-58.39992,Bar de Cao,Comida rápida,Avenida Independencia 2400,
-34.59930,-58.37489,Havanna,Comida rápida,Florida,
-34.57839,-58.42643,Estación Arcos Burger Bar,Comida rápida,Avenida Juan Bautista Justo 602,
-34.61862,-58.37673,Saltanapoli,Comida rápida,Estados Unidos 758,
-34.61788,-58.37029,Pride Café,Comida rápida,Balcarce 869,
-34.61973,-58.37446,El Hostal Bodegon,Comida rápida,Carlos Calvo 614,
-34.64955,-58.37945,Bar Los Laureles,Comida rápida,Avenida General Iriarte 2290,
-34.62310,-58.37283,Manolo,Comida rápida,Bolívar 1299,
-34.60379,-58.38954,Sattva,Comida rápida,Montevideo 446,
-34.59371,-58.41838,Enfundá la mandolina,Comida rápida,Jerónimo Salguero 1440,
-34.60085,-58.41793,El Rincon Organico,Comida rápida,Bulnes 910,
-34.65078,-58.38094,Los Laurelitos,Comida rápida,Salom 676,
-34.57616,-58.42009,Fayer,Comida rápida,Avenida Cerviño,
-34.61964,-58.37863,Las Leñas,Comida rápida,Tacuarí 996,
-34.61967,-58.37822,Sabores del Perú,Comida rápida,Carlos Calvo 873,
-34.61861,-58.37851,Casa de Comidas,Comida rápida,Estados Unidos 888,
-34.61843,-58.37974,La Buena Cocina,Comida rápida,Bernardo de Irigoyen 900,
-34.61848,-58.37650,El Remanso,Comida rápida,Estados Unidos 745,
-34.61806,-58.37581,Que Nadie Sepa,Comida rápida,Chacabuco 860,
-34.61826,-58.37580,Pista Urbana,Comida rápida,Chacabuco 874,
-34.61812,-58.37601,Casal de Catalunya,Comida rápida,Chacabuco 863,
-34.61868,-58.37591,La Peruana,Comida rápida,Chacabuco 909,
-34.61975,-58.37591,Empanadas de 10,Comida rápida,Carlos Calvo 702,
-34.62539,-58.42840,Pedro 94,Comida rápida,Avenida Pedro Goyena 94,
-34.63807,-58.40359,Marula,Comida rápida,Zavaleta,
-34.63879,-58.40170,Buda Green,Comida rápida,Uspallata 2801,
-34.55543,-58.45667,Dante en Verona,Comida rápida,O'Higgins 2573,
-34.54550,-58.46104,Sushi Cool,Comida rápida,Crisólogo Larralde,
-34.55754,-58.45066,3 Hermanos,Comida rápida,Arribeños 2168,
-34.61950,-58.36511,Sabores de Patagonia,Comida rápida,Avenida Alicia Moreau de Justo 1798,
-34.59400,-58.41942,Selena Cocina,Comida rápida,Avenida Honduras 3999,
-34.59799,-58.41650,La Entrerriana,Comida rápida,Avenida Córdoba,
-34.59770,-58.41687,Pisco & Nazca,Comida rápida,Avenida Córdoba 3579,
-34.59363,-58.41262,La Barcelonesa,Comida rápida,Billinghurst 1401,
-34.80641,-58.48347,YPF,Estaciones de servicio,Avenida V. Fair,
-34.81004,-58.44867,Don Cipriano,Comida rápida,Jujuy,
-34.84647,-58.51047,YPF,Estaciones de servicio,Reconquista,
-34.79496,-58.46164,Shell,Estaciones de servicio,Rafael De Sanzio,
-34.80365,-58.44096,ServiTemp,Estaciones de servicio,Santa Catalina,
-34.81439,-58.22787,YPF,Estaciones de servicio,Gabriel D'annunzio,
-34.58093,-58.41052,Starbucks,Comida rápida,Cabello 3602,
-34.58067,-58.41044,7167 Burgers & Drinks,Comida rápida,Raúl Scalabrini Ortiz,
-34.57784,-58.40623,Starbucks,Comida rápida,Jerónimo Salguero 2994,
-34.57767,-58.40612,Domani restaurante,Comida rápida,Castex,
-34.58159,-58.41390,Simona,Comida rápida,Avenida General Las Heras,
-34.57981,-58.41563,La Mia Vita,Comida rápida,República De La India,
-34.57866,-58.41309,Massey Familia,Comida rápida,Cerviño 3889,
-34.57944,-58.41197,Almacen de Pizzas,Comida rápida,Cerviño,
-34.59914,-58.37512,Subway,Comida rápida,Florida,
-34.59902,-58.37512,Burger King,Comida rápida,Florida,
-34.59508,-58.41501,Urbano Bravo,Comida rápida,Mario Bravo 1230,
-34.62572,-58.43120,Fiera,Comida rápida,Avenida Pedro Goyena,
-34.62509,-58.42815,Kiku,Comida rápida,Avenida Pedro Goyena,
-34.74083,-58.39434,Gusteau's,Comida rápida,Paso Bajo Nivel Dr. Carlos Fayanás,
-34.80334,-58.45390,Reinhart Servicio Mecanico,Talleres,Subteniente Alfredo Fox 252,
-34.56522,-58.45422,Bonafide,Comida rápida,Avenida Cabildo 1776,
-34.59655,-58.41684,Zapi,Comida rápida,Bulnes 1307,
-34.69877,-58.30946,YPF,Estaciones de servicio,Avenida Ramón Franco,
-34.59597,-58.39236,La Madeleine,Comida rápida,Avenida Santa Fe,
-34.59598,-58.39442,Buenos Aires Grill,Comida rápida,Avenida Santa Fe 1876,
-34.64091,-58.40478,Los Corrales,Comida rápida,Monteagudo 298,
-34.64265,-58.40908,Pulperia El Cotorro,Comida rápida,Profesor Doctor Pedro Chutro,
-34.60907,-58.37977,Café Dalí,Comida rápida,Avenida de Mayo 948,
-34.58390,-58.41258,Halina,Comida rápida,Juncal,
-34.59562,-58.41816,Café Vinilo,Comida rápida,Gorriti 3780,
-34.58093,-58.40458,Cafe Tabac,Comida rápida,"-34.58093, -58.40458",
-34.63029,-58.48159,Zas!,Comida rápida,Bogotá,
-34.63316,-58.42044,Roque,Comida rápida,Inclán 3999,
-34.62712,-58.45159,Taller Mecanico,Talleres,Avenida Juan Bautista Alberdi,
-34.61509,-58.42729,The Coffee Store,Comida rápida,Avenida Hipólito Yrigoyen,
-34.62827,-58.42536,Gomería,Talleres,Cochabamba,
-34.54991,-58.46770,Bonafide,Comida rápida,Avenida Cabildo 3614,
-34.54631,-58.46321,Crisologo,Comida rápida,Crisólogo Larralde,
-34.60352,-58.41937,Gratto,Comida rápida,Jerónimo Salguero,
-34.77629,-58.39746,La Farola Express,Comida rápida,Avenida Meeks 1295,
-34.55417,-58.44843,Rincón Norteño,Comida rápida,Olazábal,
-34.61066,-58.36250,Starbucks,Comida rápida,Juana Manso 1107,
-34.56260,-58.47379,The Coffee Store,Comida rápida,Manuel Ugarte,
-34.60793,-58.37457,La Botica,Comida rápida,Rivadavia,
-34.60784,-58.37486,El Pato,Comida rápida,Florida,
-34.74167,-58.39708,Roderick,Comida rápida,Nicolás Rodríguez Peña 192,
-34.60778,-58.37462,La Catedral,Comida rápida,"-34.60778, -58.37462",
-34.60730,-58.37524,Brioche Dorée,Comida rápida,Avenida Presidente Roque Sáenz Peña,
-34.60727,-58.37530,Tobas Café,Comida rápida,"-34.60727, -58.37530",
-34.60724,-58.37536,Coffee Haus,Comida rápida,Avenida Presidente Roque Sáenz Peña,
-34.58135,-58.42176,Havanna,Comida rápida,Avenida Santa Fe 4198,
-34.56129,-58.45771,101,Comida rápida,Mendoza,
-34.59905,-58.39320,Café Martínez,Comida rápida,Avenida Callao 858,
-34.59752,-58.38426,Petit Plaza,Comida rápida,"-34.59752, -58.38426",
-34.59904,-58.38427,El Teatro,Comida rápida,Avenida Córdoba,
-34.60246,-58.38369,Petit Colón,Comida rápida,Libertad,
-34.59533,-58.38293,Trak,Comida rápida,Avenida Santa Fe,
-34.59676,-58.38360,La biblioteca cafe,Comida rápida,Marcelo T. De Alvear,
-34.59806,-58.38280,Kawasaki,Insumos de motos,Paraguay,
-34.80804,-58.40094,Mostaza,Comida rápida,Jorge De Kay,
-34.80829,-58.40084,McCafé,Comida rápida,Jorge De Kay,
-34.55695,-58.46511,Pizzería Congreso,Comida rápida,Moldes,
-34.53860,-58.46673,La Madonnina,Comida rápida,11 de Septiembre de 1888 4540,
-34.58699,-58.52591,Shell,Estaciones de servicio,Avenida 85 - Libertador General San Martín 819,
-34.55331,-58.45387,Inka Wasi,Comida rápida,Franklin Delano Roosevelt,
-34.55627,-58.46296,Pizzería Boysito,Comida rápida,Ciudad De La Paz,
-34.59458,-58.37433,Havanna,Comida rápida,"-34.59458, -58.37433",
-34.60513,-58.37599,Chablis,Comida rápida,"-34.60513, -58.37599",
-34.55293,-58.45322,Primavera Trujillana,Comida rápida,Franklin Delano Roosevelt,
-34.55139,-58.46810,El Anexo,Comida rápida,Ciudad De La Paz,
-34.55692,-58.45702,La Celestina,Comida rápida,Arcos,
-34.55491,-58.45448,Mi Gusto,Comida rápida,Monroe 1801,
-34.59176,-58.40525,Café de Quartier,Comida rápida,Arenales 2802,
-34.59057,-58.40373,Go in!,Comida rápida,Laprida 1672,
-34.72593,-58.39568,La Nueva Mocona,Comida rápida,Coronel Fray Luis Beltrán,
-34.70229,-58.39475,Cosenza,Comida rápida,Doctor Arturo Melo,
-34.71179,-58.39268,ACA,Estaciones de servicio,Avenida Hipólito Yrigoyen,
-34.58943,-58.41026,Soler,Comida rápida,Avenida Coronel Díaz 1879a,
-34.61319,-58.38458,Pain Du Jour,Comida rápida,Santiago Del Estero,
-34.60674,-58.38943,La Esquina del Medio y Medio,Comida rápida,"-34.60674, -58.38943",
-34.59176,-58.37505,Burger King,Comida rápida,Avenida Doctor José María Ramos Mejía 1450,
-34.59268,-58.37597,La Torre de Retiro,Comida rápida,Avenida Del Libertador,
-34.60248,-58.37233,Baguette,Comida rápida,Reconquista,
-34.60282,-58.37236,El Encuentro,Comida rápida,Reconquista,
-34.55798,-58.45214,Bracia,Comida rápida,Mendoza 1810,
-34.77623,-58.39744,Los Dos Cañones,Comida rápida,Avenida Meeks 1283,
-34.56664,-58.45305,Santa Roseta,Comida rápida,Virrey Del Pino 2448,
-34.62191,-58.36848,Cafe Bar,Comida rápida,Avenida Paseo Colón,
-34.59094,-58.37440,Alma,Comida rápida,Avenida Doctor José María Ramos Mejía 1450,
-34.56529,-58.45334,Green Eat,Comida rápida,Avenida Cabildo 1721,
-34.56880,-58.45801,Orzo,Comida rápida,Avenida Crámer 1720,
-34.59605,-58.37081,Whoopies,Comida rápida,Avenida Eduardo Madero 1020,
-34.59699,-58.37316,SUBWAY Reconquista,Comida rápida,Reconquista 934,
-34.56678,-58.45559,Fiorire,Comida rápida,José Hernández,
-34.53882,-58.46658,Arias,Comida rápida,Arias,
-34.61271,-58.44464,Il Bruno Pasta & Pizza Napoletana,Comida rápida,Felipe Vallese 705,
-34.61398,-58.44433,parrilla,Comida rápida,Méndez De Andes,
-34.61116,-58.42042,McDonald's,Comida rápida,Avenida Rivadavia,
-34.63833,-58.40483,Patagones,Comida rápida,Patagones,
-34.55967,-58.50514,El Noble,Comida rápida,Juan Bautista La Salle,
-34.56976,-58.44447,Matilda,Comida rápida,Avenida Federico Lacroze,
-34.56490,-58.43820,Min Min,Comida rápida,Avenida Olleros,
-34.63874,-58.40147,El Soñado,Comida rápida,Lavardén 196,
-34.60153,-58.38620,Establecimiento General de Café,Comida rápida,Tucumán 1365,
-34.59925,-58.38940,Lotos,Comida rápida,Avenida Córdoba,
-34.55337,-58.44712,La Ventanita,Comida rápida,Miñones,
-34.54987,-58.45000,Johnatan,Comida rápida,Avenida Lidoro J. Quinteros,
-34.55253,-58.44999,Mi Consuelo,Comida rápida,Monroe,
-34.55102,-58.45375,D'Arc,Talleres,Congreso 1550,
-34.63541,-58.48920,The Brothers,Comida rápida,Avenida Rivadavia 8899,
-34.59792,-58.40507,Café Martínez,Comida rápida,Avenida Córdoba 2677,
-34.59671,-58.40014,La Cigüeña,Comida rápida,Marcelo T. de Alvear 2299,
-34.55369,-58.45000,Tostado,Comida rápida,Avenida Del Libertador 6301,
-34.58866,-58.39855,Guber,Comida rápida,Barrientos 1586,
-34.59658,-58.41583,Señor Café,Comida rápida,José Antonio Cabrera 3517,
-34.59656,-58.41601,Dojo,Comida rápida,José Antonio Cabrera 3539,
-34.59016,-58.41480,La Pharmacie,Comida rápida,República Dominicana 3494,
-34.59573,-58.41493,Corto Maltés,Comida rápida,Mario Bravo 1195,
-34.59375,-58.41288,Casa,Comida rápida,Billinghurst 1400,
-34.55623,-58.45155,Kim Frito Chino,Comida rápida,Arribeños 2299,
-34.57851,-58.46901,Parilla Totin,Comida rápida,Avenida De Los Incas,
-34.55359,-58.43678,Cucina Paradiso,Comida rápida,Castañeda,
-34.55331,-58.43701,Bruni,Comida rápida,Castañeda,
-34.55755,-58.44658,Sale & Pepe,Comida rápida,Echeverría 1474,
-34.59680,-58.40043,La Nueva Ola,Comida rápida,Marcelo T. De Alvear,
-34.54586,-58.48781,Tucson,Comida rápida,Vedia,
-34.59085,-58.41027,La Tolva,Comida rápida,Güemes 3199,
-34.58948,-58.42492,Janio,Comida rápida,Costa Rica,
-34.59424,-58.41843,Café Matteo,Comida rápida,Avenida Honduras 3902,
-34.50760,-58.47990,Las Tinajas,Comida rápida,Avenida Del Libertador,
-34.59761,-58.42131,Subway,Comida rápida,Avenida Córdoba 3859,
-34.62545,-58.47756,Fatay - Comida Arabe,Comida rápida,"-34.62545, -58.47756",
-34.59394,-58.41226,Cook & Roll,Comida rápida,Sánchez de Bustamante 1402,
-34.58600,-58.43688,LAB New American Cuisine & Coffee Shop,Comida rápida,Humboldt 1554,
-34.61766,-58.53012,Zanella,Insumos de motos,Avenida Francisco Beiró,
-34.59719,-58.41558,Dixs,Comida rápida,Mario Bravo 1055,
-34.55420,-58.46801,La Rinconada,Comida rápida,José Pascual Tamborini 2701,
-34.56421,-58.47983,La Parri,Comida rápida,Avenida Congreso 4099,
-34.55986,-58.46417,Júcaro,Comida rápida,Vidal 2600,
-34.59482,-58.41671,Talleres El Triunfo,Talleres,Bulnes 1456,
-34.64050,-58.56283,Subway,Comida rápida,Mariano Moreno,
-34.75037,-58.39465,Bodegón La Popular,Comida rápida,Avenida Alsina 1199,
-34.75635,-58.39579,Lo de Ale,Comida rápida,Monseñor Alejandro Schell,
-34.75663,-58.39580,GNC Plus,Estaciones de servicio,Avenida Alsina,
-34.74880,-58.40606,La Vieja Esquina,Comida rápida,General Carlos María De Alvear,
-34.59971,-58.40060,Starbucks,Comida rápida,Avenida Córdoba 2348,
-34.59969,-58.40079,Havanna,Comida rápida,Avenida Córdoba 2370,
-34.59973,-58.40042,Burger King,Comida rápida,Avenida Córdoba 2332,
-34.54925,-58.50034,Bahía,Comida rápida,Avenida Bartolomé Mitre,
-34.57135,-58.48728,Arde,Comida rápida,Doctor Pedro Ignacio Rivera 4999,
-34.57739,-58.49783,Taller UNO,Talleres,Avenida de los Constituyentes 5199,
-34.57811,-58.46093,La Mezzetta,Comida rápida,Avenida Álvarez Thomas 1321,
-34.61256,-58.37481,Starbucks,Comida rápida,Avenida Belgrano 601,
-34.59771,-58.40191,Una Pausa,Comida rápida,Larrea 909,
-34.58677,-58.40828,Isabella,Comida rápida,"-34.58677, -58.40828",
-34.59371,-58.40723,Tandoor,Comida rápida,Laprida 1293,
-34.59661,-58.42143,Bellagamba,Comida rápida,Francisco Acuña de Figueroa 1291,
-34.59549,-58.42093,De olivas i lustres,Comida rápida,Gorriti 3972,
-34.59734,-58.42154,Puerto Café,Comida rápida,Francisco Acuña de Figueroa 1227,
-34.59759,-58.42205,Andorra,Comida rápida,Avenida Córdoba 3921,
-34.59730,-58.42181,Sala C,Comida rápida,Francisco Acuña de Figueroa 1220,
-34.62798,-58.38226,McDonald's,Comida rápida,Brasil,
-34.59742,-58.40360,Massaro,Comida rápida,Paraguay,
-34.56933,-58.44273,Olleros,Comida rápida,Olleros 2300,
-34.59502,-58.41649,Duet,Comida rápida,Bulnes 1441,
-34.59155,-58.41765,Pizzardone,Comida rápida,Soler 3999,
-34.62936,-58.41199,Lubricentro Pavón,Talleres,Pavón,
-34.58896,-58.41576,La Fonte D'Oro,Comida rápida,Charcas 3601,
-34.56085,-58.45933,All Saints Café,Comida rápida,Ciudad de la Paz 2300,
-34.59089,-58.41313,Nuevo Guise,Comida rápida,Guise 1902,
-34.58941,-58.41941,1810,Comida rápida,Julián Álvarez 1998,
-34.58815,-58.41728,Lo de Carlitos,Comida rápida,Charcas 3702,
-34.62407,-58.48173,CARRIZO,Comida rápida,Avenida Gaona 4099,
-34.59126,-58.40989,Piacere,Comida rápida,Güemes 3102,
-34.59938,-58.41595,Los gigantes de la pizza,Comida rápida,Tucumán 3600,
-34.59964,-58.41508,Musetta,Comida rápida,Tucumán 3502,
-34.55216,-58.47079,Café Altares,Comida rápida,Núñez 2800,
-34.58902,-58.63172,Subway,Comida rápida,General Martín Miguel De Güemes,
-34.58839,-58.63144,Café Martínez,Comida rápida,Avenida Arturo Jauretche 953,
-34.68058,-58.58158,GNC Ferrarotti,Estaciones de servicio,Avenida Diego Armando Maradona,
-34.60071,-58.41500,Pierino,Comida rápida,Lavalle 3499,
-34.67317,-58.59180,Siamo,Talleres,Miguel Cané,
-34.75854,-58.39907,Riganatta,Comida rápida,Leandro N. Alem,
-34.57184,-58.44210,Tomasso,Comida rápida,Maure 2424,
-34.57147,-58.44397,Pizerria Los Leños,Comida rápida,Zapata 595,
-34.61848,-58.40899,Rotisería,Comida rápida,México,
-34.60425,-58.41239,Ugi's,Comida rápida,Avenida Corrientes,
-34.59312,-58.40193,La Cocina,Comida rápida,Avenida Pueyrredón 1508,
-34.55469,-58.46694,Mandy,Comida rápida,Iberá,
-34.57367,-58.45947,McDonald's,Comida rápida,Avenida Elcano 3240,
-34.59408,-58.42936,La Farola de Palermo,Comida rápida,Avenida Raúl Scalabrini Ortiz 1171,
-34.68151,-58.55356,Neumen,Talleres,Avenida Brigadier General Juan Manuel De Rosas 3445,
-34.59825,-58.40088,Ohlalá,Comida rápida,Azcuénaga 894,
-34.59781,-58.40222,Q I Kai,Comida rápida,Paraguay 2402,
-34.59695,-58.40635,Pablin's,Comida rápida,Paraguay 2699,
-34.59679,-58.40678,Aroma China,Comida rápida,Paraguay 2741,
-34.73023,-58.58447,Gomería,Talleres,Almirante Cordero,
-34.67936,-58.54974,YPF,Estaciones de servicio,Zapiola,
-34.69119,-58.55351,Oil,Estaciones de servicio,Avenida Diego Armando Maradona,
-34.47104,-58.52269,Molino San Isidro,Comida rápida,Don Bosco 399,
-34.59527,-58.42337,Sakura,Comida rápida,Gorriti 4116,
-34.59294,-58.42254,La Peca,Comida rápida,Gascón 1493,
-34.60948,-58.37785,INTI,Comida rápida,Hipólito Yrigoyen 802,
-34.67165,-58.57612,Gomería,Gomerías,"-34.67165, -58.57612",
-34.68176,-58.57619,Gomería Polo,Talleres,Avenida Diego Armando Maradona 2545,
-34.68743,-58.55536,Gomería,Gomerías,Avenida Diego Armando Maradona,
-34.66667,-58.57620,Gulf,Estaciones de servicio,Labardén,
-34.62949,-58.43361,Gayena,Comida rápida,Zuviría,
-34.59509,-58.38007,Tostado,Comida rápida,Suipacha,
-34.81075,-58.54221,Puma,Estaciones de servicio,Acceso Al Terminal De Exportación Particulares,
-34.59712,-58.37976,Los Remolinos,Comida rápida,Suipacha 957,
-34.59644,-58.38000,Restaurante Natacha,Comida rápida,Marcelo T. de Alvear,
-34.59033,-58.38165,El Mirasol,Comida rápida,Posadas,
-34.56244,-58.45766,Muntama,Comida rápida,Ciudad de la Paz 2109,
-34.59304,-58.38458,Piacere,Comida rápida,Libertad 1300,
-34.59405,-58.38135,Gros Café,Comida rápida,Arenales 999,
-34.59401,-58.38054,Divine Budin,Comida rápida,Arenales,
-34.60307,-58.37369,Pétalo,Comida rápida,Avenida Corrientes,
-34.58656,-58.42905,wasabi's,Comida rápida,Thames,
-34.67481,-58.54315,Dapsa,Estaciones de servicio,José Martí,
-34.59274,-58.38465,Como en Casa,Comida rápida,Juncal,
-34.61601,-58.37319,Nonna,Comida rápida,Chile,
-34.59681,-58.38117,California Buffet Company,Comida rápida,Marcelo T. De Alvear,
-34.59887,-58.38108,Exedra,Comida rápida,Carlos Pellegrini,
-34.72382,-58.25629,Shell,Estaciones de servicio,Garibaldi,
-34.72094,-58.25824,La Guisera,Comida rápida,Lavalle,
-34.71995,-58.25367,Quilmes Sushi Delivery,Comida rápida,Sarmiento,
-34.71959,-58.25776,Desayunos y Meriendas Quilmes,Comida rápida,Almirante Brown,
-34.71945,-58.25816,A la Parrilla,Comida rápida,9 De Julio,
-34.71912,-58.25334,Casero,Comida rápida,Alsina,
-34.72196,-58.25465,Café La Scala,Comida rápida,Alvear,
-34.72215,-58.25361,Carlitos Resto,Comida rápida,Garibaldi,
-34.72956,-58.26635,La Tosca,Comida rápida,Andrés Baranda,
-34.68848,-58.50899,Gomería,Gomerías,Pedro Miguel Aráoz,
-34.71113,-58.28152,El Charro,Comida rápida,9 De Julio,
-34.71140,-58.28256,A la Parrilla,Comida rápida,"-34.71140, -58.28256",
-34.71018,-58.28043,El Piave,Comida rápida,"-34.71018, -58.28043",
-34.60218,-58.37584,"""Es... El""",Comida rápida,Lavalle,
-34.58629,-58.42428,Don Julio,Comida rápida,Guatemala 4691,
-34.59718,-58.37974,Pekin,Comida rápida,Suipacha,
-34.52432,-58.47504,Alguito Espacio Consciente,Comida rápida,Saturnino Segurola,
-34.50872,-58.48000,Asato Sushi,Comida rápida,Corrientes 584,
-34.51940,-58.47485,Margherita,Comida rápida,Avenida Del Libertador,
-34.51612,-58.48826,Resto Walkiria,Comida rápida,Avenida Maipú 2198,
-34.52114,-58.48549,Victor,Comida rápida,Avenida Maipú 1798,
-34.52613,-58.47253,Viejo Norton,Comida rápida,Miguel de Azcuénaga 900,
-34.61074,-58.36607,Starbucks,Comida rápida,Avenida Alicia Moreau de Justo 1130,
-34.61055,-58.36602,Brasas Argentinas,Comida rápida,Avenida Alicia Moreau de Justo 1108,
-34.60966,-58.36609,Cabaña Villegas,Comida rápida,Avenida Alicia Moreau de Justo 1050,
-34.61106,-58.36603,La Parolaccia Del Mare,Comida rápida,Avenida Alicia Moreau de Justo 1052,
-34.61130,-58.36592,McDonald's,Comida rápida,Avenida Alicia Moreau de Justo 1170,
-34.60992,-58.36607,Puerto Cristal,Comida rápida,Avenida Alicia Moreau de Justo 1082,
-34.60948,-58.36611,TGI Friday's,Comida rápida,Avenida Alicia Moreau de Justo 1010,
-34.60758,-58.36631,Bar Bulldog,Comida rápida,Avenida Alicia Moreau de Justo 846,
-34.60792,-58.36630,Puente Gran Bar,Comida rápida,Avenida Alicia Moreau de Justo 876,
-34.60856,-58.36628,El Boleo - Pizza Café,Comida rápida,Avenida Alicia Moreau De Justo,
-34.60724,-58.36637,Rodizio,Comida rápida,Avenida Alicia Moreau de Justo 838,
-34.60371,-58.36671,Bahia Madero,Comida rápida,Avenida Alicia Moreau de Justo 420,
-34.60189,-58.36707,Angolo,Comida rápida,Avenida Alicia Moreau de Justo 292,
-34.60413,-58.36672,Cabaña Las Lilas,Comida rápida,Avenida Alicia Moreau de Justo 516,
-34.60240,-58.36688,Happening,Comida rápida,Juana Manuela Gorriti,
-34.60428,-58.36670,Madero,Comida rápida,Juana Manuela Gorriti,
-34.60366,-58.36681,Sorrento,Comida rápida,Avenida Alicia Moreau de Justo 410,
-34.60174,-58.36709,SushiClub,Comida rápida,Avenida Alicia Moreau de Justo 286,
-34.60846,-58.37483,London City,Comida rápida,Avenida de Mayo 599,
-34.59669,-58.38046,Cayena,Comida rápida,Marcelo T. De Alvear,
-34.58854,-58.38952,Sivela 465,Comida rápida,Avenida Presidente Manuel Quintana,
-34.59104,-58.38678,Arkakaó,Comida rápida,Avenida Presidente Manuel Quintana,
-34.59068,-58.38897,Pasadena,Comida rápida,Guido 1701,
-34.58936,-58.43290,La Cabrera,Comida rápida,Thames,
-34.56411,-58.44371,Havanna,Comida rápida,Zabala,
-34.59769,-58.37845,Confitera Saint Moritz,Comida rápida,Paraguay 802,
-34.59725,-58.37879,Deltoro,Comida rápida,Paraguay,
-34.59744,-58.38430,Cafe Lumiere,Comida rápida,Libertad 960,
-34.59543,-58.38045,Café Martínez,Comida rápida,Avenida Santa Fe 828,
-34.58615,-58.42449,Orno,Comida rápida,Guatemala 4701,
-34.58335,-58.43562,Gordis Burger,Comida rápida,El Salvador 5602,
-34.59753,-58.37699,Ditali,Comida rápida,Paraguay 701,
-34.59655,-58.37440,Wasabi's,Comida rápida,San Martín,
-34.59197,-58.41379,La Forchetta,Comida rápida,Guise 1793,
-34.63940,-58.36328,El Gran Paraiso,Comida rápida,Plaza Paseo Garibaldi,
-34.57085,-58.43340,Bagelpop,Comida rápida,Báez 518,
-34.56777,-58.43669,Starbucks,Comida rápida,Maure 1818,
-34.59227,-58.38498,El Ombú,Comida rápida,Avenida Presidente Manuel Quintana,
-34.59237,-58.37651,Safari cafe parilla,Comida rápida,Avenida Del Libertador 182,
-34.59204,-58.43556,Cachito Premium,Comida rápida,Serrano 1106,
-34.59924,-58.43579,Tintorería Yafuso,Comida rápida,Juan Ramírez de Velasco 399,
-34.59768,-58.43747,Virgilio,Comida rápida,Juan Ramírez de Velasco 600,
-34.59761,-58.43552,Pizza Bum!,Comida rápida,Avenida Raúl Scalabrini Ortiz 602,
-34.50734,-58.48002,Parténope,Comida rápida,Avenida del Libertador 2426,
-34.67836,-58.56723,Gomeria,Gomerías,Avenida Mariano Santamaría,
-34.67933,-58.56820,Gomeria,Gomerías,Doctor Arturo Illia,
-34.65409,-58.58687,Bacsa,Estaciones de servicio,Avenida Don Bosco,
-34.64890,-58.61839,McDonald's,Comida rápida,9 de Julio,
-34.61319,-58.35784,La Parrilla de Amparito,Comida rápida,Costanera Sur,
-34.58900,-58.39262,Distal Cafe,Comida rápida,Junín,
-34.63967,-58.36288,La Viaja Rotiseria,Comida rápida,Magallanes,
-34.58920,-58.39271,New Port,Comida rápida,Junín,
-34.58866,-58.39210,Nonna Angiulina,Comida rápida,Junín,
-34.58877,-58.39223,Pasta Recoleta Bodegon,Comida rápida,Junín,
-34.57699,-58.40361,Ninina Malba,Comida rápida,Avenida Presidente Figueroa Alcorta 3415,
-34.58870,-58.39215,Veggie Medio Oriente,Comida rápida,Junín 1750,
-34.58898,-58.39259,urban,Comida rápida,Junín,
-34.68391,-58.57673,GOMERIA,Gomerías,Coronel Lynch,
-34.70901,-58.61045,Gomería,Gomerías,Avenida Carlos Casares,
-34.71850,-58.59790,Carlos Casares,Gomerías,Avenida Carlos Casares,
-34.76442,-58.40155,Tienda de Café,Comida rápida,Italia 300,
-34.71626,-58.58881,Gomeria,Talleres,Guillermo Marconi,
-34.71646,-58.58857,Gomeria,Talleres,Guillermo Marconi,
-34.79774,-58.42426,Taller de Tren Delantero,Talleres,Avenida Antártida Argentina,
-34.79715,-58.38809,Cuidate Vaca,Comida rápida,Jorge Santiago Bynnon,
-34.79755,-58.39140,soviet,Comida rápida,Benigno Macías,
-34.77605,-58.42411,Oliden,Comida rápida,General Frías,
-34.79810,-58.42563,YPF,Estaciones de servicio,Avenida Antártida Argentina,
-34.82438,-58.48152,Gomeria,Talleres,Ramón Santamarina,
-34.71401,-58.60382,GOMERIA,Gomerías,Avenida Carlos Casares,
-34.68345,-58.61973,Shell,Estaciones de servicio,Avenida Don Bosco,
-34.42140,-58.57954,Baruc,Comida rápida,General Bartolomé Mitre,
-34.82188,-58.42539,Parrilla,Comida rápida,Juan Larrea,
-34.62674,-58.44167,Tienda de Café,Comida rápida,Avenida Pedro Goyena 1002,
-34.62608,-58.44612,Café Martínez,Comida rápida,Hortiguera 309,
-34.67270,-58.54000,GOMERIA,Gomerías,Avenida Brigadier General Juan Manuel De Rosas,
-34.66726,-58.53534,Gomería,Talleres,Cavia,
-34.61051,-58.45221,Lo de Cholo,Comida rápida,Avenida Gaona 1699,
-34.57904,-58.42631,Havanna,Comida rápida,Godoy Cruz,
-34.58090,-58.42848,Le Pain Quotidien,Comida rápida,Paraguay 4979,
-34.56387,-58.43877,The Coffe Store,Comida rápida,Migueletes,
-34.70673,-58.58929,Alineacion,Gomerías,Avenida Cristianía,
-34.68048,-58.52112,GOMERIA,Gomerías,Avenida General San Martín,
-34.67238,-58.53928,Puma,Estaciones de servicio,Avellaneda,
-34.70532,-58.59118,Avenida Cristiania,Gomerías,Avenida Cristianía,
-34.74179,-58.39308,Neumáticos Médica,Gomerías,Avenida Alsina,
-34.75848,-58.39763,Café Dalí,Comida rápida,Carlos Pellegrini 201,
-34.71015,-58.27066,Shell,Estaciones de servicio,Lebensohn,
-34.76587,-58.47665,Shell,Estaciones de servicio,Ruta De La Tradición,
-34.76746,-58.36386,GOMERIA,Gomerías,Avenida República Argentina,
-34.81949,-58.27682,YPF,Estaciones de servicio,Avenida Eva Perón 4212,
-34.58050,-58.43195,Grill Dandy,Comida rápida,Fitz Roy 2199,
-34.58171,-58.43362,Almacén de Pizzas,Comida rápida,Fitz Roy 1994,
-34.58072,-58.43259,La Barrera 1980,Comida rápida,Soler,
-34.58113,-58.43120,Bio sólo orgánico,Comida rápida,Humboldt,
-34.58035,-58.43000,La Pascana,Comida rápida,Humboldt,
-34.58103,-58.43254,Sushi Pop Izakaya Fitz Roy,Comida rápida,Soler 5598,
-34.57931,-58.42920,Lucky Dragon,Comida rápida,Humboldt,
-34.57989,-58.43172,Palermo Cantina,Comida rápida,Fitz Roy 2238,
-34.72040,-58.25640,Restaurante Carlitos,Comida rápida,Alsina 286,
-34.71777,-58.25524,Restaurante La Jirafa,Comida rápida,9 De Julio,
-34.58847,-58.43009,Rey Soho,Comida rápida,Jorge Luis Borges 1636,
-34.57922,-58.42760,HP Neumáticos,Gomerías,Avenida Juan Bautista Justo,
-34.57958,-58.43092,El Peruanito Rey,Comida rápida,Paraguay,
-34.60605,-58.42772,Bonafide,Comida rápida,Pringles 492,
-34.60582,-58.42547,Café Martínez,Comida rápida,Teniente General Juan Domingo Perón 4169,
-34.60580,-58.42625,Havanna,Comida rápida,Teniente General Juan Domingo Perón 4201,
-34.60582,-58.42534,Vademecum Café,Comida rápida,Teniente General Juan Domingo Perón,
-34.62525,-58.37075,Da Vinci,Comida rápida,Avenida Brasil,
-34.62683,-58.37183,Hierbabuena,Comida rápida,Avenida Caseros,
-34.62685,-58.37232,La Popular,Comida rápida,Avenida Caseros,
-34.62525,-58.37059,Lezama,Comida rápida,"-34.62525, -58.37059",
-34.62510,-58.37123,Parrilla El Establo,Comida rápida,Defensa,
-34.62494,-58.37105,Pizzería La Continental,Comida rápida,Defensa,
-34.62558,-58.37248,Barbieca,Comida rápida,Brasil,
-34.62407,-58.37257,Comidas para Llevar,Comida rápida,Bolívar,
-34.58881,-58.42818,Xalapa,Comida rápida,El Salvador,
-34.60415,-58.39035,El Gato Negro,Comida rápida,Avenida Corrientes 1669,
-34.58597,-58.39155,Starbucks,Comida rápida,Avenida Pueyrredón 2501,
-34.58923,-58.39360,Pani,Comida rápida,Vicente López 2050,
-34.63975,-58.52702,McDonald's,Comida rápida,Coronel Ramón Lorenzo Falcón,
-34.63974,-58.52689,Burger King,Comida rápida,"-34.63974, -58.52689",
-34.58241,-58.43229,Doña Bocas de Fuego,Comida rápida,Nicaragua 5499,
-34.56944,-58.44545,Pizza Alla Pala,Comida rápida,Avenida Cabildo 899,
-34.41515,-58.58175,TBC,Comida rápida,Paseo Victorica 156,
-34.70161,-58.40158,Parrilla Cinco Esquinas,Comida rápida,José María Moreno,
-34.81609,-58.46505,Lé Paul,Comida rápida,Florentino Ameghino,
-34.67718,-58.33152,Shell,Estaciones de servicio,Tres Arroyos,
-34.75800,-58.27560,Burger King,Comida rápida,General Acha,
-34.75793,-58.27549,Subway,Comida rápida,General Acha,
-34.67982,-58.33379,McDonald's,Comida rápida,Carlos Gardel,
-34.67953,-58.33308,Subway,Comida rápida,Carlos Gardel,
-34.60925,-58.37334,Gran Victoria,Comida rápida,Avenida Hipólito Yrigoyen 500,
-34.60257,-58.38046,McDonald's,Comida rápida,Lavalle,
-34.66052,-58.61417,Yo Canibal,Comida rápida,Weizman,
-34.57996,-58.43324,La Camorra,Comida rápida,Bonpland 2117,
-34.57705,-58.43424,Capricci,Comida rápida,Paraguay 5502,
-34.57709,-58.43585,El Horno del Norte,Comida rápida,Guatemala 5999,
-34.62128,-58.44632,El Mana,Comida rápida,Espinosa,
-34.55307,-58.45053,Naturally,Comida rápida,Avenida Del Libertador 6375,
-34.62505,-58.42749,Cirta shawarma,Comida rápida,Avenida La Plata,
-34.62752,-58.42949,El Podio,Comida rápida,Avenida Directorio,
-34.62763,-58.42971,La muzzicata,Comida rápida,Doblas,
-34.62723,-58.42953,Apicio,Comida rápida,Avenida Directorio,
-34.62529,-58.43023,DF,Comida rápida,Doblas,
-34.62371,-58.43058,Zomma,Comida rápida,Doblas 571,
-34.62218,-58.42932,Pucará,Comida rápida,"-34.62218, -58.42932",
-34.62190,-58.42766,La Farola de Caballito,Comida rápida,Avenida Independencia,
-34.62499,-58.42705,Muzarella,Comida rápida,Avenida La Plata,
-34.62512,-58.42846,El Creador,Comida rápida,Avenida Pedro Goyena,
-34.62574,-58.43471,dBox,Comida rápida,Avenida Pedro Goyena,
-34.62602,-58.43839,Bonafide,Comida rápida,Avenida Pedro Goyena,
-34.62648,-58.44337,Vittorio,Comida rápida,Emilio Mitre,
-34.55502,-58.45259,New Veggie,Comida rápida,Arribeños 2417,
-34.61130,-58.37304,El Chiste,Comida rápida,Moreno,
-34.65043,-58.49659,La Bonita,Comida rápida,Albariño,
-34.60199,-58.43149,Burger King,Comida rápida,Avenida Corrientes 4675,
-34.60222,-58.43175,Aromi,Comida rápida,Avenida Corrientes 4690,
-34.64485,-58.53629,Comidas Delivery,Comida rápida,125 - Génova,
-34.75762,-58.27581,Mostaza,Comida rápida,General Acha,
-34.60890,-58.43475,Ugis,Comida rápida,Avenida Díaz Vélez 4810,
-34.64058,-58.51689,Axion,Estaciones de servicio,Coronel Ramón Lorenzo Falcón,
-34.57112,-58.42231,Williamsburg,Comida rápida,Ciclovía Del Libertador,
-34.56973,-58.42078,Starbucks,Comida rápida,Avenida Del Libertador 3883,
-34.74868,-58.39850,Azul Profundo,Comida rápida,Manuel Acevedo 1001,
-34.42943,-58.59233,Dandy,Comida rápida,Avenida Santiago De Liniers,
-34.59480,-58.52059,YPF,Estaciones de servicio,Avenida General Paz 6850,
-34.46589,-58.58397,La Piacenza,Comida rápida,Avenida Nicolás Avellaneda 4755,
-34.57833,-58.43566,Anti Gourmet,Comida rápida,Soler 5901,
-34.59150,-58.41926,La Robla,Comida rápida,Costa Rica 4001,
-34.50349,-58.57355,La Pizzería,Comida rápida,Bernardo De Irigoyen,
-34.50360,-58.57370,The Party's Meals,Comida rápida,Bernardo De Irigoyen,
-34.50306,-58.57405,Tío Bigotes,Comida rápida,Bernardo De Irigoyen,
-34.76152,-58.48077,Shell,Estaciones de servicio,Ruta De La Tradición,
-34.81604,-58.48759,Gomeria 24Hs. Lucho,Talleres,12 De Octubre,
-34.81112,-58.49123,Gomería,Talleres,Antonio Cervetti,
-34.81051,-58.49164,Lubricentro,Talleres,Antonio Cervetti,
-34.63401,-58.39056,McDonald's,Comida rápida,Avenida Caseros 2001,
-34.53065,-58.48028,Viccenzo Helado & Café,Comida rápida,Avenida Maipú 802,
-34.62959,-58.39127,Shell,Estaciones de servicio,Avenida Brasil,
-34.58968,-58.42581,Starbucks,Comida rápida,Malabia 1720,
-34.58887,-58.42620,Las Petunias,Comida rápida,Costa Rica,
-34.58931,-58.42549,Café Martínez,Comida rápida,"-34.58931, -58.42549",
-34.58877,-58.42654,Havanna,Comida rápida,Armenia,
-34.58926,-58.42555,Minga,Comida rápida,Costa Rica,
-34.58913,-58.42577,Quimbombó,Comida rápida,Costa Rica,
-34.61384,-58.45324,Planes Bistró,Comida rápida,Planes 891,
-34.79940,-58.32650,Agira,Estaciones de servicio,Avenida Lacaze,
-34.75511,-58.34806,Axion,Estaciones de servicio,El Halcón,
-34.77754,-58.34860,Servitemp,Estaciones de servicio,Salta,
-34.61120,-58.36339,Ol'days,Comida rápida,Olga Cossettini 1182,
-34.58727,-58.38739,El Sanjuanino,Comida rápida,Posadas 1515,
-34.59424,-58.41795,Mi Taller,Talleres,Avenida Honduras 3892,
-34.70790,-58.58679,Gomeria,Gomerías,"-34.70790, -58.58679",
-34.67918,-58.61455,Gomeria,Gomerías,Aliso,
-34.59014,-58.38195,Havanna,Comida rápida,Posadas 1059,
-34.60672,-58.38059,Havanna,Comida rápida,Carlos Pellegrini 141,
-34.66365,-58.52112,GNC RN3,Estaciones de servicio,Avenida Brigadier General Juan Manuel De Rosas,
-34.69467,-58.54795,Puma,Estaciones de servicio,Avenida Diego Armando Maradona,
-34.74243,-58.49427,Dapsa,Estaciones de servicio,Ruta De La Tradición,
-34.74212,-58.49545,Axion,Estaciones de servicio,Ruta De La Tradición,
-34.72227,-58.51164,YPF,Estaciones de servicio,Metán,
-34.67820,-58.56253,Café Martínez,Comida rápida,Monseñor José Francisco Marcón 3002,
-34.67807,-58.56237,Subway,Comida rápida,Tomás Justo Villegas,
-34.81385,-58.27721,La Blanqueada,Comida rápida,Manuel Quintana,
-34.58633,-58.40431,Traiano,Comida rápida,Sánchez de Bustamante 2301,
-34.48788,-58.49696,Il vero café,Comida rápida,General Alvear 303,
-34.45165,-58.52904,Siete Mares,Comida rápida,Avenida del Libertador,
-34.66961,-58.62871,Shell,Estaciones de servicio,Doctor Felix Burgos,
-34.55514,-58.45245,Del Bajo,Comida rápida,Blanco Encalada 1697,
-34.55266,-58.45503,Crük,Comida rápida,Manuel Ugarte,
-34.58518,-58.42469,Erre,Comida rápida,Jorge Luis Borges,
-34.68950,-58.61199,Gomeria,Gomerías,Avenida Cristianía,
-34.70589,-58.60223,Gomeria,Gomerías,"-34.70589, -58.60223",
-34.68561,-58.49569,Gomeria,Gomerías,Blanco Encalada,
-34.60066,-58.44161,Punto Criollo,Comida rápida,Malabia,
-34.61465,-58.44401,Parrilla J J,Comida rápida,Ortega,
-34.52299,-58.47397,Café de París,Comida rápida,Miguel de Azcuénaga 1200,
-34.52392,-58.47356,Vicente López Café & Brunch,Comida rápida,Miguel de Azcuénaga 1110,
-34.55134,-58.45398,Suit Suit,Comida rápida,Montañeses,
-34.46802,-58.54202,YPF,Estaciones de servicio,Avenida Andrés Rolón 1902,
-34.57864,-58.43216,Nuevo D'Accordo,Comida rápida,Bonpland 2294,
-34.58317,-58.42399,Tonno,Comida rápida,Charcas,
-34.58468,-58.42398,Don Benito,Comida rápida,Paraguay,
-34.58073,-58.42687,Santo Pizzería,Comida rápida,Charcas,
-34.64405,-58.56524,Due,Comida rápida,Avenida De Mayo,
-34.63811,-58.56423,Pizza Oliva,Comida rápida,Teniente General Pablo Ricchieri 233,
-34.63927,-58.56554,Virtud,Comida rápida,Ignacio Álvarez Jonte,
-34.64460,-58.56513,Starbucks,Comida rápida,Avenida de Mayo 427,
-34.64332,-58.56668,De María,Comida rápida,Necochea,
-34.64414,-58.56673,Zeta,Comida rápida,Necochea,
-34.64568,-58.56608,Hanami Sushi,Comida rápida,Castelli,
-34.64473,-58.56706,Plaza Alem,Comida rápida,Espora,
-34.64512,-58.56458,Charlo Resto,Comida rápida,Avenida De Mayo,
-34.64577,-58.56445,Subway,Comida rápida,Avenida de Mayo,
-34.64361,-58.56589,Club de la milanesa,Comida rápida,Rosales,
-34.64217,-58.56726,Cuatro Express,Comida rápida,Belgrano,
-34.64103,-58.56598,La Perla,Comida rápida,Avenida De Mayo,
-34.64168,-58.56725,Cheers,Comida rápida,Necochea,
-34.64213,-58.56692,Ciudad Mágica,Comida rápida,Belgrano,
-34.64218,-58.56568,Res Time,Comida rápida,Avenida De Mayo,
-34.64578,-58.55968,Pizzería La Masa,Comida rápida,Avenida General San Martín 413,
-34.67789,-58.56008,La Farola Express,Comida rápida,Hipólito Yrigoyen,
-34.68042,-58.55824,Bonafide,Comida rápida,Doctor Ignacio Arieta,
-34.67957,-58.55784,Carretto,Comida rápida,Mendoza,
-34.64461,-58.62606,GOMERIA,Gomerías,Avenida Cañada De Juan Ruiz,
-34.65852,-58.59159,GOMERIA,Gomerías,Avenida Don Bosco,
-34.66404,-58.53968,Gomería,Talleres,Avenida Enrique Mosconi,
-34.58648,-58.42893,Niño Gordo,Comida rápida,Thames 1810,
-34.58672,-58.42895,Ispica,Comida rápida,Thames 1801,
-34.62134,-58.37988,Taller de Cristales,Talleres,Bernardo de Irigoyen,
-34.72104,-58.25815,La Chocolatta Resto-bar,Comida rápida,Lavalle 539,
-34.57586,-58.43400,Pizza Pet,Comida rápida,Avenida Santa Fe 5288,
-34.57591,-58.43291,Donato,Comida rápida,Avenida Santa Fe 5201,
-34.57385,-58.43709,Animalito Café,Comida rápida,Avenida Cabildo 101,
-34.56057,-58.45445,Big Pizza,Comida rápida,Avenida Juramento 2163,
-34.69772,-58.54400,Gomeria,Gomerías,Avenida Diego Armando Maradona,
-34.69888,-58.54243,Gomeria,Talleres,"-34.69888, -58.54243",
-34.59018,-58.42820,Rita Cafe,Comida rápida,Armenia 1595,
-34.58816,-58.42722,Rebelión,Comida rápida,Costa Rica 4700,
-34.81285,-58.29170,Gomería,Talleres,Avenida Padre Obispo Jorge Novak,
-34.59476,-58.42382,Amores tintos,Comida rápida,Gorriti 4202,
-34.80890,-58.27769,Axion,Estaciones de servicio,Bartolomé Mitre,
-34.59007,-58.42225,La Choza,Comida rápida,Gascón 1701,
-34.58151,-58.45029,Drugstore de Nancy,Comida rápida,Olleros,
-34.58455,-58.43552,Pérez-H,Comida rápida,Honduras 5509,
-34.58457,-58.43599,Starbucks,Comida rápida,Honduras 5550,
-34.55994,-58.44513,El Spot,Comida rápida,Avenida Del Libertador 5670,
-34.61049,-58.36367,Lupita,Comida rápida,Olga Cossettini 1091,
-34.58676,-58.41011,Il Gatto Trattorias,Comida rápida,Beruti 3391,
-34.58644,-58.41038,Pepper RestoBar,Comida rápida,Bulnes 2201,
-34.61688,-58.37586,Telmo Deli,Comida rápida,Chacabuco 752,
-34.77113,-58.24421,YPF,Estaciones de servicio,Avenida Dardo Rocha 711,
-34.59915,-58.37834,Broccolino,Comida rápida,Esmeralda,
-34.79729,-58.27913,El Ciervo,Estaciones de servicio,Avenida San Martín,
-34.71897,-58.25564,Vinsanto,Comida rápida,Avenida Mitre 490,
-34.63639,-58.40233,Pizzeria El Huracan,Comida rápida,Avenida Caseros,
-34.63684,-58.40579,Havanna,Comida rápida,La Rioja,
-34.57444,-58.43415,Trigal,Comida rápida,Ancón 5393,
-34.55413,-58.45958,Big Pizza,Comida rápida,Congreso,
-34.58074,-58.43724,Tegui,Comida rápida,Costa Rica 5852,
-34.71387,-58.26727,Neumen,Gomerías,Avenida Hipólito Yrigoyen,
-34.58185,-58.43739,Docena,Comida rápida,Ángel Justiniano Carranza,
-34.62412,-58.48309,Gomeria,Talleres,Avenida Juan Bautista Justo,
-34.63097,-58.49826,Gomeria,Gomerías,Avenida Juan Bautista Justo,
-34.55784,-58.45037,La Lorentina,Comida rápida,Arribeños 2108,
-34.61060,-58.41460,Dambleé,Comida rápida,Sánchez De Bustamante,
-34.61057,-58.41435,Sánchez & Sánchez,Comida rápida,Avenida Rivadavia 3399,
-34.61076,-58.41298,La Napolitana,Comida rápida,Avenida Rivadavia,
-34.61078,-58.41321,Ugi's,Comida rápida,Avenida Rivadavia,
-34.61050,-58.41299,Agustina,Comida rápida,Avenida Rivadavia,
-34.61016,-58.38767,Congreso Plaza,Comida rápida,Hipólito Yrigoyen 1502,
-34.60989,-58.38631,Las medialunas del Abuelo,Comida rápida,San José 91,
-34.57165,-58.43202,Persicco,Comida rápida,Báez,
-34.56901,-58.43166,Tiempos de Café,Comida rápida,Ortega y Gasset 1693,
-34.56999,-58.43223,Ocio,Comida rápida,Arce,
-34.57262,-58.42993,Novecento,Comida rápida,Báez,
-34.60798,-58.39337,La Empanaderia,Comida rápida,Bartolomé Mitre 1899,
-34.55108,-58.46698,Ocean,Comida rápida,Juana Azurduy 2416,
-34.58216,-58.60742,El Rápido,Talleres,962 - Benito Pérez Galdós,
-34.66908,-58.55571,Luciano Lara Detailing,Talleres,Avenida Enrique Mosconi 2406,
-34.67668,-58.57682,Gomeria,Gomerías,Sarratea,
-34.67873,-58.54953,Gomeria,Talleres,"-34.67873, -58.54953",
-34.57703,-58.43378,Montecarlo,Comida rápida,Paraguay 5499,
-34.81375,-58.48926,Chapista Capuano,Talleres,Hipólito Bouchard,
-34.62178,-58.39440,Nueva Casa Japanesa,Comida rápida,Humberto I 2000,
-34.63439,-58.43249,Lo de Carlitos,Comida rápida,Avenida José María Moreno 1350,
-34.78163,-58.40590,Burger King,Comida rápida,"-34.78163, -58.40590",
-34.70575,-58.41603,Don Antonio,Estaciones de servicio,Yerbal,
-34.60915,-58.39353,Casablanca,Comida rápida,Riobamba,
-34.71073,-58.39782,La Esquina Blanca,Comida rápida,Miguel Cané,
-34.70507,-58.41637,Siglo XX,Comida rápida,Avenida General José De San Martín,
-34.60538,-58.38925,Chiquilín,Comida rápida,Sarmiento 1599,
-34.60385,-58.43205,Rio Cafe Bar,Comida rápida,Aníbal Troilo 901,
-34.56000,-58.45682,Doña Lila,Comida rápida,Vuelta de Obligado 2241,
-34.55989,-58.45688,Tea Connection,Comida rápida,Vuelta de Obligado 2257,
-34.56844,-58.43087,Romario,Comida rápida,Migueletes,
-34.56952,-58.43209,El Bagual,Comida rápida,Ortega Y Gasset,
-34.59584,-58.38584,Starbucks,Comida rápida,Avenida Santa Fe 1302,
-34.56069,-58.45468,Pizza Pizza,Comida rápida,Avenida Juramento 2193,
-34.81810,-58.47061,La Casona Dorrego,Comida rápida,Coronel Manuel Dorrego,
-34.55656,-58.45153,Puppo,Comida rápida,Arribeños 2272,
-34.55728,-58.45089,La Esquina,Comida rápida,Mendoza,
-34.83254,-58.41314,YPF,Estaciones de servicio,Francisco Cafferata,
-34.83217,-58.41239,YPF,Estaciones de servicio,Avenida Monteverde,
-34.81747,-58.43063,Shell,Estaciones de servicio,Camino de Cintura,
-34.81551,-58.43125,Axion,Estaciones de servicio,Camino de Cintura,
-34.60635,-58.37381,Starbucks,Comida rápida,San Martín 150,
-34.59971,-58.37422,Pani,Comida rápida,Viamonte,
-34.60333,-58.42042,McDonald's,Comida rápida,Avenida Corrientes 3966,
-34.69590,-58.40809,Pizzeria Las Marías,Comida rápida,Avenida General José De San Martín,
-34.55595,-58.45203,El Cisne Blanco,Comida rápida,Arribeños 2328,
-34.55507,-58.45255,Asia Nikkei,Comida rápida,Blanco Encalada 1697,
-34.59653,-58.37938,1810,Comida rápida,Marcelo T. de Alvear 868,
-34.63671,-58.40409,La Farola Express,Comida rápida,Avenida Caseros,
-34.59520,-58.37793,Torcuato & Regina,Comida rápida,Avenida Santa Fe 772,
-34.61917,-58.49919,Pizza Hans,Comida rápida,Sanabria,
-34.61429,-58.50374,Sesto,Comida rápida,Sanabria 2402,
-34.62156,-58.49615,Luisito,Comida rápida,San Blas,
-34.55091,-58.47724,Atilano,Comida rápida,García del Río 3262,
-34.55649,-58.46191,La Delizie,Comida rápida,Avenida Cabildo 2782,
-34.80695,-58.44226,Radiadores Guillón,Talleres,Teniente Félix Bourquet,
-34.80683,-58.44244,Cerrajeria del Automotor DI-CA,Talleres,Boulevard Buenos Aires,
-34.80691,-58.44258,Lubricentro,Talleres,Boulevard Buenos Aires,
-34.80891,-58.44603,Pizzeria El Angel,Comida rápida,Boulevard Buenos Aires,
-34.81000,-58.44802,Lubricentro,Talleres,Boulevard Buenos Aires,
-34.81381,-58.45512,Neumaticos De Santos,Talleres,Salta,
-34.81392,-58.45538,Gomeria,Talleres,Boulevard Buenos Aires,
-34.81405,-58.45565,Store Evolution,Talleres,Boulevard Buenos Aires,
-34.81675,-58.46944,Via Giardino,Comida rápida,Anacleto Rojas,
-34.81911,-58.46500,Pizza Mania,Comida rápida,Sofía Terrero De Santamarina,
-34.64211,-58.56672,Betty's Fast Food,Comida rápida,Belgrano 176,
-34.58536,-58.48991,Frenos Rombo,Talleres,Avenida Salvador María del Carril 2169,
-34.66589,-58.52774,El Mirador,Comida rápida,Alfredo Lorenzo Palacios,
-34.66295,-58.51919,Piedra Libre,Comida rápida,Avenida Brigadier General Juan Manuel De Rosas,
-34.66093,-58.44484,Shell,Estaciones de servicio,Avenida General Francisco Fernández De La Cruz,
-34.63170,-58.39877,Snackbar,Comida rápida,Alberti,
-34.62084,-58.41669,Accademia,Comida rápida,Avenida Independencia,
-34.64920,-58.56410,Luján,Comida rápida,General Alvarado,
-34.66093,-58.52070,Ramona,Comida rápida,Avenida General Paz 12511,
-34.66106,-58.44423,Portela,Comida rápida,Avenida General Francisco Fernández de La Cruz,
-34.63284,-58.52006,Velez GNC,Estaciones de servicio,Manuel Porcel De Peralta,
-34.61162,-58.52073,GNC Devoto S.R.L.,Estaciones de servicio,Coronel Ramón Lista,
-34.57889,-58.46697,GNC,Estaciones de servicio,Zarraga,
-34.64918,-58.37310,Shell,Estaciones de servicio,Río Cuarto,
-34.61735,-58.37807,Gasydin,Estaciones de servicio,Avenida Independencia,
-34.61575,-58.44843,GNC,Estaciones de servicio,Neuquén,
-34.61214,-58.40538,Axion,Estaciones de servicio,Avenida Jujuy,
-34.60622,-58.41395,Gasing,Estaciones de servicio,Sarmiento,
-34.60682,-58.39345,GNC Nucleo,Estaciones de servicio,Teniente General Juan Domingo Perón,
-34.59926,-58.41041,Shell,Estaciones de servicio,San Luis,
-34.59807,-58.42750,YPF,Estaciones de servicio,Avenida Estado de Israel,
-34.64378,-58.56484,La Fragata,Comida rápida,Avenida de Mayo,
-34.63195,-58.45528,Café Martínez,Comida rápida,Lautaro 402,
-34.58330,-58.45238,El Popular,Comida rápida,Avenida Federico Lacroze,
-34.65680,-58.42314,Axion,Estaciones de servicio,Crespo,
-34.66507,-58.51673,Motonetas Classicas Argentina,Talleres,Vito Donato Sabia,
-34.56745,-58.45022,Tao Tao,Comida rápida,Avenida Cabildo 1418,
-34.62775,-58.52035,Don Blanco,Comida rápida,Avenida Arregui 6100,
-34.58206,-58.46035,La Siesta,Comida rápida,Avenida Elcano 3902,
-34.56150,-58.46120,Pizza Gigante,Comida rápida,Moldes 2327,
-34.84841,-58.51404,Parrilla,Comida rápida,Avenida San Martín,
-34.55428,-58.46341,Mila & Go - Mr. Tasty,Comida rápida,Quesada,
-34.55425,-58.46349,Como en Casa,Comida rápida,Avenida Cabildo,
-34.84044,-58.50742,Parrilla Grimaldi,Comida rápida,"-34.84044, -58.50742",
-34.60360,-58.41045,McDonald's,Comida rápida,Tomás Manuel De Anchorena,
-34.81994,-58.46521,Rincón De La Plaza,Comida rápida,Sofía Terrero De Santamarina,
-34.56695,-58.45118,Todo Kiosco,Comida rápida,Avenida Cabildo 1514,
-34.58724,-58.41595,Hora Libre,Comida rápida,Güemes 3827,
-34.55764,-58.45058,Comida al Paso,Comida rápida,Arribeños 2156,
-34.60034,-58.36229,El Chacarero,Comida rápida,"-34.60034, -58.36229",
-34.59890,-58.36280,La Reserva,Comida rápida,Costanera Sur,
-34.59961,-58.36256,Las Malvinas,Comida rápida,Costanera Sur,
-34.59937,-58.36264,Rosita,Comida rápida,Costanera Sur,
-34.60491,-58.36069,La Parrilla de Ernesto,Comida rápida,Costanera Sur,
-34.82218,-58.44027,Bandera Blanca,Estaciones de servicio,Avenida Pedro Suárez (ee) / Capitán De Fragata Moyano (ab),
-34.58541,-58.42350,La Gambeta Pizzería,Comida rápida,Paraguay 4402,
-34.60664,-58.39238,La Continental,Comida rápida,"-34.60664, -58.39238",
-34.63669,-58.59190,Axion,Estaciones de servicio,Igualdad,
-34.63506,-58.58625,ACA Haedo,Estaciones de servicio,Avenida Presidente Perón 1535,
-34.81067,-58.63692,YPF,Estaciones de servicio,Avenida Brigadier General Juan Manuel De Rosas,
-34.82127,-58.64163,Axion,Estaciones de servicio,Avenida Brigadier General Juan Manuel de Rosas 20854,
-34.58850,-58.62872,La Fragata,Comida rápida,Avenida Julio Argentino Roca,
-34.58781,-58.63037,Bonafide,Comida rápida,Avenida Arturo Jauretche 906,
-34.59030,-58.62925,Sunios Teramo,Comida rápida,Isabel La Católica,
-34.55979,-58.45315,Tirrenia,Comida rápida,Avenida Juramento 2001,
-34.57819,-58.43813,Pani,Comida rápida,Nicaragua 6044,
-34.57982,-58.43601,Adorado,Comida rápida,Nicaragua 5856,
-34.47352,-58.53473,AXION,Estaciones de servicio,Avenida Andrés Rolón 1002,
-34.74573,-58.41877,YPF,Estaciones de servicio,Avenida Santa Fe,
-34.79701,-58.40888,Puma,Estaciones de servicio,Avenida Hipólito Yrigoyen,
-34.57483,-58.59708,Shell,Estaciones de servicio,938 - Gabino Ezeiza,
-34.43498,-58.56765,Aspro,Estaciones de servicio,Avenida Dardo Rocha 20,
-34.56215,-58.59210,Shell,Estaciones de servicio,Diagonal 154 - Rivadavia,
-34.61583,-58.53735,Del Golf,Estaciones de servicio,307 - Avenida Marcelo Torcuato De Alvear,
-34.71849,-58.25887,Social Pizza,Comida rápida,Colón,
-34.71819,-58.25805,La Tanita restaurant,Comida rápida,"-34.71819, -58.25805",
-34.71821,-58.26008,Parrilla El Gaucho,Comida rápida,Lavalle,
-34.60591,-58.62048,Gulf,Estaciones de servicio,Vicente Camargo,
-34.66331,-58.37685,Gulf,Estaciones de servicio,Avenida Hipólito Yrigoyen,
-34.74699,-58.36584,Dapsa,Estaciones de servicio,Villa Barceló,
-34.74761,-58.24039,YPF,Estaciones de servicio,Avenida Centenario,
-34.54677,-58.47054,JM Motors,Insumos de motos,Avenida San Isidro Labrador,
-34.60501,-58.49345,Comidas tradicionales,Comida rápida,Baigorria,
-34.71333,-58.26763,Pizza Iggy,Comida rápida,"-34.71333, -58.26763",
-34.46492,-58.56893,Puma,Estaciones de servicio,Carlos Casares 3795,
-34.66166,-58.38838,Puma,Estaciones de servicio,Francisco Pienovi,
-34.75302,-58.28960,Axion,Estaciones de servicio,Avenida General Mosconi,
-34.47980,-58.62289,Oil,Estaciones de servicio,Avenida Boulogne Sur Mer,
-34.56983,-58.59070,Dapsa,Estaciones de servicio,802 - La Cautiva,
-34.58414,-58.57147,YPF,Estaciones de servicio,575 - José Hernández,
-34.66586,-58.36893,Dapsa,Estaciones de servicio,Adolfo Alsina,
-34.68509,-58.47884,Puma,Estaciones de servicio,Avenida Piedra Buena,
-34.73780,-58.39774,Puma,Estaciones de servicio,Tomás Godoy Cruz,
-34.75004,-58.33916,Bandera Blanca,Estaciones de servicio,Avenida Teniente General Donato Álvarez,
-34.76456,-58.36847,Puma,Estaciones de servicio,Revolucion De Temperley,
-34.72289,-58.25661,Havanna,Comida rápida,Lavalle,
-34.72284,-58.25681,Fidelio,Comida rápida,Leandro N. Alem,
-34.59467,-58.63631,Shell,Estaciones de servicio,Avenida Gobernador Valentín Vergara,
-34.65559,-58.52362,Axion,Estaciones de servicio,Patrón,
-34.69811,-58.32547,Axion,Estaciones de servicio,Avenida Bartolomé Mitre,
-34.71459,-58.30632,Axion,Estaciones de servicio,"-34.71459, -58.30632",
-34.74201,-58.26985,Axion,Estaciones de servicio,Avenida Triunvirato,
-34.77297,-58.32314,Axion,Estaciones de servicio,Avenida General San Martín,
-34.58830,-58.42728,Crêpas,Comida rápida,Gurruchaga 1791,
-34.58866,-58.42793,Felicidad,Comida rápida,Gurruchaga,
-34.58868,-58.42843,Salvador,Comida rápida,Gurruchaga,
-34.57747,-58.42292,My Place,Comida rápida,Fray Justo Santa María De Oro,
-34.57733,-58.42232,Bruna,Comida rápida,Juncal,
-34.57757,-58.42301,Lucky Dragon,Comida rápida,Fray Justo Santa María De Oro,
-34.57753,-58.42251,Parrilla La Amistad,Comida rápida,Juncal,
-34.74877,-58.58158,Axion,Estaciones de servicio,Avenida Presidente Néstor Carlos Kirchner,
-34.72505,-58.25251,Hops,Comida rápida,Alvear,
-34.61184,-58.51759,Bonafide,Comida rápida,Quevedo 3365,
-34.61211,-58.51763,McDonald's,Comida rápida,Quevedo 3365,
-34.61207,-58.51751,Mostaza,Comida rápida,José Pedro Varela 4862,
-34.61188,-58.51723,Questa Pizza,Comida rápida,Quevedo 3365,
-34.61145,-58.51801,Starbucks,Comida rápida,Quevedo 3365,
-34.60385,-58.49374,Subway,Comida rápida,Nogoyá 3215,
-34.61174,-58.51739,The Coffe Store,Comida rápida,Quevedo 3365,
-34.56786,-58.43723,Cafe Boccazzi,Comida rápida,Avenida Luis María Campos,
-34.56775,-58.43726,Mostaza,Comida rápida,Avenida Luis María Campos,
-34.57423,-58.40364,Chips Cafe,Comida rápida,Cavia,
-34.58822,-58.41062,Frano,Comida rápida,Avenida Santa Fe 3253,
-34.58888,-58.38398,Hereford,Comida rápida,Posadas,
-34.58838,-58.41025,KFC,Comida rápida,Avenida Santa Fe 3253,
-34.57479,-58.40425,McDonald's,Comida rápida,Cavia,
-34.58860,-58.41013,McDonald's,Comida rápida,Avenida Coronel Díaz,
-34.58849,-58.41004,Mostaza,Comida rápida,Avenida Santa Fe 3253,
-34.57395,-58.40361,Starbucks,Comida rápida,Jerónimo Salguero 3172,
-34.58833,-58.41006,Wendy's,Comida rápida,Avenida Santa Fe 3253,
-34.72799,-58.26242,Los Gallegos,Comida rápida,Presidente Juan Domingo Perón,
-34.70301,-58.31645,Bar 1890,Comida rápida,Las Flores 100,
-34.66186,-58.33523,Taller mecánico y gomería,Talleres,Larroque,
-34.66018,-58.33572,"Casa de comidas, almacén y verdulería",Comida rápida,Campana,
-34.58438,-58.45368,Café Palacio,Comida rápida,Avenida Federico Lacroze 3901,
-34.67705,-58.34823,Sancho,Comida rápida,Avenida Bartolomé Mitre 2660,
-34.58900,-58.39412,Café Martínez,Comida rápida,Vicente López 2050,
-34.58931,-58.39393,Hereford,Comida rápida,Vicente López 2050,
-34.58917,-58.39369,Starbucks,Comida rápida,Vicente López 2050,
-34.63489,-58.54148,La Tanita,Comida rápida,225 - Avenida Gaona,
-34.72829,-58.39835,Sociedad Italiana,Comida rápida,Avenida Rosales 642,
-34.75985,-58.36016,Automecanica Rojas,Talleres,Chicago 1115,
-34.76109,-58.38589,Servitemp,Estaciones de servicio,Vélez Sarsfield,
-34.58721,-58.50395,Ragnarok,Comida rápida,Avenida General Mosconi,
-34.58968,-58.50748,Confitería,Comida rápida,Campana 4658,
-34.63818,-58.58295,Dinygas,Estaciones de servicio,Doctor Luis Güemes,
-34.67921,-58.50809,Gomeria,Gomerías,Coronel Domínguez,
-34.71221,-58.49746,Gomeria,Talleres,De La Tierra,
-34.69356,-58.54941,El Chino,Talleres,Avenida Diego Armando Maradona,
-34.70049,-58.57913,Gomeria,Gomerías,Avenida Brigadier General Juan Manuel De Rosas,
-34.68419,-58.59171,Gomeria,Gomerías,Venezuela,
-34.69619,-58.60504,Gomeria,Gomerías,José Bernaldes Polledo,
-34.70661,-58.59970,Gomeria,Gomerías,Larraya,
-34.65323,-58.58585,Gomeria,Gomerías,Avenida Don Bosco,
-34.56965,-58.44507,Havanna,Comida rápida,Avenida Cabildo 849,
-34.69955,-58.34305,Shell,Estaciones de servicio,Avenida Crisólogo Larralde,
-34.56982,-58.39791,Trixie,Comida rápida,Avenida Costanera Rafael Obligado,
-34.51965,-58.47442,Subway,Comida rápida,Avenida del Libertador,
-34.62024,-58.37995,Gomería,Talleres,Bernardo De Irigoyen,
-34.62148,-58.37987,Taller Mecanico,Talleres,Bernardo de Irigoyen,
-34.61646,-58.37981,Taberna Baska,Comida rápida,Chile,
-34.61381,-58.38028,Calypso,Comida rápida,Bernardo de Irigoyen,
-34.60948,-58.38049,Bernardo,Comida rápida,Bernardo de Irigoyen,
-34.60942,-58.38049,Valentino,Comida rápida,Bernardo de Irigoyen,
-34.84277,-58.50765,Parrilla,Comida rápida,Reconquista,
-34.84678,-58.51118,Mecanico,Talleres,Reconquista,
-34.84845,-58.51336,Gomería,Talleres,Avenida San Martín,
-34.82600,-58.47831,Gomería,Talleres,Avenida Enrique Santamarina,
-34.82574,-58.47811,Autopartes Franco,Talleres,Avenida Enrique Santamarina,
-34.82332,-58.47361,Mecánico El Negro Lopéz,Talleres,Avenida Enrique Santamarina,
-34.82221,-58.47151,Stilo Gourmet,Comida rápida,Avenida Enrique Santamarina,
-34.82217,-58.47099,Vuelta de Obligado,Comida rápida,Avenida Enrique Santamarina,
-34.82030,-58.46756,Pizza Blu,Comida rápida,Avenida Enrique Santamarina,
-34.81988,-58.46717,Tinajón,Comida rápida,Vicente López Y Planes,
-34.81844,-58.46678,Mostaza,Comida rápida,Doctor Ángel Rotta,
-34.81710,-58.46425,Havanna,Comida rápida,General Rodríguez 500,
-34.81989,-58.48500,Gomería,Talleres,Antonio Cervetti,
-34.81896,-58.48543,Parrilla Express,Comida rápida,Antonio Cervetti,
-34.81773,-58.48661,Parrilla La Esquina de Cervetti,Comida rápida,Antonio Cervetti,
-34.81989,-58.49091,Taller Mecánico,Talleres,Tomás Alva Edison,
-34.81522,-58.47995,Taller Mecánico,Talleres,Primera Junta,
-34.81499,-58.48838,Taller de GNC ALCAR,Talleres,Antonio Cervetti,
-34.81050,-58.48860,Pizzería La Campana,Comida rápida,Deán Funes,
-34.74252,-58.39320,Parrilla,Comida rápida,Avenida Alsina,
-34.60811,-58.39188,La Americana,Comida rápida,Avenida Callao 83,
-34.58597,-58.39856,Spot,Comida rápida,Avenida General Las Heras,
-34.63172,-58.52586,Mecanica Automotor,Talleres,Marcelo Gamboa,
-34.59238,-58.37646,Subway,Comida rápida,Avenida Del Libertador 182,
-34.56305,-58.61705,Shell,Estaciones de servicio,Avenida Eva Duarte De Perón,
-34.56484,-58.56857,YPF,Estaciones de servicio,110 - José Hernández,
-34.62829,-58.38129,Havanna,Comida rápida,Lima 1740,
-34.62280,-58.46019,Pizzeria El Principito,Comida rápida,Fray Luis Beltrán,
-34.62282,-58.46112,Lo de Ruben,Comida rápida,Avenida Avellaneda,
-34.62342,-58.45911,Cacho de Pizza,Comida rápida,Bogotá,
-34.62334,-58.45881,Pizzeria Telmita,Comida rápida,Avenida Boyacá,
-34.67500,-58.35827,YPF,Estaciones de servicio,Elizalde,
-34.69581,-58.31856,YPF,Estaciones de servicio,Polonia,
-34.65398,-58.52933,Naturgy,Estaciones de servicio,Diagonal 11 - General José María Paz,
-34.55958,-58.46190,Goumet,Comida rápida,Monroe,
-34.79383,-58.52787,Parrilla,Comida rápida,Avenida Los Chivatos,
-34.70514,-58.55622,Taller de camiones,Talleres,Guatemala,
-34.76694,-58.37233,La Nueva,Estaciones de servicio,Avenida Eva Perón,
-34.75393,-58.34580,Shell,Estaciones de servicio,Avenida Eva Perón,
-34.74596,-58.33101,YPF,Estaciones de servicio,Calle 192,
-34.59627,-58.42273,Monzú Pizzeria Bar,Comida rápida,José Antonio Cabrera 3975,
-34.70612,-58.31967,Shell,Estaciones de servicio,Avenida Belgrano,
-34.77164,-58.40471,Gomería,Talleres,Avenida Hipólito Yrigoyen,
-34.75964,-58.39811,La Argentina,Comida rápida,Carlos Pellegrini,
-34.76024,-58.40361,Arte divino tattoo,Comida rápida,Francisco Narciso de Laprida 151,
-34.76187,-58.39978,Cafe Paris,Comida rápida,España,
-34.76154,-58.39348,Sicilia,Comida rápida,Balcarce 302,
-34.76162,-58.39297,GANDULFO CAFETERÍA,Comida rápida,Balcarce 354,
-34.65118,-58.41663,McDonald's,Comida rápida,"-34.65118, -58.41663",
-34.65134,-58.41665,La Rumba,Comida rápida,Avenida Sáenz,
-34.65242,-58.41611,La Continental,Comida rápida,Avenida Sáenz,
-34.65259,-58.41665,Mostaza,Comida rápida,Avenida Sáenz 1045,
-34.63562,-58.58851,Shell,Estaciones de servicio,Avenida Presidente Perón 1684,
-34.74336,-58.39308,Tiara,Comida rápida,"-34.74336, -58.39308",
-34.63485,-58.43765,Giuseppe Helados & Café,Comida rápida,Avenida Asamblea 907,
-34.63513,-58.43754,La Reina del Parque,Comida rápida,Avenida Asamblea 918,
-34.63131,-58.43140,Urondo,Comida rápida,Beauchef 1204,
-34.63265,-58.43686,Del Barco Centenera,Comida rápida,Del Barco Centenera 1150,
-34.59239,-58.44219,Intanto,Comida rápida,Juan Ramírez de Velasco 1153,
-34.68242,-58.55521,Domenica Pizza & Cafe,Comida rápida,Doctor Ignacio Arieta 3596,
-34.62381,-58.40141,Domenica Pizza & Cafe,Comida rápida,Avenida San Juan 2602,
-34.59003,-58.42455,La Escondida,Comida rápida,Costa Rica 4464,
-34.56353,-58.45652,El Club de la Empanada,Comida rápida,Echeverría 2491,
-34.53994,-58.47449,Bahía Fast Food,Comida rápida,Vedia,
-34.60850,-58.37556,La Junta de 1810,Comida rápida,Avenida de Mayo,
-34.59916,-58.37154,Real Restaurant,Comida rápida,25 de Mayo 325,
-34.60650,-58.38061,Wok Express,Comida rápida,Carlos Pelegrini,
-34.64322,-58.57565,Adri & Miguel pizzas y empanadas,Comida rápida,Belgrano,
-34.59721,-58.42496,Mi Gusto,Comida rápida,Estado de Palestina,
-34.65126,-58.64074,Crudos,Comida rápida,Gobernador Inocencio Arias,
-34.82404,-58.48177,Taller Mecanico Carlitos,Talleres,"-34.82404, -58.48177",
-34.81198,-58.47176,Pizzeria La Ventana,Comida rápida,Fernando De Toro,
-34.55776,-58.46069,Starbucks,Comida rápida,Avenida Cabildo 2600,
-34.61365,-58.39118,Café Martínez,Comida rápida,Avenida Belgrano 1775,
-34.61366,-58.39149,Ebro: Restaurant Bar,Comida rápida,Avenida Entre Ríos 390,
-34.55022,-58.45663,Take & Eat,Comida rápida,Arribeños 2941,
-34.61868,-58.43918,Pollo Track,Comida rápida,Parral 59,
-34.56766,-58.45729,Pollo Track,Comida rápida,Vidal 1709,
-34.54727,-58.45684,Strada,Comida rápida,Avenida Del Libertador,
-34.56640,-58.45018,Le Blé,Comida rápida,Virrey Arredondo 2306,
-34.55838,-58.44651,La Parolaccia,Comida rápida,Avenida Del Libertador 5836,
-34.55280,-58.45133,Freeway Motors,Talleres,Avenida Del Libertador 6430,
-34.55082,-58.46283,Hoynococinas,Comida rápida,Arcos 3186,
-34.57006,-58.44423,Soraya,Comida rápida,Avenida Cabildo 739,
-34.56237,-58.44255,Johann,Comida rápida,Avenida Del Libertador,
-34.56323,-58.43822,Delicity,Comida rápida,Avenida Federico Lacroze,
-34.56901,-58.44193,Maru Botana,Comida rápida,11 de Septiembre de 1888 982,
-34.56236,-58.44263,Mos,Comida rápida,Soldado De La Independencia,
-34.60651,-58.36411,Carletto,Comida rápida,Olga Cossetini 791,
-34.55071,-58.45257,Le Blé,Comida rápida,Avenida Del Libertador 6661,
-34.58771,-58.39068,Persicco,Comida rápida,"-34.58771, -58.39068",
-34.56749,-58.45496,La Farola Express,Comida rápida,Amenábar 1602,
-34.53567,-58.47783,Sr. Manfredi,Comida rápida,Francisco Narciso De Laprida,
-34.69962,-58.59359,Pizzería Jireh,Comida rápida,República De Portugal,
-34.46765,-58.50018,El Puesto de Fabio,Comida rápida,Roque Sáenz Peña 1159,
-34.58699,-58.40550,La Tía Zelmira,Comida rápida,French 3015,
-34.61131,-58.37332,Relax III,Comida rápida,Moreno 499,
-34.56804,-58.51648,La Barra,Comida rápida,Avenida 44 - Presidente Arturo Umberto Illia,
-34.60669,-58.56223,fábrica de pizzas,Comida rápida,643 - Avenida del Libertador General José de San Martín 2669,
-34.58655,-58.41411,Starbucks,Comida rápida,Avenida Santa Fe 3490,
-34.47927,-58.57120,Lo de Tate,Comida rápida,Almirante Blanco Encalada,
-34.63781,-58.37529,La Vianda,Comida rápida,Brandsen 1725,
-34.52908,-58.48117,Starbucks,Comida rápida,Avenida Maipú 940,
-34.58388,-58.43616,Hierro bodegon,Comida rápida,Fitz Roy 1722,
-34.58863,-58.43208,Asu Mare Barra Cevichera Palermo,Comida rápida,Thames 1514,
-34.57547,-58.46034,Dulce Buenos Aires,Comida rápida,General Enrique Martínez 1402,
-34.61919,-58.43798,McDonald's,Comida rápida,Avenida Rivadavia,
-34.70553,-58.43431,GNC Plus,Estaciones de servicio,"-34.70553, -58.43431",
-34.55611,-58.44943,Tea & Chicken,Comida rápida,Mendoza,
-34.56331,-58.40343,El Muelle,Comida rápida,Avenida Costanera Rafael Obligado,
-34.68857,-58.38825,Panchos Ricky,Comida rápida,Avenida Hipólito Yrigoyen 2751,
-34.61049,-58.44492,mecanica de biase,Talleres,Planes 858,
-34.55454,-58.44985,Plaz,Comida rápida,Avenida Del Libertador 6248,
-34.55970,-58.44539,Starbucks,Comida rápida,La Pampa 1502,
-34.55701,-58.44769,Méli Mélo,Comida rápida,Avenida Del Libertador 5986,
-34.55692,-58.45094,Suki,Comida rápida,Arribeños,
-34.81665,-58.27750,Pablo,Comida rápida,Ángel N. Lambardi,
-34.80559,-58.40466,Riviera,Comida rápida,Retiro,
-34.81809,-58.46681,Via Giardino,Comida rápida,Leandro N. Alem,
-34.59822,-58.42783,Garbis,Comida rápida,Avenida Estado de Israel 4503,
-34.59122,-58.40633,Bakano Pizza,Comida rápida,Agüero 1669,
-34.59441,-58.41846,Bakano Pizza,Comida rápida,Jerónimo Salguero 1388,
-34.59602,-58.39349,Tienda de Café,Comida rápida,Avenida Santa Fe,
-34.58250,-58.43463,Bakano Pizza,Comida rápida,Fitz Roy 1906,
-34.81441,-58.47391,Pizzeria La Farola,Comida rápida,Francisco Narciso De Laprida,
-34.81900,-58.48541,Pizzeria Express,Comida rápida,Antonio Cervetti,
-34.81832,-58.46691,Velvet,Comida rápida,Doctor Ángel Rotta,
-34.81790,-58.46612,Café Martínez,Comida rápida,Doctor Emilio Cardeza 52,
-34.81561,-58.46873,Burger King,Comida rápida,Leandro N. Alem,
-34.81724,-58.46725,Sabor Express,Comida rápida,"-34.81724, -58.46725",
-34.81769,-58.46847,Lo de Cata,Comida rápida,Mariano Acosta,
-34.81829,-58.46865,Pizzeria La Nueva,Comida rápida,Vicente López Y Planes,
-34.60431,-58.41302,Megamoto,Insumos de motos,Avenida Corrientes,
-34.55598,-58.45757,Arma tu Pizza,Comida rápida,Arcos,
-34.58984,-58.41675,Pinot,Comida rápida,General Lucio Norberto Mansilla 3802,
-34.58014,-58.41295,Coco Café,Comida rápida,Cabello 3794,
-34.57857,-58.41332,Rotondo,Comida rápida,Cerviño 3901,
-34.71843,-58.39413,Panchos Riki,Comida rápida,General O'brien,
-34.70037,-58.39219,Encuentros,Comida rápida,Amancio Alcorta,
-34.60817,-58.39222,Starbucks,Comida rápida,Avenida Callao 98,
-34.68858,-58.63649,YPF,Estaciones de servicio,Tierra Del Fuego,
-34.59956,-58.37216,Delhi Darbar,Comida rápida,Viamonte,
-34.57827,-58.43757,La Mar,Comida rápida,Arévalo 2024,
-34.57847,-58.43778,Le Pain Quotidien,Comida rápida,Nicaragua 6002,
-34.59907,-58.43593,Salgado Alimentos,Comida rápida,Juan Ramírez de Velasco 401,
-34.61779,-58.46882,Nacha,Comida rápida,Fray Cayetano Rodríguez,
-34.76513,-58.27482,Parador El 22,Comida rápida,General Manuel Savio,
-34.55215,-58.45358,Chef León,Comida rápida,Manuel Ugarte,
-34.61462,-58.36880,Paseo Colon,Comida rápida,Avenida Paseo Colón,
-34.60398,-58.50169,Pizzería Zen,Comida rápida,Tinogasta,
-34.55753,-58.46034,Café Martínez,Comida rápida,Avenida Cabildo 2575,
-34.71576,-58.29825,Shell,Estaciones de servicio,Cerrito,
-34.67783,-58.34689,Pizzeria Los Tres Ases,Comida rápida,Avenida Bartolomé Mitre 2772,
-34.66943,-58.35564,Pizzeria Nueva Galli,Comida rápida,Coronel Lacarra 41,
-34.59131,-58.43628,Sarkis,Comida rápida,Thames,
-34.59781,-58.41334,Los Cocos,Comida rápida,Avenida Córdoba,
-34.59191,-58.44758,La Farola de Dorrego,Comida rápida,Avenida Corrientes,
-34.64107,-58.40452,Basilico,Comida rápida,Los Patos 2988,
-34.60424,-58.39150,La Chiviteria,Comida rápida,Avenida Corrientes 1743,
-34.56257,-58.46640,Wakusei,Comida rápida,Zapiola 2480,
-34.58825,-58.42922,La Panera Rosa,Comida rápida,Jorge Luis Borges 1685,
-34.63891,-58.50996,Parador 40,Comida rápida,Avenida Rivadavia,
-34.59232,-58.44048,Parrilla La Luli,Comida rápida,Avenida Juan Bautista Justo,
-34.81926,-58.27180,Pizzeria Zas,Comida rápida,Montevideo,
-34.75197,-58.58765,YPF,Estaciones de servicio,Beethoven,
-34.59403,-58.44690,Los Bohemios,Comida rápida,Humboldt,
-34.57559,-58.44406,Centro Montañés - Casa de Cantabria,Comida rápida,Jorge Newbery 2818,
-34.59369,-58.44570,Alra (repuestos y Servicio),Talleres,Avenida Corrientes 5974,
-34.59380,-58.44556,Alra (repuestos),Talleres,Avenida Corrientes,
-34.59656,-58.44259,La Continental,Comida rápida,Serrano,
-34.59674,-58.44240,Nápoles,Comida rápida,Avenida Corrientes,
-34.59836,-58.44063,Frankie 400,Comida rápida,Avenida Corrientes 5400,
-34.59616,-58.44253,Punta Serrano,Comida rápida,Serrano,
-34.59705,-58.44158,Simão,Comida rápida,Gurruchaga,
-34.59849,-58.44007,Starbucks,Comida rápida,Avenida Corrientes 5347,
-34.59553,-58.44323,Morita,Comida rápida,Avenida Corrientes,
-34.45045,-58.55151,La Casita,Comida rápida,Avenida Nicolás Avellaneda 1602,
-34.74759,-58.22567,Shell,Estaciones de servicio,Avenida Mitre,
-34.75476,-58.19652,Shell,Estaciones de servicio,Avenida 14 - Almirante Brown,
-34.76718,-58.21986,Shell,Estaciones de servicio,Avenida 14 - Gastón F. Rigolleau,
-34.76909,-58.28377,YPF,Estaciones de servicio,Avenida General Mosconi,
-34.77766,-58.22219,YPF,Estaciones de servicio,Avenida 21 - Doctora Julieta Lanteri,
-34.78265,-58.20962,Shell,Estaciones de servicio,Calle 30,
-34.78317,-58.23161,Shell,Estaciones de servicio,Avenida Dardo Rocha,
-34.72351,-58.27051,Shell,Estaciones de servicio,Andrés Baranda,
-34.72468,-58.33587,YPF,Estaciones de servicio,Camino General Belgrano,
-34.72801,-58.41964,YPF,Estaciones de servicio,Avenida General Martín Rodríguez,
-34.73245,-58.28029,Shell,Estaciones de servicio,Avenida La Plata,
-34.73312,-58.40988,YPF,Estaciones de servicio,Avenida Presbítero Pedro Francisco de Uriarte,
-34.74221,-58.43109,Gulf,Estaciones de servicio,Colectora Camino Presidente Juan Domingo Perón,
-34.75114,-58.30587,Shell,Estaciones de servicio,Calle 816,
-34.77674,-58.30666,Dapsa,Estaciones de servicio,Eva Perón,
-34.67405,-58.34450,YPF,Estaciones de servicio,Avenida General Roca,
-34.67724,-58.36614,Shell,Estaciones de servicio,General Güemes 934,
-34.68243,-58.34343,YPF,Estaciones de servicio,Estado De Israel,
-34.68289,-58.34404,Shell,Estaciones de servicio,Avenida General Joaquín Madariaga,
-34.68704,-58.35820,YPF,Estaciones de servicio,Avenida Crisólogo Larralde,
-34.70241,-58.33953,YPF,Estaciones de servicio,Avenida Crisólogo Larralde,
-34.70512,-58.33583,YPF,Estaciones de servicio,Boulevard De Los Italianos,
-34.71835,-58.29192,YPF,Estaciones de servicio,Avenida Dardo Rocha,
-34.68757,-58.52246,Shell,Estaciones de servicio,Avenida Intendente Esteban Crovara,
-34.69700,-58.62697,YPF,Estaciones de servicio,Avenida Carlos Casares,
-34.74332,-58.41103,Siglo XX,Comida rápida,Avenida Alberto Larroque,
-34.64350,-58.58174,Oil Center,Talleres,Avenida Rivadavia,
-34.46101,-58.52757,YPF,Estaciones de servicio,Avenida Centenario 1940,
-34.46484,-58.54440,Shell,Estaciones de servicio,Avenida Andrés Rolón 2287,
-34.48264,-58.49075,Shell,Estaciones de servicio,Avenida del Libertador,
-34.60918,-58.44988,Restaurante Nuevo Candilejas,Comida rápida,Avenida Gaona 1499,
-34.56339,-58.45153,Tomasso,Comida rápida,La Pampa 2116,
-34.72360,-58.25630,Balcarce,Comida rápida,Garibaldi,
-34.61408,-58.45950,El Ombu,Comida rápida,Avenida Gaona 2304,
-34.60563,-58.41335,Open Gallo,Comida rápida,Gallo,
-34.52722,-58.55044,Oliver Cafe,Comida rápida,Paraná 6697,
-34.52751,-58.55053,Las Delicias Delicatessen,Comida rápida,Avenida Bernardo Ader 4088,
-34.56596,-58.46352,Campo Porteño,Comida rápida,Juramento 3101,
-34.56613,-58.46338,Café Martínez,Comida rápida,Juramento 3102,
-34.54698,-58.55572,Sushiclub,Comida rápida,61 - Lacroze,
-34.54625,-58.55621,Piedra Libre,Comida rápida,61 - Lacroze 5141,
-34.59134,-58.42533,Dabbang,Comida rápida,Avenida Raúl Scalabrini Ortiz 1543,
-34.76024,-58.40323,La Fabrica de Pizzas,Comida rápida,Francisco Narciso de Laprida 437,
-34.54451,-58.55563,El Parece Burger,Comida rápida,126 - Gregorio Aráoz De Lamadrid,
-34.59206,-58.42331,Vino Tinto,Comida rápida,Julián Álvarez 1602,
-34.71909,-58.25547,Buenos Aires Sushi,Comida rápida,Nicolás Videla 363,
-34.74283,-58.39720,Astral,Comida rápida,"-34.74283, -58.39720",
-34.58294,-58.39930,Pizza Cero,Comida rápida,"-34.58294, -58.39930",
-34.61727,-58.39755,Pinuccio,Comida rápida,Chile,
-34.60551,-58.43954,Parrilla Los Chanchitos,Comida rápida,Avenida Ángel Gallardo 601,
-34.59884,-58.37481,El viejo verde,Comida rápida,Avenida Córdoba,
-34.58846,-58.42604,Chaya Cocina-Bar,Comida rápida,Armenia 1820,
-34.60470,-58.44810,Don Zoilo,Comida rápida,Luis Viale 501,
-34.57767,-58.40736,Casa Cavia,Comida rápida,Cavia 2985,
-34.58992,-58.43700,Pizzería Angelín,Comida rápida,Avenida Córdoba 5270,
-34.59154,-58.43069,Dario Gualtieri Bistro,Comida rápida,Armenia 1378,
-34.58915,-58.43572,Don Niceto,Comida rápida,Coronel Niceto Vega 5255,
-34.59190,-58.41358,Los Muchachos de Punto y Banca,Comida rápida,General Lucio Norberto Mansilla 3494,
-34.57903,-58.43810,La Pulpería de Francisco Empanadas Caseras,Comida rápida,Arévalo 1951,
-34.58739,-58.43181,Club Eros,Comida rápida,Uriarte 1609,
-34.61617,-58.37446,Gran Parrilla del Plata,Comida rápida,Chile 594,
-34.62968,-58.35683,El Obrero,Comida rápida,Agustín R. Caffarena 64,
-34.59389,-58.42753,La Fachada,Comida rápida,Aráoz 1283,
-34.63444,-58.50971,Sr. Novillo,Comida rápida,Alejandro Magariños Cervantes,
-34.59249,-58.37699,Grand Café,Comida rápida,Basavilbaso 1340,
-34.57018,-58.44515,Gourmet,Comida rápida,Avenida Federico Lacroze 2425,
-34.61280,-58.41760,El Mirasol de Boedo,Comida rápida,Boedo 136,
-34.59063,-58.42705,Caldén del Soho,Comida rápida,Honduras 4701,
-34.58712,-58.43856,La Pepita,Comida rápida,Avenida Coronel Niceto Vega 5525,
-34.58953,-58.39116,La Pécora Nera,Comida rápida,Ayacucho 1785,
-34.62045,-58.38289,Aramburu Restó,Comida rápida,Salta 1050,
-34.59771,-58.38031,Santos Manjares,Comida rápida,Paraguay 938,
-34.58177,-58.40761,Chungo,Comida rápida,Cabello 3300,
-34.56212,-58.45638,Brioche Dorée,Comida rápida,Avenida Cabildo 2093,
-34.61120,-58.36602,Chila,Comida rápida,Avenida Alicia Moreau de Justo 1160,
-34.59273,-58.40291,Souriana,Comida rápida,Ecuador 1507,
-34.58238,-58.42029,El Galeón,Comida rápida,Avenida Santa Fe 4002,
-34.60394,-58.38743,La Giralda Cafetería,Comida rápida,Avenida Corrientes 1453,
-34.56353,-58.41812,El Puestito del Tío,Comida rápida,Avenida Dorrego 4045,
-34.57438,-58.42214,CoCo Fresh Tea & Juice,Comida rápida,Demaría 4615,
-34.58674,-58.43903,4090,Comida rápida,Avenida Coronel Niceto Vega 5591,
-34.57451,-58.45423,La Fachada,Comida rápida,Capitán General Ramón Freire 1100,
-34.58828,-58.43102,Peter's Hot Dog,Comida rápida,Honduras 5076,
-34.58183,-58.44780,Pancho Villa,Comida rápida,Avenida Álvarez Thomas,
-34.60937,-58.39620,Beio,Comida rápida,Avenida Rivadavia 2099,
-34.60581,-58.39324,Midday,Comida rápida,Teniente General Juan Domingo Perón,
-34.66006,-58.61601,Minimercado,Comida rápida,Avenida Hipólito Yrigoyen,
-34.66254,-58.48681,pizzeria,Comida rápida,Avenida Eva Perón 5751,
-34.61474,-58.37168,Brasserie Petanque,Comida rápida,Defensa 596,
-34.65032,-58.62290,la intendencia,Comida rápida,Almirante Brown,
-34.59985,-58.39942,Subway,Comida rápida,Avenida Córdoba 2248,
-34.59582,-58.40003,Subway,Comida rápida,Azcuénaga 1064,
-34.57803,-58.43796,Starbucks,Comida rápida,Nicaragua 6045,
-34.62240,-58.39016,YPF,Estaciones de servicio,Avenida San Juan,
-34.65529,-58.33719,Shell,Estaciones de servicio,Génova,
-34.62911,-58.40335,YPF,Estaciones de servicio,Avenida Juan de Garay,
-34.64391,-58.39937,YPF,Estaciones de servicio,Montesquieu,
-34.59968,-58.51042,Café de la Plaza Bistro,Comida rápida,Avenida Lincoln 3990,
-34.59744,-58.38554,Restaurante Norte,Comida rápida,Talcahuano 953,
-34.74261,-58.39730,Las Vegas,Comida rápida,Domingo French 181,
-34.64344,-58.58144,Lo Priore,Talleres,Avenida Rivadavia,
-34.64011,-58.55308,Ristretto,Comida rápida,Avenida Rivadavia 13230,
-34.63192,-58.48469,Le Roi,Comida rápida,Segurola 207,
-34.58847,-58.38278,Liber cafe,Comida rápida,Libertad,
-34.58693,-58.38559,Serafin,Comida rápida,Avenida Del Libertador,
-34.58611,-58.38742,Sotovoce cafe,Comida rápida,Ayacucho,
-34.61482,-58.38183,Bonafide,Comida rápida,Lima,
-34.62350,-58.41645,Don Segundo Fiambrería y Cafetería,Comida rápida,Avenida Boedo 857,
-34.59333,-58.38301,Café Martínez,Comida rápida,Cerrito 1264,
-34.59611,-58.38437,Piola,Comida rápida,Libertad 1078,
-34.59681,-58.38434,Torre Paris,Comida rápida,Marcelo T. de Alvear 1201,
-34.61857,-58.42983,La Tolva,Comida rápida,Rosario 100,
-34.61686,-58.42164,Loft,Comida rápida,Belgrano 3902,
-34.61615,-58.42883,Parecchio,Comida rápida,Avenida La Plata 96,
-34.61746,-58.43497,Club Milanesa,Comida rápida,Avenida Rivadavia 4945,
-34.64379,-58.58352,Nando Scap,Talleres,Avenida Rivadavia,
-34.60026,-58.51155,Delon,Comida rápida,Avenida Chivilcoy,
-34.60966,-58.39667,Bellagamba Bodegón,Comida rápida,Avenida Rivadavia 2138,
-34.61353,-58.41655,Gomería,Talleres,Avenida Hipólito Yrigoyen 3535,
-34.59328,-58.44428,Don Jorge,Comida rápida,Darwin,
-34.59896,-58.44194,Il Migliore,Comida rápida,Camargo,
-34.57317,-58.46829,Retamas,Comida rápida,La Pampa 3814,
-34.61109,-58.41742,Cacillo,Comida rápida,Maza,
-34.61798,-58.39146,Gardel,Comida rápida,Avenida Independencia,
-34.60890,-58.38912,Café Martínez,Comida rápida,Montevideo,
-34.60941,-58.39750,McDonald's,Comida rápida,Avenida Rivadavia,
-34.61101,-58.41985,Asturia,Comida rápida,Avenida Rivadavia,
-34.60890,-58.38902,Wimpy,Comida rápida,Montevideo,
-34.56802,-58.46499,Croxi,Comida rápida,Conde 2020,
-34.56795,-58.46505,Jolie Bistro,Comida rápida,Conde 2036,
-34.57671,-58.46583,Ròncole,Comida rápida,Avenida de los Incas 3802,
-34.56825,-58.46449,Tea Connection,Comida rápida,Echeverría 3292,
-34.56794,-58.46401,Maru Botana,Comida rápida,Echeverría 3240,
-34.56787,-58.46391,Maru Botana,Comida rápida,Echeverría 3230,
-34.55552,-58.44800,Talleres Álvarez,Talleres,Mendoza 1448,
-34.57328,-58.43811,Cafezenda,Comida rápida,Avenida Cabildo 199,
-34.57857,-58.42502,La Farola de Pacífico,Comida rápida,Avenida Santa Fe 4599,
-34.57164,-58.45835,Royal Einfeld,Insumos de motos,Avenida Elcano 3060,
-34.57155,-58.45871,La Farola,Comida rápida,Avenida Elcano 3059,
-34.57149,-58.45868,Who,Comida rápida,Avenida Elcano 3059,
-34.57137,-58.45862,Almacén de Pizzas,Comida rápida,Avenida Elcano 3043,
-34.57147,-58.45729,jakub,Comida rápida,Zapiola 1502,
-34.57251,-58.45810,Crisol,Comida rápida,Capitán General Ramón Freire 1502,
-34.57305,-58.45961,Tienda de Café,Comida rápida,Avenida Elcano 3199,
-34.57288,-58.45947,Starbucks,Comida rápida,Avenida Elcano 3179,
-34.50070,-58.54734,Su casa,Comida rápida,Colectora Panamericana Oeste 1968,
-34.61447,-58.38585,Plaza Mayor,Comida rápida,Venezuela,
-34.62785,-58.46005,Aromi,Comida rápida,Gavilán,
-34.62763,-58.45950,Burger King,Comida rápida,Avenida Rivadavia,
-34.62779,-58.45906,McDonald's,Comida rápida,Avenida Rivadavia,
-34.62893,-58.46252,San Jose,Comida rápida,Avenida Rivadavia,
-34.62823,-58.46109,Bonafide,Comida rápida,Avenida Rivadavia,
-34.58432,-58.43630,Campobravo Palermo,Comida rápida,Honduras 5600,
-34.58362,-58.43380,Keyaki,Comida rápida,Humboldt 1895,
-34.58438,-58.43673,Wapa,Comida rápida,Fitz Roy,
-34.58382,-58.43609,Muralla,Comida rápida,Fitz Roy,
-34.58034,-58.43217,Sudestada,Comida rápida,Guatemala,
-34.63815,-58.37116,El Milenio,Comida rápida,Avenida Suárez 1379,
-34.57406,-58.45995,Shawami,Comida rápida,Avenida Elcano 3289,
-34.57393,-58.45988,Subway,Comida rápida,Avenida Elcano 3285,
-34.57456,-58.45999,Havanna,Comida rápida,Avenida Elcano 3335,
-34.63551,-58.48961,Gomeria 24 Hs.,Gomerías,Avenida Rivadavia,
-34.63947,-58.49494,Valle Miñor,Comida rápida,Rafaela,
-34.61647,-58.37896,Emi's Coffe House,Comida rápida,Tacuarí 701,
-34.61580,-58.37893,Te Pizza el Gallo,Comida rápida,Tacuarí,
-34.59874,-58.63596,YPF,Estaciones de servicio,Esteban De Luca,
-34.53959,-58.47498,Mut Ter Ott,Comida rápida,Avenida Cabildo 4963,
-34.64021,-58.36195,Patagonia Sur,Comida rápida,Rocha,
-34.59601,-58.39311,McDonald's,Comida rápida,"-34.59601, -58.39311",
-34.47920,-58.49328,Pepino,Comida rápida,Avenida del Libertador 14475,
-34.48293,-58.48981,La Farola Express,Comida rápida,Avenida del Libertador 13925,
-34.48418,-58.48925,La Cabaña,Comida rápida,Avenida del Libertador 13800,
-34.47802,-58.49537,Antares,Comida rápida,Avenida del Libertador 14643,
-34.48388,-58.48888,Mad Pasta,Comida rápida,Avenida del Libertador 13797,
-34.47719,-58.49699,Havanna,Comida rápida,Avenida del Libertador 14799,
-34.47559,-58.49971,Kansas Grill & Bar,Comida rápida,Avenida del Libertador 15089,
-34.47847,-58.49450,La Campiña,Comida rápida,General Güemes,
-34.47814,-58.49518,La Parolaccia Trattoria - San Isidro,Comida rápida,Avenida del Libertador 14621,
-34.48174,-58.49166,Agave,Comida rápida,Avenida del Libertador 14186,
-34.47748,-58.49646,McDonald's,Comida rápida,Avenida del Libertador 14701,
-34.48308,-58.49039,O' Hashi Bar,Comida rápida,Avenida del Libertador 13946,
-34.48149,-58.49188,Tatú Empanadas,Comida rápida,Avenida del Libertador 14204,
-34.47821,-58.49567,The Embers,Comida rápida,Avenida del Libertador 14638,
-34.48154,-58.49122,Pulpería,Comida rápida,Avenida del Libertador 14199,
-34.66191,-58.36529,Blois,Comida rápida,25 De Mayo,
-34.63443,-58.37518,Undici,Comida rápida,"-34.63443, -58.37518",
-34.47946,-58.50401,nües - cocina y café,Comida rápida,Eduardo Costa 838,
-34.65659,-58.52635,La Posta de Manuela,Comida rápida,Avenida General Paz,
-34.59731,-58.43917,Café Crespin,Comida rápida,Vera,
-34.59949,-58.43845,Havanna,Comida rápida,Avenida Raúl Scalabrini Ortiz,
-34.66540,-58.53747,Gomería Los Reyes,Talleres,Venancio Flores,
-34.47706,-58.50963,Isidro,Comida rápida,Avenida Santa Fe 400,
-34.76425,-58.43230,YPF,Estaciones de servicio,"-34.76425, -58.43230",
-34.47161,-58.51477,Kentucky,Comida rápida,Avenida Centenario 14,
-34.58148,-58.49451,LUBRICENTRO JAR,Talleres,Avenida General Mosconi 2288,
-34.56429,-58.51454,Shell,Estaciones de servicio,1 - Avenida de los Constituyentes 1806,
-34.56751,-58.43482,Tilo,Comida rápida,Jorge Newbery,
-34.56823,-58.43578,Sheikob's Bagels,Comida rápida,"-34.56823, -58.43578",
-34.54191,-58.57154,YPF,Estaciones de servicio,Diagonal 75 - Artigas,
-34.54524,-58.58184,Puma,Estaciones de servicio,97 - Estanislao Zeballos,
-34.55478,-58.57438,Shell,Estaciones de servicio,101 - 9 de Julio 4301,
-34.55581,-58.55207,Shell,Estaciones de servicio,71 - América,
-34.57389,-58.58389,Shell,Estaciones de servicio,800 - Triunvirato (tf) / 141 - Avenida Triunvirato (gsm),
-34.57889,-58.55155,Axion,Estaciones de servicio,Avenida 64 - Presidente Juan Domingo Perón,
-34.58481,-58.60418,Shell,Estaciones de servicio,853 - Avenida Bernabé Márquez,
-34.61615,-58.63402,YPF,Estaciones de servicio,Pedro Martínez,
-34.61663,-58.54048,YPF,Estaciones de servicio,307 - Avenida Marcelo Torcuato de Alvear 2701,
-34.62573,-58.56308,Shell,Estaciones de servicio,307 - Avenida Marcelo Torcuato De Alvear,
-34.59482,-58.44025,Marcelina & García,Comida rápida,Serrano,
-34.57005,-58.43572,Cantegril,Comida rápida,Avenida Luis María Campos 701,
-34.76358,-58.61907,Burger King,Comida rápida,2 De Abril,
-34.76353,-58.61912,Mostaza,Comida rápida,Apipé,
-34.76349,-58.61918,Subway,Comida rápida,"-34.76349, -58.61918",
-34.76343,-58.61926,Pizzeria Crocatta,Comida rápida,2 De Abril,
-34.76334,-58.61937,Balcarce,Comida rápida,2 De Abril,
-34.76339,-58.61932,Gourmet,Comida rápida,2 De Abril,
-34.60150,-58.36477,Piacere,Comida rápida,Pierina Dealessi 340,
-34.80480,-58.44922,Pizza Mania,Comida rápida,"-34.80480, -58.44922",
-34.76157,-58.38717,Pizzería Dimax,Comida rápida,Cerrito 1102,
-34.76762,-58.39635,Don Segundo,Comida rápida,Almirante Brown 2480,
-34.76642,-58.40005,Panchos Ricky,Comida rápida,España 401,
-34.76645,-58.40200,Guten Bier,Comida rápida,Italia 496,
-34.76681,-58.40227,Olika,Comida rápida,Italia 526,
-34.76139,-58.40367,Lo de Mingo,Comida rápida,José Ignacio Gorriti 431,
-34.76142,-58.39435,La Florencia,Comida rápida,Balcarce 250,
-34.47488,-58.55601,Pirelli,Gomerías,Avenida Sucre 2508,
-34.54564,-58.48821,Starbucks,Comida rápida,Vedia 3626,
-34.76033,-58.39494,Pizzería Don Esteban,Comida rápida,Julio Fonrouge 199,
-34.76548,-58.40038,Los Cardales,Comida rápida,Bartolomé Mitre 200,
-34.76529,-58.40017,Negroni,Comida rápida,España 358,
-34.76514,-58.40412,Direse,Gomerías,Vicente Oliden 1832,
-34.76486,-58.40331,Gomería Neumen,Gomerías,Avenida Hipólito Yrigoyen 9398,
-34.76430,-58.39984,Sushi Jó,Comida rápida,José Eusebio Colombres 187,
-34.75893,-58.38748,Masapara S.A.,Comida rápida,Francisco Amero 240,
-34.76171,-58.39377,La Provisión,Comida rápida,Balcarce 299,
-34.76695,-58.40249,Pasta Rossa,Comida rápida,Italia 550,
-34.71122,-58.35201,ViCar,Estaciones de servicio,Avenida Donato Álvarez,
-34.68099,-58.38506,Il Bersagliere,Comida rápida,Avenida Hipólito Yrigoyen 2017,
-34.61615,-58.37502,Garage Bar,Comida rápida,Chile,
-34.58156,-58.44137,El Podio,Comida rápida,Arévalo,
-34.69718,-58.50611,Las Canchas,Comida rápida,Avenida Vélez Sarsfield 52,
-34.54758,-58.49088,Comedor Panamericana Plaza,Comida rápida,Pico,
-34.66664,-58.35675,Crucesita GNC,Estaciones de servicio,Avenida Bartolomé Mitre,
-34.72568,-58.25834,G.N.C.,Estaciones de servicio,Avenida Hipólito Yrigoyen 744,
-34.72716,-58.30063,GNC,Estaciones de servicio,Boedo,
-34.74828,-58.58057,Puma,Estaciones de servicio,Vernet,
-34.49756,-58.48390,Morelia,Comida rápida,Avenida del Libertador 3499,
-34.67945,-58.58409,Tres Reinas,Comida rápida,"-34.67945, -58.58409",
-34.60229,-58.38254,Café Metro Bar,Comida rápida,Cerrito 528,
-34.46518,-58.52192,La Esquina del Neumático,Gomerías,Avenida Centenario 1299,
-34.58683,-58.42982,Café Libros del Pasaje,Comida rápida,Thames 1762,
-34.58755,-58.42862,Burger Joint,Comida rápida,Jorge Luis Borges,
-34.76188,-58.35988,TENTATE,Comida rápida,Jujuy,
-34.78171,-58.40583,Subway,Comida rápida,Miguel Soler,
-34.61019,-58.37436,Paseo de Las Luces,Comida rápida,Avenida Presidente Julio A. Roca 598,
-34.46056,-58.50660,Viejo Capitán,Comida rápida,"-34.46056, -58.50660",
-34.59700,-58.38718,Tienda de Café,Comida rápida,Uruguay,
-34.56038,-58.45359,Lo de Carlitos,Comida rápida,Avenida Juramento 2080,
-34.64125,-58.52887,El Prado,Comida rápida,Avenida General Paz,
-34.53985,-58.46610,Rincón Norteño,Comida rápida,Ramallo 1734,
-34.59279,-58.40321,Mi Barrio Hamburguesería,Comida rápida,Arenales 2609,
-34.59328,-58.38762,Rapanui,Comida rápida,Uruguay 1284,
-34.64947,-58.61481,Lo de Carlitos,Comida rápida,Avenida Rivadavia 17780,
-34.62479,-58.52781,Posada de Virreyes,Comida rápida,Nazarre 6102,
-34.75551,-58.40202,Service Autos Zanet,Talleres,Pedro Ignacio Rivera 437,
-34.60394,-58.43880,Morci Café,Comida rápida,Bravard,
-34.63914,-58.52461,Ugi's,Comida rápida,Avenida Rivadavia,
-34.62578,-58.48595,Batata's,Comida rápida,Avenida Gaona 4438,
-34.52781,-58.47118,24 th Street Burger,Comida rápida,Avenida del Libertador 602,
-34.77567,-58.28137,Gomería San Martin,Talleres,"-34.77567, -58.28137",
-34.61993,-58.38572,La Paz,Comida rápida,Carlos Calvo,
-34.60458,-58.37417,Vianda Express,Comida rápida,Sarmiento,
-34.60456,-58.37390,Starbucks,Comida rápida,San Martín 298,
-34.47815,-58.49583,Forest Dan,Comida rápida,Avenida del Libertador 14658,
-34.61801,-58.37295,Banco Rojo,Comida rápida,Bolívar,
-34.73902,-58.39836,Sushi KYU,Comida rápida,Avenida Hipólito Yrigoyen,
-34.75205,-58.40058,Subway,Comida rápida,Avenida Hipólito Yrigoyen,
-34.64333,-58.56407,Pizzarella,Comida rápida,Rosales 117,
-34.74720,-58.39381,Doña Valentina,Comida rápida,Avenida Alsina,
-34.74943,-58.39448,Don Albanese,Comida rápida,Avenida Alsina,
-34.60857,-58.38213,Panchu,Comida rápida,Rivadavia,
-34.61406,-58.37894,Bar Osvaldo,Comida rápida,Venezuela,
-34.76495,-58.39438,Pizza Mia,Comida rápida,Junín,
-34.55088,-58.46635,El Noble,Comida rápida,Avenida Cabildo,
-34.56171,-58.45640,Café Martínez,Comida rápida,Avenida Juramento 2381,
-34.60235,-58.37850,la casona del nono,Comida rápida,Lavalle,
-34.53465,-58.46773,Gilera Motors Argentina,Insumos de motos,Avenida del Libertador 36,
-34.58414,-58.43842,Club de la Milanesa,Comida rápida,Gorriti 5702,
-34.47052,-58.51033,Cien Amores,Comida rápida,Martín y Omar 336,
-34.59341,-58.37624,Torcuato & Regina,Comida rápida,"-34.59341, -58.37624",
-34.65701,-58.64713,Gigi Sport,Insumos de motos,Avenida Estanislao Zeballos,
-34.65132,-58.64165,Crocantino Cafe,Comida rápida,Gobernador Inocencio Arias,
-34.63827,-58.52770,Lucca,Comida rápida,Francisco De Viedma,
-34.55424,-58.45514,Haiku,Comida rápida,Franklin Delano Roosevelt 1806,
-34.46992,-58.51091,Alex Coffee Roasters,Comida rápida,Belgrano,
-34.63911,-58.52083,Samurai,Comida rápida,Avenida Rivadavia,
-34.57701,-58.40515,Le Pain Quotidien,Comida rápida,Jerónimo Salguero 3075,
-34.61958,-58.37440,Le Blé,Comida rápida,Carlos Calvo 601,
-34.57278,-58.44607,La Docena Colegiales,Comida rápida,Amenábar 692,
-34.59069,-58.39102,Almacén Bevant,Comida rápida,Vicente López 1825,
-34.55495,-58.45212,Dogg,Comida rápida,Blanco Encalada,
-34.55278,-58.45760,Taco Box,Comida rápida,Congreso,
-34.58911,-58.43325,La Cabrera Norte,Comida rápida,"-34.58911, -58.43325",
-34.58744,-58.41825,Lo de bebe parilla,Comida rápida,Charcas 3828,
-34.56308,-58.47679,Naon Shop,Comida rápida,Doctor Rómulo Naón,
-34.50629,-58.53573,Ditecar,Talleres,Colectora Panamericana Oeste,
-34.50694,-58.49263,Taller Honda de Lema,Talleres,Avenida Maipú 3131,
-34.59353,-58.42503,NOLA,Comida rápida,Gorriti 4389,
-34.57215,-58.43145,Kiddo,Comida rápida,Arévalo,
-34.57035,-58.43153,Los Mellizos,Comida rápida,Avenida General Indalecio Chenaut,
-34.49207,-58.50742,El Taladro,Comida rápida,Diagonal Salta,
-34.49257,-58.51056,Rotisería La Plaza,Comida rápida,Monseñor Larumbe 798,
-34.60451,-58.38929,Pepito,Comida rápida,Montevideo,
-34.61240,-58.45610,Café Martínez,Comida rápida,Avenida Gaona 2001,
-34.63330,-58.48299,El Cruce,Comida rápida,Segurola,
-34.59165,-58.42419,La Colonia,Comida rápida,Aráoz 1599,
-34.62185,-58.39897,Nueva Casa Japonesa,Comida rápida,Humberto I 2357,
-34.58921,-58.39364,Le Pain Quotidien,Comida rápida,Vicente López 2050,
-34.58779,-58.40805,La Nueva Gata Alegria,Comida rápida,Billinghurst,
-34.57356,-58.42283,Blanca,Comida rápida,Sinclair 3136,
-34.57482,-58.42314,Tea Connection,Comida rápida,Sinclair 3027,
-34.57502,-58.42332,La Catedra,Comida rápida,Avenida Cerviño,
-34.57381,-58.42296,Benedetta,Comida rápida,Sinclair 3102,
-34.56199,-58.44852,Maru Botana,Comida rápida,11 de Septiembre de 1888 1772,
-34.58687,-58.42913,Bilbao Argentina,Comida rápida,Thames 1795,
-34.58740,-58.42995,al árabe,Comida rápida,El Salvador,
-34.58737,-58.43030,La Rosadita,Comida rápida,El Salvador,
-34.58348,-58.43732,Brozziano,Comida rápida,Bonpland 1699,
-34.58776,-58.43043,Chori,Comida rápida,"-34.58776, -58.43043",
-34.58336,-58.43748,𝙿𝙸𝚉𝚉𝙴𝚁Í𝙰 POPULAR – ʀɪɴᴄᴏ́ɴ ɴᴜᴇsᴛʀᴏ,Comida rápida,Honduras 5702,
-34.57331,-58.42220,La Fondue,Comida rápida,Juan Francisco Seguí,
-34.58770,-58.43078,Itamae Sushi,Comida rápida,Thames,
-34.67996,-58.33361,Mostaza,Comida rápida,Carlos Gardel,
-34.58902,-58.42592,La panera rosa,Comida rápida,Costa Rica 4582,
-34.56031,-58.45404,Tostado,Comida rápida,Avenida Juramento 2103,
-34.55815,-58.45187,La Casita de Tucumán,Comida rápida,11 De Septiembre De 1888,
-34.63793,-58.50188,El Bodegón de Villa Luro,Comida rápida,Byron,
-34.56489,-58.43657,Simon,Comida rápida,Migueletes,
-34.55960,-58.45715,Bonafide,Comida rápida,Vuelta de Obligado 2285,
-34.76019,-58.39390,Sushi Nation,Comida rápida,Julio Fonrouge 278,
-34.55471,-58.45999,Autosolutions,Talleres,Cuba 2749,
-34.58400,-58.46615,Gian D,Comida rápida,Guevara,
-34.57336,-58.48446,Bs. As. Green,Comida rápida,Monroe 4938,
-34.53757,-58.46750,Once & Pico,Comida rápida,11 de Septiembre 4658,
-34.55698,-58.44603,Pizza Alla Pala,Comida rápida,Echeverría,
-34.55526,-58.44550,Antonia,Comida rápida,Juramento,
-34.55565,-58.44623,Art - Gal,Talleres,Juramento,
-34.55374,-58.45392,Kenko Point,Comida rápida,Arribeños 2596,
-34.58746,-58.40430,Barbacoa Parrilla,Comida rápida,Bollini 2133,
-34.59433,-58.43911,Malvón,Comida rápida,Serrano,
-34.75518,-58.23217,VSB,Estaciones de servicio,Calle 136,
-34.57309,-58.44147,Martin Cocina,Comida rápida,Zapata 391,
-34.55427,-58.46334,Big Pizza,Comida rápida,Quesada,
-34.55335,-58.46106,Piccolo,Comida rápida,Quesada,
-34.55242,-58.45692,Reparación del Automovil,Talleres,Congreso,
-34.55102,-58.45425,La Tábola,Comida rápida,Congreso 1599,
-34.56924,-58.45346,Foggia,Comida rápida,Moldes 1369,
-34.57289,-58.45742,Lily,Comida rápida,Capitán General Ramón Freire 1444,
-34.57817,-58.49324,El Criollo,Comida rápida,Monroe 5701,
-34.55494,-58.45911,Brothers,Comida rápida,Manuel Ugarte 2117,
-34.57479,-58.50109,Grillo Hnos.,Talleres,Avenida de los Constituyentes 5547,
-34.61730,-58.36212,Red Resto & Lounge,Comida rápida,Juana Manso 1691,
-34.47884,-58.48292,Kite Beach,Comida rápida,Sebastián Elcano,
-34.63154,-58.41615,San Antonio,Comida rápida,Avenida Juan De Garay,
-34.56453,-58.47507,Lucca Heladería Boutique,Comida rápida,Doctor Rómulo Naón,
-34.58935,-58.38895,Confitera Monet,Comida rápida,Presidente Quintana 400,
-34.59665,-58.48625,Bar Rayuela,Comida rápida,Julio Cortázar,
-34.54599,-58.47096,Boxes,Talleres,Avenida San Isidro Labrador,
-34.58338,-58.42922,Trionfale,Comida rápida,Godoy Cruz 2209,
-34.57892,-58.42569,Wendy's,Comida rápida,Godoy Cruz 2634,
-34.63397,-58.52150,La casa de Maga,Comida rápida,Avenida Juan Bautista Justo,
-34.55320,-58.43684,Sucre Restorán,Comida rápida,Mariscal Antonio José de Sucre 676,
-34.60254,-58.42547,Los Floristas,Comida rápida,Avenida Corrientes 4299,
-34.58911,-58.44423,Don Juan,Comida rápida,Bonpland,
-34.58853,-58.44488,Aguirre 1570,Comida rápida,Aguirre 1570,
-34.59065,-58.38502,Clarisimo Café,Comida rápida,Parera 187,
-34.59585,-58.37274,Dora,Comida rápida,Avenida Leandro N. Alem,
-34.60271,-58.37056,Cafe,Comida rápida,Avenida Leandro N. Alem 420,
-34.61444,-58.36964,Hot,Comida rápida,Avenida Paseo Colón,
-34.61468,-58.36963,Latino,Comida rápida,México,
-34.55753,-58.45645,Asuro Sushi,Comida rápida,Blanco Encalada,
-34.57027,-58.40195,Campo Porteño,Comida rápida,"-34.57027, -58.40195",
-34.62505,-58.36456,Su Restaurant,Comida rápida,Avenida Brasil,
-34.58268,-58.43487,Hierro,Comida rápida,Costa Rica 5610,
-34.59951,-58.54511,Anita's,Comida rápida,425 - Rodríguez Peña,
-34.66629,-58.36391,Renatta,Comida rápida,Coronel Brandsen,
-34.56397,-58.43649,La Esquina de Goyo,Comida rápida,Avenida Del Libertador 4948,
-34.58004,-58.40583,Dandy,Comida rápida,Avenida Del Libertador 2410,
-34.60407,-58.38239,Cafetería & Resto Bar,Comida rápida,Cerrito,
-34.61009,-58.38206,Expomoto,Insumos de motos,Lima 133,
-34.61039,-58.38205,Yamaha,Insumos de motos,Lima,
-34.61867,-58.38159,Bikers Motor,Insumos de motos,Lima,
-34.61939,-58.38163,Briones,Talleres,Lima,
-34.61954,-58.38164,Lubricentro Taller,Talleres,Lima,
-34.61963,-58.38162,De Diez,Comida rápida,Carlos Calvo,
-34.59003,-58.42635,Cosi mi Piace,Comida rápida,El Salvador 4618,
-34.53930,-58.45366,Restaurant Centro de Graduados,Comida rápida,Bicisenda Costanera,
-34.55869,-58.44566,Voge,Insumos de motos,Avenida Del Libertador,
-34.56694,-58.43832,Subway,Comida rápida,Avenida Luis María Campos 1025,
-34.62803,-58.38402,Saborando,Comida rápida,"-34.62803, -58.38402",
-34.62817,-58.38132,Gauchito Grill Express,Comida rápida,Lima,
-34.58290,-58.42373,La Carnicería,Comida rápida,Thames 2319,
-34.62846,-58.38129,Roca & Pizza,Comida rápida,Lima,
-34.63095,-58.38252,Don Rolo,Comida rápida,15 De Noviembre De 1889,
-34.62091,-58.38285,Pizzeria Guardalajuana,Comida rápida,Humberto I,
-34.62095,-58.38424,Vivaldi,Comida rápida,Humberto I,
-34.62807,-58.38151,Pizza Al Corte,Comida rápida,Lima,
-34.62876,-58.38147,El Familiar,Comida rápida,Lima,
-34.63102,-58.38541,Pizza Bar,Comida rápida,15 De Noviembre De 1889,
-34.62922,-58.39076,El Farolito,Comida rápida,Brasil,
-34.62689,-58.38527,Pariilla al Carbon,Comida rápida,Avenida Juan De Garay,
-34.62623,-58.38711,La Fira,Comida rápida,Pavón,
-34.62517,-58.39244,Malvinas Argentinas,Comida rápida,Combate De Los Pozos,
-34.62648,-58.39723,Motocentro Díaz,Talleres,Pichincha,
-34.62702,-58.39714,La Cañada,Comida rápida,Pavón,
-34.59831,-58.54373,Arde Troya,Comida rápida,425 - Rodríguez Peña,
-34.62618,-58.37873,Ugi's,Comida rápida,Avenida Bernardo De Irigoyen,
-34.62826,-58.39875,Point,Comida rápida,Avenida Juan De Garay,
-34.62881,-58.40344,Parrilla al Carbon,Comida rápida,Avenida Juan De Garay,
-34.63130,-58.39926,Inyección Computarizada,Talleres,Avenida Brasil,
-34.63080,-58.39783,Bar Arizona,Comida rápida,"-34.63080, -58.39783",
-34.62923,-58.37221,El Viejo Volcano,Comida rápida,Ituzaingó,
-34.55864,-58.46075,Al Spiedo,Comida rápida,Monroe,
-34.55867,-58.46079,Central de Empanadas,Comida rápida,Monroe 2483,
-34.63656,-58.40327,Mazarella,Comida rápida,"-34.63656, -58.40327",
-34.55923,-58.46171,Gomería Dan-Mar,Talleres,Monroe,
-34.63749,-58.40889,El Codo,Comida rápida,Avenida Caseros,
-34.62905,-58.37087,La Piazza,Comida rápida,Defensa,
-34.63656,-58.41498,Moto Grizzly Mecanica,Talleres,Avenida Chiclana 3629,
-34.56114,-58.46498,Kobashi Sushi,Comida rápida,Monroe,
-34.56118,-58.46506,Il Vicolo,Comida rápida,Monroe,
-34.62560,-58.38243,A Lo Más Pancho,Comida rápida,Lima Oeste,
-34.62555,-58.38243,El Gitana,Comida rápida,Lima Oeste,
-34.56004,-58.46269,Bautista,Comida rápida,Moldes,
-34.56125,-58.46471,Mi Flor Max,Comida rápida,Monroe,
-34.58168,-58.43591,vive cafe,Comida rápida,Costa Rica 5722,
-34.59613,-58.39313,El club de la milanesa,Comida rápida,Avenida Callao 1087,
-34.62893,-58.37201,Citroën,Talleres,Bolívar,
-34.63921,-58.36387,Estacion Caminito,Comida rápida,Garibaldi,
-34.62989,-58.37735,La Esquina de Omar,Comida rápida,Doctor Enrique Finochietto,
-34.63411,-58.37571,Starbucks,Comida rápida,Avenida Manuel A. Montes de Oca 483,
-34.63191,-58.37283,Havanna,Comida rápida,Avenida Martín García,
-34.63164,-58.37255,Tienda de Cafe,Comida rápida,Avenida Martín García,
-34.64028,-58.36463,Parilla al Carbon,Comida rápida,Magallanes,
-34.63838,-58.36972,Pizza RRO,Comida rápida,Avenida Regimiento De Patricios,
-34.58665,-58.43287,Pekín Bar de Pizzas,Comida rápida,Godoy Cruz,
-34.55950,-58.47322,Luigi's,Comida rápida,Avenida Doctor Ricardo Balbín,
-34.63425,-58.37036,Parilla,Comida rápida,Avenida Regimiento de Patricios 469,
-34.63340,-58.37012,Restaurante Chino,Comida rápida,Avenida Regimiento de Patricios,
-34.63796,-58.37488,Tercera Docena,Comida rápida,Avenida Manuel A. Montes de Oca,
-34.63808,-58.37486,Café Martínez,Comida rápida,Avenida Manuel A. Montes de Oca 855,
-34.64345,-58.37234,Los Nonos de Barracas,Comida rápida,Isabel la Católica,
-34.51451,-58.52193,McDonald's,Comida rápida,Esteban Echeverría 3750,
-34.64741,-58.37321,Manna Motor's,Talleres,Avenida Manuel A. Montes de Oca,
-34.48270,-58.63677,Barthos,Comida rápida,Corrientes 411,
-34.60341,-58.37238,Starbucks,Comida rápida,Reconquista 383,
-34.61545,-58.37051,Burmana,Comida rápida,Balcarce,
-34.62794,-58.36655,Bar Argerich,Comida rápida,Avenida Almirante Brown,
-34.58145,-58.43696,Madrí mercado de tapas,Comida rápida,Ángel Justiniano Carranza 1859,
-34.41712,-58.59759,Por la vuelta,Comida rápida,Avenida Santa María de las Conchas 2677,
-34.41719,-58.59613,Auxilio Tigre srl,Talleres,José Martí,
-34.65239,-58.64186,Balcarce,Comida rápida,Avenida Rivadavia,
-34.55586,-58.48113,Kekomemos,Comida rápida,Avenida Doctor Ricardo Balbín,
-34.56273,-58.46481,Mi Gusto,Comida rápida,Avenida Doctor Ricardo Balbín,
-34.63609,-58.36365,Don Carlos,Comida rápida,Del Valle Iberlucea,
-34.63773,-58.36267,Zairis,Comida rápida,Del Valle Iberlucea,
-34.63221,-58.36107,Pizzería,Comida rápida,Wenceslao Villafañe,
-34.63446,-58.35959,Comida por Kilo,Comida rápida,Avenida Almirante Brown,
-34.55855,-58.47479,Sacabollos Chaparro,Talleres,Avenida Doctor Ricardo Balbín,
-34.54831,-58.50011,Sabores Norteños,Comida rápida,Mejico,
-34.54545,-58.50118,Viejo Martelli,Comida rápida,Avenida Bartolomé Mitre 398,
-34.54343,-58.50425,Rocamoto Repuestos,Talleres,Avenida Bartolomé Mitre,
-34.58848,-58.42609,Parrilla Don Benito Soho,Comida rápida,Armenia 1810,
-34.61303,-58.36356,La Dorita,Comida rápida,"-34.61303, -58.36356",
-34.63561,-58.55363,Oscar Muniz aire-electricidad-mecánica,Talleres,288 - Mariano Acosta 684,
-34.59110,-58.37451,Havanna,Comida rápida,Avenida Doctor José María Ramos Mejía 1450,
-34.47137,-58.49613,El Braserito,Comida rápida,Sebastián Elcano 600,
-34.56766,-58.43762,Brioche Dorée,Comida rápida,Avenida Luis María Campos,
-34.58853,-58.43164,Full City Coffee House,Comida rápida,Thames,
-34.66065,-58.44160,Pizza Todos,Comida rápida,Avenida Lafuente,
-34.53899,-58.50696,Service Automotor,Talleres,Avenida Bartolomé Mitre 1185,
-34.53894,-58.50699,Mitre Gas GNC,Talleres,Avenida Bartolomé Mitre,
-34.63936,-58.51634,DBM Motos,Insumos de motos,Avenida Rivadavia 10814,
-34.47737,-58.56062,Sushi Mix,Comida rápida,José Ingenieros,
-34.66045,-58.44152,Bombonera Sandwichería,Comida rápida,General Fructuoso Rivera,
-34.65959,-58.44254,Buon Appetito,Comida rápida,Avenida General Francisco Fernández de La Cruz,
-34.65939,-58.44280,La Recova de Soldati,Comida rápida,Avenida General Francisco Fernández de La Cruz,
-34.65934,-58.44287,Salteñas Oruro,Comida rápida,Avenida Lafuente,
-34.61171,-58.39344,Pata Pizza,Comida rápida,Combate De Los Pozos,
-34.60702,-58.39366,La Exposición,Comida rápida,Riobamba,
-34.60704,-58.39340,Eloisa,Comida rápida,Teniente General Juan Domingo Perón,
-34.64095,-58.42073,Pizzas and Empanadas,Comida rápida,Avenida Chiclana,
-34.63965,-58.41960,Parilla,Comida rápida,Treinta Y Tres Orientales,
-34.64518,-58.41598,Restaurant Peña Criolla,Comida rápida,Avenida Sáenz,
-34.63926,-58.41718,Saujil,Comida rápida,Avenida Caseros,
-34.47903,-58.50468,Freedom Cafe,Comida rápida,Perú 202,
-34.54157,-58.52771,Parrilla Carmela,Comida rápida,Avenida 1 - Sir Alexander Fleming,
-34.47930,-58.50523,Molino Café Acassuso,Comida rápida,Perú 199,
-34.47960,-58.50583,Bapizza,Comida rápida,Perú,
-34.48132,-58.50586,Motolandia,Insumos de motos,Avenida Santa Fe 950,
-34.48120,-58.50595,Motolandia,Insumos de motos,Avenida Santa Fe 928,
-34.47985,-58.50574,Pizza y Quarto,Comida rápida,Perú,
-34.50431,-58.53241,La Parrilla,Comida rápida,Hipólito Yrigoyen,
-34.50492,-58.53371,Taller Enzo,Talleres,Hipólito Yrigoyen,
-34.49851,-58.51958,Café D'ellapé,Comida rápida,Avenida Sir Alexander Fleming 2015,
-34.49979,-58.52238,Perseo,Comida rápida,Hipólito Yrigoyen,
-34.49944,-58.54212,Café Martínez,Comida rápida,Avenida Fondo de la Legua 896,
-34.49328,-58.53117,Eliseo,Comida rápida,Dardo Rocha,
-34.49299,-58.53056,Deriva,Comida rápida,Dardo Rocha,
-34.48691,-58.51895,CUADRA,Comida rápida,Dardo Rocha,
-34.49709,-58.53865,Dr. Batty,Comida rápida,Dardo Rocha,
-34.49791,-58.54021,Mylo,Comida rápida,Dardo Rocha,
-34.63253,-58.42566,Per-Noi Cafe,Comida rápida,Avenida Vernet,
-34.64133,-58.43105,Ritorno,Comida rápida,Avenida Cobo,
-34.63372,-58.43261,Pizzicato,Comida rápida,Avenida Asamblea,
-34.63145,-58.41792,Sorrento,Comida rápida,Castro Barros,
-34.57947,-58.41521,Fabric Sushi,Comida rápida,República de la India 1425,
-34.62677,-58.42609,Rotiseria Dany,Comida rápida,Avenida San Juan,
-34.62676,-58.42604,La Birra Bar,Comida rápida,Avenida San Juan 4359,
-34.63051,-58.42580,Big Pizza,Comida rápida,"-34.63051, -58.42580",
-34.62838,-58.42625,Momanata,Comida rápida,Avenida La Plata,
-34.82039,-58.19206,López,Talleres,Camino General Belgrano,
-34.81958,-58.19345,Taller de Motos,Talleres,Camino General Belgrano,
-34.81325,-58.18999,Gomería,Gomerías,Calle 53,
-34.80963,-58.18720,El Surtidor,Comida rápida,Calle 53,
-34.80834,-58.18616,Fábrica de Pizzas,Comida rápida,Calle 53,
-34.80820,-58.18594,Master Fest,Comida rápida,Calle 53,
-34.63896,-58.45379,El Tata,Comida rápida,Avenida Eva Perón,
-34.63517,-58.44745,Impala,Comida rápida,Avenida Curapaligüe,
-34.50474,-58.53333,Speedy Fernández,Comida rápida,Hipólito Yrigoyen,
-34.82047,-58.19256,Corona Motos,Insumos de motos,Camino General Belgrano,
-34.81493,-58.19183,Lujan,Talleres,Calle 53,
-34.58038,-58.43577,La Jalapeña,Comida rápida,Ángel Justiniano Carranza 1969,
-34.49927,-58.52181,Rapid Oil Change Puntoglobal,Talleres,Hipólito Yrigoyen,
-34.49847,-58.52000,Todo al Spiedo,Comida rápida,Hipólito Yrigoyen 1625,
-34.49843,-58.51993,Rock and Burger,Comida rápida,Hipólito Yrigoyen 1623,
-34.58006,-58.43570,La Cañita,Comida rápida,Ángel Justiniano Carranza,
-34.49184,-58.50949,Café Zeli,Comida rápida,Necochea,
-34.49114,-58.50981,Gianella Caffè e Tè,Comida rápida,Diagonal Tucumán,
-34.49206,-58.50937,Frente al Sol,Comida rápida,Diagonal Salta 696,
-34.49070,-58.51772,Pizza Cabre's Gourmet,Comida rápida,Diagonal Salta,
-34.49306,-58.52250,Ugarte,Gomerías,Avenida Sir Alexander Fleming 1292,
-34.49260,-58.52276,Renault Minuto,Talleres,Avenida Sir Alexander Fleming 1220,
-34.49115,-58.52361,Comida al Paso,Comida rápida,Avenida Sir Alexander Fleming,
-34.61641,-58.37858,Pizza Vegana San Telmo,Comida rápida,Chile 882,
-34.57734,-58.43063,Veganius,Comida rápida,Bonpland 2444,
-34.56770,-58.53817,Lucky Lion Scooters Electricos,Insumos de motos,64 - Avenida Juan D. Perón,
-34.49063,-58.50301,Casita China,Comida rápida,Hipólito Yrigoyen,
-34.58008,-58.42362,Le Ble,Comida rápida,Avenida Santa Fe 4392,
-34.58876,-58.43242,Il Matterelo,Comida rápida,Thames,
-34.58203,-58.43402,Moksha,Comida rápida,Fitz Roy 1962,
-34.58816,-58.42757,Comida Central,Comida rápida,Gurruchaga 1776,
-34.59205,-58.63534,Heladería Rino,Comida rápida,Juan Diaz de Solis,
-34.59198,-58.62428,ZAR Burguers,Comida rápida,Avenida Julio Argentino Roca 875,
-34.60039,-58.62452,Miguel - chapa y pintura,Talleres,General Alfredo Rodríguez,
-34.59868,-58.63455,Heladería Necochea,Comida rápida,General Mariano Necochea,
-34.60009,-58.62426,Parque Quirno Motors,Talleres,General Alfredo Rodríguez 1472,
-34.59874,-58.62258,Filo - chapa y pintura,Talleres,General Alfredo Rodríguez,
-34.67286,-58.55341,After Gym Cafe,Comida rápida,Rincón,
-34.61922,-58.37162,Choripaneria,Comida rápida,Defensa 963,
-34.64142,-58.56171,El Noble,Comida rápida,Bartolomé Mitre,
-34.64105,-58.56132,Pueyrredón 80 Servicio de Lunch,Comida rápida,Pueyrredón 80,
-34.81293,-58.19004,Maritimo Suspensión,Talleres,Calle 53,
-34.81131,-58.18868,Lo d' Carlitos,Comida rápida,Calle 53,
-34.80862,-58.18677,La Metrox,Comida rápida,Calle 53,
-34.63839,-58.44485,Pizzeria Mr. Mago,Comida rápida,Avenida Curapaligüe,
-34.48528,-58.50326,Sunra vehículos eléctricos,Insumos de motos,Avenida Santa Fe 1447,
-34.57428,-58.53387,2027,Comida rápida,79 - 25 de Mayo 2027,
-34.63483,-58.43598,Café Martínez,Comida rápida,Avenida Asamblea 824,
-34.63542,-58.43894,Asamblea Plaza,Comida rápida,Avenida Asamblea,
-34.62782,-58.44893,Rapanui,Comida rápida,Avenida Pedro Goyena,
-34.57893,-58.53019,AJ Neumaticos,Gomerías,42 - Perdriel,
-34.63452,-58.43595,Bonafide,Comida rápida,Del Barco Centenera,
-34.47949,-58.50740,Michelin,Gomerías,Avenida Santa Fe 702,
-34.63363,-58.41045,Baterías Marrapodi,Talleres,Avenida Chiclana,
-34.63405,-58.40670,Go Pro,Talleres,Avenida Brasil,
-34.63393,-58.40633,Cafe Bar,Comida rápida,Avenida Brasil,
-34.57749,-58.53669,Sabores Express,Comida rápida,89 - Intendente Alberto Manuel Campos 1986,
-34.63058,-58.41844,Todo Rico,Comida rápida,Avenida Pavón,
-34.63048,-58.41763,Rey de Copas,Comida rápida,Avenida Pavón,
-34.62964,-58.41328,Gomería,Gomerías,Pavón,
-34.62922,-58.40691,Lubricentro,Talleres,Avenida Juan de Garay,
-34.62934,-58.40800,Pizza Pepe,Comida rápida,Avenida Juan de Garay,
-34.62953,-58.40899,Sushi fun,Comida rápida,Avenida Juan de Garay,
-34.63798,-58.41143,Kainos,Comida rápida,Sánchez de Loria,
-34.64387,-58.41387,Pizza Forte,Comida rápida,Avenida Almafuerte,
-34.49233,-58.50607,Kazuo Sushi,Comida rápida,Hipólito Yrigoyen,
-34.49153,-58.50443,Mecánica MG,Talleres,Hipólito Yrigoyen,
-34.48976,-58.50087,Ali Bangladesh,Comida rápida,Hipólito Yrigoyen,
-34.48937,-58.50043,Cosdel,Comida rápida,Avenida Santa Fe 2000,
-34.48665,-58.50186,La Bitácora,Comida rápida,Avenida Santa Fe,
-34.48183,-58.50547,La Fachada,Comida rápida,General Justo José de Urquiza 1002,
-34.48187,-58.50544,Artesano,Comida rápida,Avenida Santa Fe,
-34.47926,-58.50527,Burger Club,Comida rápida,Manzone,
-34.49321,-58.48466,Parténope,Comida rápida,Avenida del Libertador 4004,
-34.49072,-58.48490,Classics & Legends,Insumos de motos,Avenida del Libertador,
-34.49058,-58.48493,Moto Show,Insumos de motos,Avenida del Libertador 13044,
-34.48862,-58.48545,Kymco,Insumos de motos,Avenida del Libertador,
-34.63390,-58.41593,Lo del Gordo,Comida rápida,Avenida Boedo,
-34.63208,-58.41282,Mecánica Integral JC,Talleres,Inclán,
-34.62801,-58.40677,Cristal Automotor,Talleres,La Rioja,
-34.63051,-58.41191,Gomería,Talleres,Avenida Juan de Garay,
-34.63192,-58.41305,Al Taglio,Comida rápida,Inclán,
-34.57278,-58.54375,La Fábrica,Comida rápida,Avenida 64 - Presidente Juan Domingo Perón,
-34.47883,-58.49457,Yamaha,Insumos de motos,Avenida del Libertador 14552,
-34.47734,-58.49776,Dashi,Comida rápida,Avenida del Libertador 14810,
-34.62943,-58.46415,Kentucky,Comida rápida,Avenida Rivadavia,
-34.63260,-58.41616,Lubricantes Boedo,Talleres,Avenida Boedo,
-34.63287,-58.41620,La Tacita,Comida rápida,Avenida Boedo,
-34.63602,-58.41637,El Rincón de Gabi,Comida rápida,Metán,
-34.63985,-58.41625,Centro de Servicio Automotor,Talleres,Avenida Sáenz,
-34.64804,-58.41638,Sur Latino,Comida rápida,Avenida Sáenz,
-34.64814,-58.41638,El Encuentro,Comida rápida,Avenida Sáenz,
-34.47700,-58.49741,Dandy,Comida rápida,Avenida del Libertador 14805,
-34.57605,-58.53971,La Ilusión,Comida rápida,91 - San Lorenzo,
-34.64723,-58.41516,Bar Restaurant,Comida rápida,Avenida Almafuerte,
-34.64518,-58.40981,Di Pietro,Comida rápida,Pepirí,
-34.63950,-58.40504,Los Patricios,Comida rápida,Monteagudo,
-34.64672,-58.41335,Sport Car's,Talleres,Famatina,
-34.57691,-58.53868,Petit Plaza,Comida rápida,91 - San Lorenzo,
-34.57681,-58.53882,Papas Flow,Comida rápida,91 - San Lorenzo 2115,
-34.56786,-58.54219,Lubricentro Visol,Talleres,79 - Ayacucho,
-34.64708,-58.41559,Ale,Gomerías,Avenida Almafuerte,
-34.64800,-58.41395,Club Social y Deportivo Cachi,Comida rápida,Grito de Asencio,
-34.57564,-58.53269,San Antonio,Comida rápida,79 - Avenida 25 de Mayo,
-34.64837,-58.41228,Servibom Diesel,Talleres,Cachi,
-34.68621,-58.47361,Don Roberto,Comida rápida,Avenida General Francisco Fernández de La Cruz,
-34.63894,-58.39786,Lubricentro Ana,Talleres,Avenida Colonia,
-34.64935,-58.41183,Gomería Patricios,Gomerías,Cachi,
-34.49040,-58.48466,Mandarin,Comida rápida,Avenida del Libertador,
-34.63467,-58.39207,Rotisería Mary,Comida rápida,Juan Carlos Gómez,
-34.63454,-58.39171,Mozarella,Comida rápida,Avenida Caseros,
-34.63430,-58.39051,Las Palmas,Comida rápida,Avenida Caseros,
-34.63291,-58.38643,Taller Saenz Peña,Talleres,Presidente Luis Sáenz Peña,
-34.63418,-58.38856,Restaurante Bar,Comida rápida,Perdriel,
-34.63495,-58.38805,La Esquina,Comida rápida,Doctor Enrique Finochietto,
-34.57997,-58.53329,Baty's Tortería Sandwichería,Comida rápida,"-34.57997, -58.53329",
-34.64174,-58.39494,Parrilla El Estádio,Comida rápida,Avenida Amancio Alcorta,
-34.63391,-58.39018,Kentucky,Comida rápida,Avenida Caseros,
-34.63387,-58.38992,La Casona de Guss,Comida rápida,Avenida Caseros,
-34.63386,-58.38979,Caravana,Comida rápida,Avenida Caseros,
-34.63248,-58.38667,Pochis,Comida rápida,Presidente Luis Sáenz Peña,
-34.65551,-58.38885,Rotisería,Comida rápida,Avenida Vélez Sársfield,
-34.65053,-58.37643,Taller de Radiadores,Talleres,Hipólito Vieytes 1502,
-34.64950,-58.37683,Vieytes & Vieytes,Comida rápida,Hipólito Vieytes,
-34.64151,-58.38957,Lubricentro,Talleres,Avenida Vélez Sársfield,
-34.64338,-58.38946,Caños de Escape,Talleres,Avenida Vélez Sársfield,
-34.64621,-58.38923,Taller Wilmad,Talleres,General Gregorio Aráoz de Lamadrid,
-34.64814,-58.38905,La Ponderosa,Comida rápida,Avenida Vélez Sársfield,
-34.65477,-58.38854,Neumáticos y Servicios,Talleres,Avenida Vélez Sársfield,
-34.65579,-58.37588,Gomería Gogui,Talleres,Pedro de Luján,
-34.65549,-58.37489,El Puentecito,Comida rápida,Pedro de Luján,
-34.64871,-58.37736,Rotisería Candela,Comida rápida,Hipólito Vieytes,
-34.57637,-58.53772,El Nuevo Plaza,Comida rápida,89 - Intendente Alberto Manuel Campos,
-34.64899,-58.37836,Piedra Libre,Comida rápida,San Antonio,
-34.58898,-58.62812,Heladería Grido,Comida rápida,Avenida Julio Argentino Roca,
-34.59786,-58.37333,Extrawurst,Comida rápida,Tres Sargentos 427,
-34.57209,-58.54294,La Pizzería de Jose,Comida rápida,89 - Doctor Ramón Carrillo,
-34.67822,-58.47386,La Favorita,Comida rápida,Murguiondo,
-34.64617,-58.38375,Gomería,Talleres,Avenida Australia,
-34.64658,-58.38550,Casa de Comidas,Comida rápida,Avenida Australia,
-34.64962,-58.38164,Ford,Talleres,Avenida General Iriarte,
-34.64952,-58.38111,Centro de Lubricación,Talleres,Avenida General Iriarte,
-34.64887,-58.37823,El Amanecer,Comida rápida,San Antonio,
-34.65280,-58.38489,Ferrero Talleres Integrales,Talleres,Perdriel,
-34.65472,-58.38536,Parrilla Angelito,Comida rápida,Avenida Osvaldo Cruz,
-34.65593,-58.39585,Casa de Comidas,Comida rápida,Osvaldo Cruz,
-34.65608,-58.39745,Taller Integral,Talleres,Avenida Osvaldo Cruz,
-34.64034,-58.51699,La Chacha,Comida rápida,Coronel Ramón Lorenzo Falcón,
-34.63934,-58.51689,Fábrica de Pizza,Comida rápida,Avenida Rivadavia,
-34.65584,-58.40250,Remiseria Bar,Comida rápida,Avenida Osvaldo Cruz,
-34.65680,-58.40074,Taller de Motos,Talleres,Monteagudo,
-34.65432,-58.40187,El Patrón de la Pizza,Comida rápida,Santo Domingo,
-34.65614,-58.40168,Las 2 Hermanas,Comida rápida,Avenida Osvaldo Cruz,
-34.65648,-58.39898,Parrilla los Amigos,Comida rápida,Avenida Osvaldo Cruz,
-34.65626,-58.40108,Tacos Express,Comida rápida,Monteagudo,
-34.65106,-58.39960,Gomería El Pajaro,Talleres,Pasillo Manzana Alegre Pavimento,
-34.65103,-58.39947,Taller de Motos,Talleres,Avenida General Iriarte,
-34.65116,-58.39878,Pizzeria,Comida rápida,Avenida General Iriarte 3540,
-34.65132,-58.39824,Chiperia,Comida rápida,Avenida General Iriarte,
-34.65138,-58.39796,Che Pizza,Comida rápida,Avenida General Iriarte,
-34.65155,-58.39352,Lado Dulce,Comida rápida,Avenida General Iriarte,
-34.65107,-58.39978,Bar & Heladerías,Comida rápida,Avenida General Iriarte,
-34.65112,-58.40003,Bella,Comida rápida,Avenida General Iriarte,
-34.65333,-58.40980,Parrilla El Reloj,Comida rápida,Avenida Amancio Alcorta,
-34.65455,-58.41257,Pitter,Talleres,Avenida Amancio Alcorta,
-34.65544,-58.41620,Pompeya Motos,Talleres,Avenida Sáenz,
-34.65318,-58.41611,Tropical,Comida rápida,Avenida Sáenz,
-34.65102,-58.41608,Speed,Comida rápida,Avenida Sáenz,
-34.49306,-58.48436,De Locos,Comida rápida,Avenida del Libertador,
-34.49406,-58.48442,Delacurva,Comida rápida,Avenida del Libertador 3809,
-34.65416,-58.41448,La Familia,Comida rápida,Beazley,
-34.65306,-58.41169,Cafetería,Comida rápida,Ventura de La Vega,
-34.49444,-58.50249,Gringa's,Comida rápida,Edison 323,
-34.58003,-58.56070,Minutas Boss,Comida rápida,Avenida 125 - Eva Perón,
-34.49734,-58.50877,Pizza Crash,Comida rápida,Edison 879,
-34.65337,-58.41590,La Nueva Pompeya,Comida rápida,Lynch,
-34.65325,-58.41529,De Dimari,Comida rápida,Lynch,
-34.65233,-58.41527,B&B,Comida rápida,Romero 414,
-34.49862,-58.51160,Alimentos Naturales Todo Suelto,Comida rápida,Azcuénaga,
-34.49805,-58.51031,La Tablita,Comida rápida,Saavedra,
-34.49591,-58.50514,Ferretería,Comida rápida,Edison 600,
-34.50306,-58.50900,Pizza El Rey,Comida rápida,Paraná 2600,
-34.50004,-58.50243,Los Girasoles,Comida rápida,Paraná,
-34.50144,-58.50589,Gaby's,Comida rápida,Paraná 2275,
-34.55329,-58.45383,La Carmela,Comida rápida,Franklin Delano Roosevelt 1693,
-34.56850,-58.57230,La Union,Talleres,110 - José Hernández,
-34.56570,-58.56682,Gomería El Trebol,Gomerías,Avenida 101 - Doctor Ricardo Balbín,
-34.56565,-58.56695,Transmisión 8,Talleres,Avenida 101 - Doctor Ricardo Balbín,
-34.50510,-58.50257,Rostisería,Comida rápida,Caseros,
-34.51330,-58.50306,Servicio Integral del Automóvil Carlos Chocarro,Talleres,Mariano Pelliza,
-34.51026,-58.49636,Husqvarna,Insumos de motos,Mariano Pelliza,
-34.50847,-58.49236,La Nonna,Comida rápida,Avenida Maipú 2998,
-34.50353,-58.48152,Deniro,Comida rápida,Avenida del Libertador,
-34.61001,-58.38589,Chan Chan,Comida rápida,Hipólito Yrigoyen 1390,
-34.60914,-58.38476,"El Cortijo, Parrilla, Comida española",Comida rápida,Santiago Del Estero,
-34.59169,-58.62465,Candela - mate y café,Comida rápida,Avenida Julio Argentino Roca 895,
-34.65729,-58.42405,Neumáticos Milla,Gomerías,Avenida Intendente Francisco Rabanal,
-34.65308,-58.41539,San Jorge,Talleres,Lynch,
-34.51606,-58.53353,Lumace,Comida rápida,Paraná,
-34.51832,-58.53721,The Grandfather,Comida rápida,Joaquín Gonzalez (SI) / Gervasio Méndez (VL),
-34.56887,-58.52210,El Argentino,Comida rápida,48 Saitta,
-34.55225,-58.48061,Whoppies,Comida rápida,Roque Pérez 3897,
-34.55012,-58.47601,Lo de José,Comida rápida,Avenida García del Río,
-34.52948,-58.51603,CR Mitre,Comida rápida,Avenida Bartolomé Mitre 2201,
-34.59358,-58.40500,Havanna,Comida rápida,Avenida Santa Fe 2694,
-34.52607,-58.51527,Sudare Sushi,Comida rápida,Gobernador Marcelino Ugarte,
-34.61701,-58.39029,Quiero empanadas,Comida rápida,Solís,
-34.54030,-58.50301,Barlovento,Comida rápida,Carlos Francisco Melo,
-34.53508,-58.50639,Boa Lua,Comida rápida,General José de San Martín,
-34.53458,-58.50525,Suizo Café,Comida rápida,General José de San Martín,
-34.53249,-58.51098,Motos Wagner,Talleres,Avenida Bartolomé Mitre,
-34.53243,-58.51115,Servicio Automotor,Talleres,Avenida Bartolomé Mitre,
-34.53205,-58.51201,GNC,Talleres,Avenida Bartolomé Mitre,
-34.53197,-58.51213,Norgoma,Gomerías,Avenida Bartolomé Mitre,
-34.53178,-58.51258,Ford Mitre,Gomerías,Esmeralda,
-34.53164,-58.51283,Lubricantes Jorge,Talleres,Avenida Bartolomé Mitre,
-34.53291,-58.51080,Bulonera Vicente López,Talleres,Avenida Bartolomé Mitre,
-34.53057,-58.51170,La Cantinita,Comida rápida,Antonio Malaver 3499,
-34.62761,-58.50749,Pizzería El Barba,Comida rápida,Avenida Lope de Vega 1302,
-34.53143,-58.52647,Harby's,Comida rápida,Avenida Vélez Sarsfield,
-34.53120,-58.52596,La Nueva Union,Comida rápida,Avenida Vélez Sarsfield,
-34.52726,-58.51820,El Nuevo Progreso,Comida rápida,Avenida Bartolomé Mitre 2596,
-34.55675,-58.52253,Rico El Pollo,Comida rápida,Diagonal Sáenz Peña,
-34.55647,-58.52224,Motos,Talleres,Diagonal Sáenz Peña,
-34.55182,-58.51250,El Viejo Andres,Comida rápida,Francisco Narciso De Laprida,
-34.54912,-58.50658,Boss Caffe,Comida rápida,Francisco Narciso de Laprida,
-34.53260,-58.52830,Manitos de Cartón,Comida rápida,Avenida Vélez Sarsfield,
-34.54622,-58.50009,Aquiles,Comida rápida,Avenida Bartolomé Mitre 298,
-34.54588,-58.49940,Lospennato,Talleres,Francisco Narciso de Laprida,
-34.53075,-58.52448,Las Delicias,Comida rápida,Avenida Vélez Sarsfield,
-34.52913,-58.52127,Buddy's Pizza,Comida rápida,Avenida Vélez Sarsfield,
-34.56667,-58.55107,Pizza Burguer,Comida rápida,82 - Intendente Alvear 3710,
-34.62922,-58.50535,Pascale,Comida rápida,Avenida Lope de Vega 1100,
-34.63063,-58.50342,I Ragazzi,Comida rápida,Avenida Lope de Vega 902,
-34.62580,-58.50946,Sarkis,Comida rápida,Avenida Lope de Vega 1511,
-34.55727,-58.54230,Pizza a la Piedra,Comida rápida,84 - Intendente Casares,
-34.57033,-58.54696,C&O,Talleres,91 - San Lorenzo 2887,
-34.59364,-58.44098,Mecánica Ojeda,Talleres,Juan Ramírez de Velasco 1017,
-34.55614,-58.54070,Mecánica Integral,Talleres,84 - Intendente Casares,
-34.54946,-58.55041,Como Reyes,Comida rápida,53 - Avenida Argentina,
-34.54917,-58.55084,Que Ravioles,Comida rápida,110 - General Juan Martín de Pueyrredón 401,
-34.55259,-58.55664,Lo de Mario,Comida rápida,112 - Vicente López,
-34.55309,-58.55715,Oriente V,Comida rápida,112 - Vicente López,
-34.55479,-58.55751,La Estancia,Comida rápida,110 - José Hernández,
-34.55093,-58.55296,D&G Combos,Comida rápida,110 - General Juan Martín de Pueyrredón 2726,
-34.55153,-58.55364,La Casa del Pollo,Comida rápida,110 Pueyrredón,
-34.55181,-58.55538,Imperio,Comida rápida,69 San Martín,
-34.55321,-58.55702,Autoradio Luis,Talleres,112 - Vicente López,
-34.55512,-58.55845,Eral Electrónica,Talleres,79 Aristóbulo del Valle,
-34.54921,-58.55122,Antonio,Comida rápida,110 - General Juan Martín de Pueyrredón 2513,
-34.54083,-58.56653,Cosa Nostra,Comida rápida,148 Moreno,
-34.55004,-58.55441,Bonafide,Comida rápida,114 - Carlos María de Alvear 2742,
-34.54901,-58.55320,Café Martínez,Comida rápida,61 - Lacroze 4792,
-34.54823,-58.55011,Brüder,Comida rápida,110 Pueyrredón,
-34.53648,-58.56109,DP-20,Talleres,148 Moreno,
-34.55015,-58.55482,Delikatessen,Comida rápida,114 - Carlos María de Alvear,
-34.54820,-58.55250,Up Donuts Company,Comida rápida,114 - Carlos María de Alvear,
-34.54796,-58.55225,La Brava,Comida rápida,114 - Carlos María de Alvear,
-34.54790,-58.55221,La Ilusión,Comida rápida,114 - Carlos María de Alvear,
-34.54682,-58.55088,Pimenton,Comida rápida,114 - Carlos María de Alvear,
-34.51193,-58.54109,Colonial,Comida rápida,General Lamadrid,
-34.54276,-58.55371,Viejo Rincón,Comida rápida,49 - Libertad,
-34.51144,-58.56730,El Ladriyo,Comida rápida,Uriarte,
-34.51457,-58.56822,Aire Acondicionado,Talleres,Avenida Avelino Rolón,
-34.51607,-58.56856,Buddy's Pizza,Comida rápida,Avenida Avelino Rolón,
-34.52161,-58.57064,Diesel Junin,Talleres,Diagonal 190 - Brigadier General Juan Manuel de Rosas,
-34.59045,-58.44438,El Mirador,Comida rápida,Juan Ramírez De Velasco,
-34.52453,-58.57187,Panchería,Comida rápida,Diagonal 190 - Brigadier General Juan Manuel de Rosas,
-34.52463,-58.57194,Ruta 4,Comida rápida,Diagonal 190 - Brigadier General Juan Manuel de Rosas,
-34.52624,-58.57289,LF,Comida rápida,Diagonal 190 - Brigadier General Juan Manuel de Rosas,
-34.51273,-58.56739,La Curva,Comida rápida,Avenida Bernardo Ader,
-34.51677,-58.56841,La Tropa,Comida rápida,Avenida Avelino Rolón,
-34.51733,-58.56854,Pizza Her,Comida rápida,Avenida Avelino Rolón,
-34.52616,-58.57252,Taller Avenida,Talleres,Diagonal 190 - Brigadier General Juan Manuel de Rosas,
-34.52635,-58.57264,Frenos Marquez,Talleres,Diagonal 190 - Brigadier General Juan Manuel de Rosas,
-34.58937,-58.44494,Chetito,Comida rápida,Bonpland,
-34.58944,-58.44504,Pau Pei,Comida rápida,Bonpland,
-34.51977,-58.56618,Diesel Primera Junta,Talleres,Amancio Alcorta,
-34.52019,-58.56566,Lubricentro,Talleres,Amancio Alcorta,
-34.52193,-58.56366,Elasticos Mendoza,Talleres,Amancio Alcorta,
-34.52304,-58.56239,Chori Bike,Comida rápida,Amancio Alcorta,
-34.52333,-58.56210,FD Suspención,Talleres,Amancio Alcorta,
-34.52368,-58.56164,Restaurant - Parrilla Alcorta,Comida rápida,Amancio Alcorta,
-34.52392,-58.56131,Servicar,Talleres,Amancio Alcorta,
-34.52815,-58.55640,Car Sport,Talleres,154 - Asamblea,
-34.53339,-58.56497,Repuestos de Motos,Talleres,49 - Libertad,
-34.53326,-58.56513,STR Performance,Talleres,49 - Libertad,
-34.53029,-58.56402,Los Carba II,Comida rápida,41 - Italia,
-34.55605,-58.48811,La Camorra,Comida rápida,Avenida García Del Río,
-34.51724,-58.49823,Pizzería Leoneli's,Comida rápida,Gobernador Manuel Ugarte,
-34.52848,-58.55873,Pizzería,Comida rápida,29 Emilio Zolá,
-34.52479,-58.55985,Los Leones,Comida rápida,"-34.52479, -58.55985",
-34.52881,-58.55517,Escapes Alcorta,Talleres,Amancio Alcorta,
-34.52894,-58.55504,Motos Alcorta,Insumos de motos,Amancio Alcorta,
-34.55501,-58.49309,Neumáticos Saavedra,Talleres,Avenida Doctor Ricardo Balbín,
-34.50334,-58.57865,Taller Olazabal,Talleres,Olazábal,
-34.50720,-58.58084,Lubricentro,Talleres,226 - El Zorzal,
-34.50734,-58.58061,Martinez,Talleres,Sarratea,
-34.57610,-58.53214,Candela,Comida rápida,79 - 25 de Mayo 1836,
-34.50939,-58.57820,El Profesor,Gomerías,25 - Manuel de Sarratea,
-34.51125,-58.57605,Lubricentro 748,Talleres,25 - Manuel de Sarratea,
-34.51309,-58.57390,Fran Motos,Talleres,25 - Manuel de Sarratea,
-34.51321,-58.57379,Parrilla Martín,Comida rápida,25 - Manuel de Sarratea,
-34.50753,-58.57993,Audiomax,Talleres,Manuel de Sarratea,
-34.50859,-58.57871,El Bacan,Talleres,Manuel de Sarratea,
-34.57841,-58.52929,YPF,Estaciones de servicio,79 - 25 de Mayo 1544,
-34.57810,-58.53980,Amaretto,Comida rápida,54 - Bartolomé Mitre 3956,
-34.51467,-58.57167,Embragues Víctor,Talleres,Manuel de Sarratea,
-34.51533,-58.56475,Lunch Melita,Comida rápida,Avenida Bernardo Ader,
-34.50150,-58.57586,Electromecánica Norte,Talleres,Bernardo de Irigoyen,
-34.50195,-58.57564,La Abadia,Comida rápida,Bernardo de Irigoyen,
-34.50166,-58.57596,Lubricentro Tony,Talleres,Bernardo de Irigoyen,
-34.53481,-58.57695,92 Burguer,Comida rápida,Diagonal 69 - José León Suárez,
-34.58997,-58.53044,Hugo García Motores,Talleres,22 - Rodríguez Peña,
-34.59168,-58.53330,RP Motos,Talleres,22 - Rodríguez Peña,
-34.56604,-58.54397,Pizza Pazza,Comida rápida,79 - Ayacucho 2983,
-34.84888,-58.52427,Brulla Pizza 3,Comida rápida,French,
-34.58958,-58.57155,Tony's,Comida rápida,Diagonal 80 - Antártida Argentina,
-34.57717,-58.53897,Acuario,Comida rápida,54 - Bartolomé Mitre 3817,
-34.55317,-58.46449,Hatsu,Comida rápida,Avenida Cabildo,
-34.76205,-58.41548,Lubrilomas,Talleres,José Eusebio Colombres,
-34.54992,-58.46713,Café Martínez,Comida rápida,Avenida Cabildo 3565,
-34.74956,-58.40047,Ciudad Moto,Insumos de motos,Avenida Hipólito Yrigoyen,
-34.54274,-58.47264,Marcelona Pizza,Comida rápida,Avenida Cabildo 4513,
-34.58868,-58.59080,Pastas Frescas Coronado,Comida rápida,Diagonal 80 - Antártida Argentina,
-34.58789,-58.58990,Las Saras,Comida rápida,821 - San Lorenzo,
-34.76352,-58.40520,Artel,Comida rápida,José Eusebio Colombres,
-34.57457,-58.54635,Wonka,Comida rápida,97 - Félix Ballester,
-34.58670,-58.58861,Granja la Ilusion,Comida rápida,821 - San Lorenzo,
-34.75340,-58.40087,PSP comidas al paso,Comida rápida,Juan José Castelli,
-34.57875,-58.57822,Rufina,Comida rápida,800 - Triunvirato (tf) / 141 - Avenida Triunvirato (gsm),
-34.57105,-58.54218,Pizzeria Roma,Comida rápida,Avenida 64 - Presidente Juan Domingo Perón,
-34.58724,-58.58721,Delfe Max,Talleres,826 - Panamá,
-34.66193,-58.50547,Los Tulumbanos,Comida rápida,Avenida Directorio 6779,
-34.61856,-58.37154,Baum,Comida rápida,Defensa 902,
-34.52316,-58.48967,Bar & Sela,Comida rápida,Presidente Hipólito Yrigoyen,
-34.52323,-58.47485,Croxi Pizzas,Comida rápida,General Julio Argentino Roca 836,
-34.52265,-58.47310,Guerrero,Insumos de motos,Avenida del Libertador,
-34.52556,-58.48253,Orégano,Comida rápida,Avenida Maipú,
-34.52390,-58.48344,Muky,Comida rápida,Avenida Maipú 1499,
-34.52098,-58.47736,Mercado Central,Comida rápida,General José de San Martín,
-34.51948,-58.47449,Zu Sushi,Comida rápida,Avenida del Libertador,
-34.52071,-58.47426,Panquques Lo de Hernán,Comida rápida,Avenida del Libertador,
-34.52147,-58.47392,BRM Yamaha,Insumos de motos,Avenida del Libertador 1300,
-34.52244,-58.47302,Pancho Point,Comida rápida,General Julio Argentino Roca 592,
-34.52427,-58.47239,Paraíso Natural,Comida rápida,Avenida del Libertador 1081,
-34.52012,-58.47419,Audi Service Automilenio,Talleres,Avenida del Libertador,
-34.61849,-58.37029,Cafe Rivas,Comida rápida,Estados Unidos 302,
-34.64155,-58.56228,Ryn Gourmet,Comida rápida,Bartolomé Mitre,
-34.64154,-58.56241,Solo Empanadas,Comida rápida,Bartolomé Mitre 129,
-34.59661,-58.54117,Baterias Rojor,Talleres,425 - Rodríguez Peña 1205,
-34.59735,-58.54232,Escapes Decibel,Talleres,425 - Rodríguez Peña,
-34.59813,-58.54355,Santos Barriles,Comida rápida,425 - Rodríguez Peña,
-34.59892,-58.54466,Oniture,Comida rápida,425 - Rodríguez Peña,
-34.58943,-58.42739,B-Blue,Comida rápida,Armenia 1692,
-34.58273,-58.40054,Croque Madame,Comida rápida,Pereyra Lucena,
-34.58891,-58.42662,El Patio,Comida rápida,Armenia 1764,
-34.53999,-58.47464,La Bahía,Estaciones de servicio,Avenida Cabildo 4899,
-34.46670,-58.52030,Super brasas,Comida rápida,Avenida Centenario,
-34.53799,-58.47611,Parrilla Negro El 8,Comida rápida,Avenida Maipú,
-34.44898,-58.55042,AmorFar,Comida rápida,Nicolás Avellaneda 1453,
-34.57781,-58.57929,Cerrajeria,Talleres,800 - Triunvirato (tf) / 141 - Avenida Triunvirato (gsm),
-34.58796,-58.58979,Bonadeo Gourmet,Comida rápida,821 - San Lorenzo 1908,
-34.56531,-58.59524,Motos German,Talleres,900 - General Juan Lavalle,
-34.59675,-58.56860,Mario,Talleres,659 - General Hornos,
-34.59228,-58.56583,Electricidad Mecánica,Talleres,512 - Luis María Campos,
-34.58985,-58.56371,JP,Talleres,800 - Triunvirato (TF) / 141 - Avenida Triunvirato (GSM) 2581,
-34.58944,-58.56352,Mecánica Sport Car,Talleres,Avenida 64 - Presidente Juan Domingo Perón 6168,
-34.47454,-58.50208,O'Farrell,Comida rápida,Avenida Del Libertador,
-34.58788,-58.56171,Pancho El 88,Comida rápida,Avenida 64 - Presidente Juan Domingo Perón,
-34.83258,-58.46051,Cerrajeria del Automovil,Talleres,Avenida Pedro Dreyer,
-34.58806,-58.52699,Churrería,Comida rápida,22 - Rodríguez Peña,
-34.64493,-58.52980,Firestone,Talleres,Diagonal 11 - Colectora General José María Paz,
-34.70826,-58.45744,Fábrica Pizzas,Comida rápida,Presidente Juan Domingo Perón,
-34.81874,-58.46531,Liberté Café,Comida rápida,Sofía Terrero de Santamarina,
-34.59601,-58.53979,Servicio Técnico,Talleres,425 - Rodríguez Peña 1064,
-34.76097,-58.40282,Cyber Net,Comida rápida,Avenida Hipólito Yrigoyen,
-34.76032,-58.40393,Pastichotti,Comida rápida,Francisco Narciso de Laprida,
-34.59837,-58.54340,Lola Mora,Comida rápida,425 - Rodríguez Peña 1498,
-34.59918,-58.54464,Rotiseria China,Comida rápida,425 - Rodríguez Peña,
-34.57419,-58.61083,Deleitate,Comida rápida,954 - Avenida Presidente Juan Domingo Perón,
-34.76096,-58.42454,Sandwicheria Fede,Comida rápida,José Eusebio Colombres,
-34.76097,-58.42436,El Flaco,Talleres,José Eusebio Colombres,
-34.76118,-58.42313,Chingo Fiesta,Comida rápida,José Eusebio Colombres,
-34.76506,-58.42334,Jay,Talleres,Avenida General Frías,
-34.60240,-58.52876,Esi,Estaciones de servicio,416 - Florentino Ameghino,
-34.60141,-58.55991,Tomasa,Comida rápida,538 - Wenceslao De Tata,
-34.76027,-58.40304,Estación de Empanadas,Comida rápida,Francisco Narciso de Laprida,
-34.60192,-58.52918,Al Dente,Comida rápida,416 - Florentino Ameghino,
-34.58096,-58.60190,Continental,Talleres,954 - Avenida Presidente Juan Domingo Perón,
-34.82335,-58.46298,Ibuki Sushi,Comida rápida,Leandro N. Alem,
-34.58793,-58.56222,Pro-Racing,Talleres,Avenida 64 - Presidente Juan Domingo Perón,
-34.58606,-58.56033,Renault,Talleres,133 - Hilario De Almeyra,
-34.82747,-58.45980,TS Oil Center,Talleres,Leandro N. Alem,
-34.83142,-58.45673,Rapi Fiesta,Comida rápida,Leandro N. Alem,
-34.75272,-58.42054,Loma Auto,Talleres,Avenida Santa Fe,
-34.75409,-58.42086,El Rey de las Empanadas,Comida rápida,Avenida Santa Fe,
-34.83374,-58.45500,Lubricentro AJ,Talleres,Leandro N. Alem,
-34.76022,-58.42229,Cartech Service,Talleres,Avenida General Frías,
-34.56778,-58.44299,Tienda de Café,Comida rápida,11 De Septiembre De 1888,
-34.57456,-58.61067,Inyeccion Electronica,Talleres,954 - Avenida Presidente Juan Domingo Perón 9126,
-34.57840,-58.60564,Tapiceria Ango,Talleres,909 - Coronel Julio Moreno,
-34.57961,-58.60401,Campos del Norte,Comida rápida,903 - Bernardo Metzig,
-34.56888,-58.51871,Haagen-Ram,Gomerías,Avenida 44 - Presidente Arturo Umberto Illia,
-34.56731,-58.51526,AJ Mecánica,Talleres,Avenida 44 - Presidente Arturo Umberto Illia 1368,
-34.59685,-58.56131,Me Pico El Bagre,Comida rápida,643 - Avenida del Libertador General José de San Martín,
-34.59702,-58.56133,Japan Tires SL,Gomerías,643 - Avenida Del Libertador General José De San Martín,
-34.56173,-58.54052,HQQH,Comida rápida,65 - Enrique Marengo,
-34.58178,-58.60114,Fric-Rot,Talleres,954 - Avenida Presidente Juan Domingo Perón,
-34.58183,-58.60107,DC,Talleres,954 - Avenida Presidente Juan Domingo Perón,
-34.56912,-58.51912,JC,Talleres,Avenida 44 - Presidente Arturo Umberto Illia 1831,
-34.57032,-58.52112,All System,Talleres,Avenida 44 - Presidente Arturo Umberto Illia,
-34.57096,-58.52230,Sachs,Talleres,Avenida 44 - Presidente Arturo Umberto Illia,
-34.57168,-58.52354,Octane,Talleres,Avenida 44 - Presidente Arturo Umberto Illia,
-34.58192,-58.54217,Lima Limón,Comida rápida,52 - Belgrano,
-34.58733,-58.53362,Parilla El Juanca,Comida rápida,32 - Perseverancia,
-34.46054,-58.52745,Restaurante Parrilla El Social,Comida rápida,Avenida Centenario 1943,
-34.46112,-58.52737,Quijote,Comida rápida,Avenida Centenario 1920,
-34.46741,-58.52672,Galeota,Talleres,Intendente Tomkinson,
-34.44667,-58.54424,Manucho,Comida rápida,Avenida del Libertador 2298,
-34.57299,-58.52575,Pablo,Comida rápida,Avenida 44 - Presidente Arturo Umberto Illia,
-34.57307,-58.52587,Radiadores Gomería,Talleres,Avenida 44 - Presidente Arturo Umberto Illia,
-34.57325,-58.52600,Lubricentro Auto Mas,Talleres,Avenida 44 - Presidente Arturo Umberto Illia,
-34.83873,-58.45138,Don Esterban,Comida rápida,Leandro N. Alem,
-34.48648,-58.61978,Yeco's Lubricentro,Talleres,Boulogne sur Mer,
-34.55865,-58.53681,Listo el Pollo,Comida rápida,76 - Juan Martín Campos,
-34.78194,-58.38991,Morres,Comida rápida,Perito Francisco Moreno,
-34.77464,-58.39349,Kiosco de Empanadas,Comida rápida,Almirante Brown,
-34.57719,-58.59876,Deposito,Talleres,853 - Avenida Bernabé Márquez,
-34.59874,-58.56175,Iagazza,Comida rápida,643 - Avenida del Libertador General José de San Martín,
-34.55041,-58.52965,Taranto,Talleres,Diagonal 76 - Juan Martín Campos,
-34.59980,-58.56190,Kizushi,Comida rápida,643 - Avenida del Libertador General José de San Martín 1963,
-34.56861,-58.60587,Xtreme,Talleres,938 - Gabino Ezeiza,
-34.56737,-58.60764,CLH,Estaciones de servicio,939 - Madrid,
-34.46309,-58.52512,Minoru Sushi,Comida rápida,Avenida Centenario 1574,
-34.56793,-58.60645,Super Panchos,Comida rápida,938 - Gabino Ezeiza,
-34.61646,-58.36528,Starbucks,Comida rápida,Avenida Alicia Moreau de Justo 1604,
-34.46049,-58.52815,La Farolita de Beccar,Comida rápida,Avenida Centenario 2000,
-34.49556,-58.61592,Paloma,Comida rápida,Riobamba,
-34.49758,-58.61490,O'sabores,Comida rápida,Riobamba,
-34.81864,-58.46662,Central,Comida rápida,Leandro N. Alem,
-34.49487,-58.63313,Sushi Katsu,Comida rápida,Avenida Ángel Torcuato de Alvear,
-34.49459,-58.63262,Don Mateo,Comida rápida,Avenida Ángel Torcuato de Alvear,
-34.49335,-58.63032,Meyro,Talleres,Avenida Ángel Torcuato de Alvear,
-34.48850,-58.62128,Mi Gusto,Comida rápida,Avenida Ángel Torcuato de Alvear 2556,
-34.56291,-58.46767,La Nueva Esmeralda,Comida rápida,Capitán General Ramón Freire,
-34.49725,-58.61530,Pastas Panizza,Comida rápida,Esteban Echeverría,
-34.50203,-58.64189,El Rey del Pancho,Comida rápida,Avenida del Trabajo,
-34.48053,-58.55437,Fabric Sushi,Comida rápida,Intendente Tomkinson 2957,
-34.50035,-58.64271,Subway,Comida rápida,Avenida Ángel Torcuato de Alvear,
-34.57004,-58.49039,Saullo Motors,Insumos de motos,Avenida Congreso 510B,
-34.57031,-58.49089,Comeria y Balanceo,Talleres,Avenida Congreso,
-34.57164,-58.49344,Cajas Velocidad,Talleres,Avenida Congreso,
-34.49611,-58.63480,Rotisería Javi,Comida rápida,Avenida Ángel Torcuato de Alvear,
-34.49591,-58.63446,Timotea,Comida rápida,Avenida Ángel Torcuato de Alvear,
-34.49500,-58.63277,Sushi Mix,Comida rápida,Avenida Ángel Torcuato de Alvear,
-34.49504,-58.63285,Curio,Comida rápida,Avenida Ángel Torcuato de Alvear,
-34.57508,-58.50121,Wat,Talleres,Avenida De Los Constituyentes,
-34.57230,-58.50535,Panchosky,Comida rápida,Baragaña,
-34.78951,-58.38887,Electricidad Automovil,Talleres,Avenida Espora,
-34.78333,-58.38933,Lubricantes Emperley,Talleres,Almirante Brown,
-34.56979,-58.49052,Lubricentro,Talleres,Avenida Congreso,
-34.57053,-58.49192,Daiu 1,Comida rápida,Avenida Congreso,
-34.77635,-58.39193,Pizzabusa,Comida rápida,Rivadavia,
-34.77360,-58.39387,La Casona,Comida rápida,Almirante Brown,
-34.57146,-58.49365,Centro de Servicios,Talleres,Andonaegui,
-34.57247,-58.49564,Das's,Comida rápida,Avenida Congreso,
-34.57286,-58.49641,La Chaca,Comida rápida,Avenida Congreso,
-34.77318,-58.39416,Burgerdrinks,Comida rápida,Anchorena,
-34.77106,-58.39567,Max Lubricantes,Talleres,Almirante Brown,
-34.76987,-58.39629,Pizza Roma,Comida rápida,Almirante Brown,
-34.76813,-58.39622,Mecanica Ligera,Talleres,Ángel Gallardo,
-34.49024,-58.64087,Pizza Mico,Comida rápida,Manuel Estrada,
-34.57942,-58.41204,Rimon,Comida rápida,Cerviño,
-34.57870,-58.41097,Bosch service,Talleres,Ugarteche 3282,
-34.57928,-58.41130,Quotidiano,Comida rápida,Ugarteche,
-34.57498,-58.50083,Yair Escapes,Talleres,Avenida De Los Constituyentes,
-34.57339,-58.50290,La Esquina,Comida rápida,Avenida de los Constituyentes 5801,
-34.57313,-58.50331,Yokhama,Talleres,Avenida De Los Constituyentes,
-34.49914,-58.62809,NC Lubricantes,Talleres,Asunción,
-34.49310,-58.63838,El Pollo Lindo,Comida rápida,Manuel Estrada,
-34.77495,-58.41220,Cerrajeria Grieco,Talleres,José Garibaldi 1069,
-34.77238,-58.40742,Taller Mecánico,Talleres,José Garibaldi,
-34.77964,-58.40604,Mi Autos,Talleres,Avenida Hipólito Yrigoyen,
-34.71734,-58.44988,Polariza2 Parabrisas,Talleres,Quesada,
-34.57756,-58.41235,MC Nor,Comida rápida,Lafinur,
-34.58031,-58.41167,Fabiano,Comida rápida,Ugarteche,
-34.57832,-58.41042,Neumen,Gomerías,Ugarteche,
-34.80044,-58.38831,Don Gusto,Comida rápida,Rp210,
-34.80051,-58.38913,"Maxikiosco ""Pizza Rosales""",Comida rápida,Tomás Nother,
-34.79796,-58.38856,Morres,Comida rápida,Avenida Espora,
-34.79869,-58.38416,Rock N' Food,Comida rápida,Diagonal Juan B. Toll Y Bernadet,
-34.74680,-58.47008,Taller Mecanico Alberto,Talleres,Avenida General Juan Facundo Quiroga,
-34.57162,-58.43207,Collins,Comida rápida,Báez,
-34.57175,-58.43185,Bodega Negra,Comida rápida,Báez,
-34.57054,-58.43124,Veikko,Comida rápida,Arce,
-34.56973,-58.43266,Astrorey,Comida rápida,Arce,
-34.56590,-58.43706,Mr. Pedro,Comida rápida,Soldado De La Independencia,
-34.58481,-58.47928,Victorica,Comida rápida,Avenida General Benjamín Victorica,
-34.74948,-58.47582,Taller Mecanico,Talleres,Avenida General Juan Facundo Quiroga,
-34.74934,-58.47564,Autoservicio,Talleres,Avenida General Juan Facundo Quiroga,
-34.55582,-58.46347,Gourmet House,Comida rápida,Avenida Congreso,
-34.58617,-58.42802,Lattente,Comida rápida,Thames 1891,
-34.57855,-58.42589,Chicken Chill,Comida rápida,Avenida Santa Fe 4624,
-34.56767,-58.43660,Viglio,Comida rápida,Arce,
-34.56608,-58.43720,Bryant,Comida rápida,Soldado De La Independencia,
-34.58426,-58.63901,La Candelaria,Comida rápida,Avenida Gobernador Valentín Vergara,
-34.58152,-58.47440,Havanna,Comida rápida,Avenida de los Incas 4508,
-34.56733,-58.43497,Havanna,Comida rápida,Soldado de la Independencia,
-34.56686,-58.43581,Preto,Comida rápida,Soldado De La Independencia,
-34.56773,-58.44293,Tienda To Go,Comida rápida,Avenida Federico Lacroze,
-34.47645,-58.52983,Las Medialunas del Abuelo,Comida rápida,Avenida Andrés Rolón 491,
-34.58233,-58.47908,Keops,Comida rápida,Avenida General Benjamín Victorica,
-34.47387,-58.52262,Nativo,Comida rápida,Diego Palma,
-34.47061,-58.51639,La Candelaria III,Comida rápida,Avenida Centenario 502,
-34.47056,-58.51642,Oliver's Fried Chicken,Comida rápida,Avenida Centenario 502,
-34.46871,-58.50222,Restaurant Parrilla,Comida rápida,Roque Sáenz Peña 1004,
-34.46358,-58.50943,Sushi Ice,Comida rápida,Primera Junta 915,
-34.57897,-58.47896,Café Martínez,Comida rápida,La Pampa 4101,
-34.79777,-58.40860,Pizza Green,Comida rápida,Avenida Hipólito Yrigoyen,
-34.57878,-58.47976,La Reina,Comida rápida,Avenida Triunvirato 4160,
-34.80448,-58.40547,La Nueva Favorita,Comida rápida,Avenida Hipólito Yrigoyen 12893,
-34.80459,-58.40539,Motomel,Insumos de motos,Avenida Hipólito Yrigoyen,
-34.63947,-58.51608,Hora de Pizza,Comida rápida,Fonrouge 39,
-34.80456,-58.40498,Dorius,Comida rápida,Avenida Hipólito Yrigoyen,
-34.74666,-58.47785,Autoservicio Maira,Talleres,Salta,
-34.80697,-58.40310,Aglolan,Talleres,Avenida Hipólito Yrigoyen,
-34.80896,-58.40255,Dante,Talleres,Enrique Policastro,
-34.73629,-58.48146,Mega Polo,Comida rápida,Avenida Juan Manuel De Rosas,
-34.73542,-58.48026,Liajuita,Comida rápida,Avenida Juan Manuel De Rosas,
-34.46948,-58.54072,Pizzería Rolón,Comida rápida,Avenida Andrés Rolón,
-34.46193,-58.54691,Doña Manuela 2,Comida rápida,Avenida Uruguay 2297,
-34.57400,-58.48646,La Esmeralda,Comida rápida,Avenida Triunvirato,
-34.57518,-58.48475,Subway,Comida rápida,Avenida Triunvirato 4551,
-34.71599,-58.45321,Repuestos y Lubricantes Agostinelli,Talleres,Recondo,
-34.81715,-58.39607,Francari,Talleres,Avenida Hipólito Yrigoyen,
-34.71830,-58.45738,Los Chicos Pizzeria,Comida rápida,Recondo,
-34.82909,-58.39917,Autochapa,Talleres,Avenida Hipólito Yrigoyen,
-34.83481,-58.40256,Carboneria Rotonda de Burzaco,Talleres,Camino de Cintura,
-34.56442,-58.45437,Mondo,Comida rápida,Avenida Cabildo 1829,
-34.47396,-58.53244,Lubricentro Venus,Talleres,Avenida Andrés Rolón 881,
-34.47430,-58.53167,Taller Rolon,Talleres,Avenida Andrés Rolón 815,
-34.71707,-58.43470,Rotisería Pizzería Ricardo,Comida rápida,Ejército De Los Andes,
-34.83471,-58.40318,Lubricentro Sur,Talleres,Camino de Cintura,
-34.83458,-58.40374,Polirubro Zhong Hua,Comida rápida,Camino de Cintura,
-34.71166,-58.43706,Pizzeria,Comida rápida,El Plumerillo,
-34.56955,-58.44622,Deliwok,Comida rápida,Avenida Cabildo 930,
-34.56223,-58.45684,Accademia Della Pizza,Comida rápida,Avenida Cabildo 2088,
-34.47836,-58.52918,Don Cafone,Comida rápida,Avenida Andrés Rolón 389,
-34.56065,-58.45814,McDonald's,Comida rápida,Avenida Cabildo 2256,
-34.56276,-58.46050,China Town El Wok,Comida rápida,Mendoza 2709,
-34.56228,-58.45972,Sendai Sushi,Comida rápida,Mendoza,
-34.55223,-58.45493,Taller Integral,Talleres,Arribeños 2743,
-34.48074,-58.52854,Boxes,Talleres,Avenida Andrés Rolón,
-34.54883,-58.45793,New Car's,Talleres,Arribeños,
-34.60760,-58.47886,Rincón Hispano,Comida rápida,Álvarez Jonte 2597,
-34.61545,-58.47800,Piccolo,Comida rápida,Remedios De Escalada De San Martín,
-34.54568,-58.47101,Take Away,Comida rápida,Avenida Cabildo 4158,
-34.56373,-58.46387,Yo Soy Tu Pollo Al Spiedo,Comida rápida,Conesa 2290,
-34.55437,-58.46398,Tuo Tempo,Comida rápida,Avenida Cabildo 3020,
-34.56161,-58.45732,Mostaza,Comida rápida,Avenida Cabildo 2150,
-34.61043,-58.38746,Parrilla El Uruguayo,Comida rápida,Presidente Luis Sáenz Peña 135,
-34.82040,-58.38948,Confitería Saint Donore,Comida rápida,9 De Julio,
-34.81346,-58.38861,Tirreno,Comida rápida,Presidente Juan Domingo Perón,
-34.80864,-58.37924,Autoservicio Universo,Talleres,Presidente Juan Domingo Perón,
-34.48430,-58.50346,Willy's Restaurant Delivery,Comida rápida,Avenida Santa Fe,
-34.56646,-58.45208,Seven,Comida rápida,Avenida Cabildo,
-34.56792,-58.44933,Celi Gourmet,Comida rápida,Avenida Cabildo 1304,
-34.61389,-58.47207,Ultra Moto,Insumos de motos,Avenida Juan Bautista Justo,
-34.61364,-58.47187,Aire Aconditcionado del Automotor,Talleres,Avenida Juan Bautista Justo,
-34.56099,-58.45721,Ugi's,Comida rápida,Mendoza 2386,
-34.56810,-58.44899,Pollos Al Spiedo,Comida rápida,Avenida Cabildo 1298,
-34.56911,-58.44705,Juan S.,Comida rápida,Avenida Cabildo 1094,
-34.57025,-58.44465,Costumbres Argentinas,Comida rápida,Avenida Cabildo 792,
-34.49142,-58.49926,Renault Servicio,Talleres,Avenida Santa Fe,
-34.49150,-58.49922,Volvo,Talleres,Avenida Santa Fe,
-34.49158,-58.49917,Taller Multimarca,Talleres,Avenida Santa Fe,
-34.49471,-58.49785,Ramallo Club,Comida rápida,Avenida Santa Fe 2600,
-34.57726,-58.42996,Subway,Comida rápida,Avenida Santa Fe,
-34.59497,-58.44431,Mostaza,Comida rápida,Avenida Juan Bautista Justo,
-34.59405,-58.44293,Ar-go,Talleres,Avenida Juan Bautista Justo,
-34.50702,-58.49259,Long Men,Comida rápida,Avenida Maipú 3109,
-34.50716,-58.49251,Capra café,Comida rápida,Avenida Maipú 3101,
-34.50781,-58.49219,La Criolla,Comida rápida,Avenida Maipú,
-34.59220,-58.44262,Gordo Chanta,Comida rápida,Juan Ramírez de Velasco,
-34.50896,-58.49158,Almacén de Pizzas,Comida rápida,Avenida Maipú,
-34.56155,-58.49163,Via Galvan,Comida rápida,Galván,
-34.58985,-58.44619,Las Rojas,Comida rápida,Avenida Dorrego,
-34.58915,-58.48513,Shop,Comida rápida,Avenida Francisco Beiró,
-34.52116,-58.48490,SGO,Comida rápida,Avenida Maipú,
-34.61299,-58.52376,La Farola de Devoto,Comida rápida,Pedro Calderón De La Barca,
-34.58291,-58.49704,DonQ,Comida rápida,Avenida General Mosconi,
-34.60061,-58.51228,Pablos,Comida rápida,Nueva York 4094,
-34.60053,-58.51212,Burger 54,Comida rápida,Nueva York 4074,
-34.57977,-58.49188,Resto Bar,Comida rápida,Avenida Olazábal,
-34.82416,-58.39642,Radiadores,Talleres,Avenida Hipólito Yrigoyen,
-34.57354,-58.48110,La Strega,Comida rápida,Avenida Olazábal,
-34.59971,-58.50159,Master Fix,Talleres,Avenida Francisco Beiró,
-34.58392,-58.44355,PSI,Talleres,Avenida Coronel Niceto Vega,
-34.58680,-58.44098,Axion,Estaciones de servicio,Avenida Córdoba,
-34.58638,-58.44543,Trigal,Comida rápida,Avenida Dorrego,
-34.60021,-58.50596,Oniwa Sushi,Comida rápida,Avenida Lincoln,
-34.58504,-58.44144,Yamaha - Palermo Bikes,Insumos de motos,Ángel Justiniano Carranza,
-34.58653,-58.44200,Lomayler,Talleres,Avenida Córdoba,
-34.58071,-58.49288,Tierra de Indios,Comida rápida,Avenida Olazábal,
-34.62822,-58.49322,El Viejo,Comida rápida,Avenida Juan Bautista Justo,
-34.58340,-58.43354,La Pescadorita,Comida rápida,Humboldt 1905,
-34.58105,-58.43219,CarBoss® | Chapa & Pintura - Mecánica - Sacabollos,Talleres,Soler 5575,
-34.58367,-58.44470,Segundo,Comida rápida,Avenida Dorrego,
-34.60720,-58.51425,The Coffe Store,Comida rápida,Marcos Paz,
-34.57306,-58.47960,Miller,Comida rápida,Miller,
-34.58328,-58.43370,Siembra,Comida rápida,Humboldt 1906,
-34.58108,-58.43651,Morris,Comida rápida,Costa Rica 5795,
-34.60604,-58.51183,Big Pizza,Comida rápida,Avenida Francisco Beiró,
-34.60196,-58.51310,Caffé del Doge,Comida rápida,Gualeguaychú,
-34.57781,-58.50264,Dolce Herencia,Comida rápida,Bazurco,
-34.61898,-58.50396,Café Martínez,Comida rápida,Álvarez Jonte 4640,
-34.52207,-58.48446,Café Martínez,Comida rápida,Avenida Maipú 1699,
-34.58335,-58.43946,Oggi,Comida rápida,Ángel Justiniano Carranza,
-34.58189,-58.44312,Margarita,Comida rápida,José Antonio Cabrera,
-34.57605,-58.44855,Bo Xarzar,Comida rápida,Avenida Federico Lacroze,
-34.58771,-58.51132,Service Llavallol,Talleres,Llavallol,
-34.61907,-58.50471,Quedate Pancho,Comida rápida,Álvarez Jonte,
-34.57624,-58.44865,Lubricentro Lacroze,Talleres,Avenida Federico Lacroze,
-34.57813,-58.44970,San Antonio,Comida rápida,Avenida Federico Lacroze,
-34.58852,-58.48548,Gelatería,Comida rápida,Navarro,
-34.53142,-58.47938,Vicente López,Comida rápida,Avenida Maipú 701,
-34.53243,-58.47889,Subway,Comida rápida,Avenida Maipú 601,
-34.63327,-58.51028,Amarillo,Comida rápida,Irigoyen,
-34.53359,-58.47831,Lo de Titi,Comida rápida,Agustín Álvarez,
-34.62066,-58.50728,Sabores de mi Tierra,Comida rápida,Álvarez Jonte,
-34.53269,-58.47925,El Cocacolero,Comida rápida,Avenida Maipú 598,
-34.58166,-58.44820,Thomas,Comida rápida,Avenida Álvarez Thomas 284,
-34.58299,-58.44760,Norteño,Comida rápida,Santos Dumont,
-34.58651,-58.50287,Lubricentro San Martin,Talleres,Avenida General Mosconi,
-34.62349,-58.51052,Pastas Frescas Artesanales,Comida rápida,La Niña,
-34.62007,-58.50665,Subway,Comida rápida,Álvarez Jonte,
-34.58469,-58.50378,Azara Pizzeria,Comida rápida,Nazca,
-34.82812,-58.38829,Morita,Comida rápida,Avenida Espora,
-34.81559,-58.36645,Tri Tri,Comida rápida,Adolfo Alsina,
-34.58438,-58.49885,Chungo,Comida rápida,Avenida General Mosconi,
-34.61112,-58.46449,Cafe Altares,Comida rápida,Tres Arroyos,
-34.57844,-58.44953,Haysam,Comida rápida,Avenida Federico Lacroze,
-34.59319,-58.49580,Pizzo Tek,Comida rápida,Nazca,
-34.58116,-58.44883,Gomería,Talleres,Avenida Álvarez Thomas,
-34.58838,-58.45083,Zanella,Insumos de motos,Avenida Forest,
-34.58419,-58.48976,Avenida,Comida rápida,"-34.58419, -58.48976",
-34.58555,-58.48832,Boa Lua,Comida rápida,Nueva York,
-34.58689,-58.48702,Los Incas Diesel SRL,Talleres,Pedro Morán,
-34.61151,-58.46786,Tiempo,Comida rápida,Avenida Juan Bautista Justo,
-34.57522,-58.48774,Trappola,Comida rápida,Monroe,
-34.52018,-58.48605,Michelin,Gomerías,Avenida Maipú 1880,
-34.52012,-58.48606,Ringo,Comida rápida,Avenida Maipú 1882,
-34.58842,-58.49480,Salvador,Comida rápida,Bolivia,
-34.58783,-58.49387,Medialunas,Comida rápida,General José Gervasio Artigas,
-34.83235,-58.38575,Avenida,Talleres,Avenida Espora,
-34.83041,-58.38679,Akita,Comida rápida,Avenida Espora,
-34.83049,-58.38675,Andina,Comida rápida,Avenida Espora,
-34.57364,-58.48540,Paso & Peso,Comida rápida,Monroe 4995,
-34.58024,-58.45124,Natural Taste,Comida rápida,Avenida Álvarez Thomas 627,
-34.57997,-58.45203,Balcarce,Comida rápida,Teodoro García,
-34.57435,-58.48671,Sabores Express,Comida rápida,Monroe,
-34.59482,-58.50202,Taipéi,Comida rápida,Avenida San Martín,
-34.57544,-58.48854,Subway,Comida rápida,Monroe,
-34.60839,-58.46396,Rotiseria el Gauchito,Comida rápida,Avenida Juan Bautista Justo 4522,
-34.60920,-58.46344,Pizzeria Don Pepe,Comida rápida,Manuel Ricardo Trelles,
-34.61718,-58.52900,Gomería,Talleres,Avenida Francisco Beiró,
-34.57558,-58.50053,Reno Mercedes,Talleres,Avenida de los Constituyentes 5480,
-34.51384,-58.48929,Havanna,Comida rápida,Avenida Maipú 2320,
-34.61011,-58.47379,Mecánica Espíndola,Talleres,Alejandro Magariños Cervantes,
-34.59021,-58.51649,Devoto Bikes,Insumos de motos,Avenida San Martín 7282,
-34.59042,-58.51577,Violet,Comida rápida,Avenida San Martín,
-34.57466,-58.44780,Café Martínez,Comida rápida,Avenida Federico Lacroze 2899,
-34.57504,-58.46362,La Argentina,Comida rápida,Avenida Forest 1502,
-34.81533,-58.36601,ll Bello,Comida rápida,Adolfo Alsina,
-34.81520,-58.36601,Lubricentro Gaby 2,Talleres,Avenida República Argentina,
-34.82229,-58.38915,Chevrolet Sur,Talleres,Humberto Primo,
-34.62593,-58.48760,Lubricantes y Baterias,Talleres,Avenida Juan Bautista Justo,
-34.61845,-58.48105,Mil Nueve Ochenta,Comida rápida,Doctor Luis Beláustegui,
-34.62096,-58.47944,Mecanica Integral,Talleres,Avenida Juan Bautista Justo,
-34.62327,-58.49399,La Reggina,Comida rápida,Sanabria,
-34.62140,-58.49634,La De Toto,Comida rápida,Sanabria,
-34.56633,-58.46370,Las Moradas,Comida rápida,Juramento 3146,
-34.56692,-58.49078,Villa Urpizza,Comida rápida,Iberá,
-34.56090,-58.49081,Minutas y Mucho Más,Comida rápida,Valdenegro,
-34.60968,-58.48809,El Nueva Vencedor,Comida rápida,Adolfo P. Carranza,
-34.62286,-58.48208,Cvi.Che,Comida rápida,Avenida Juan Bautista Justo,
-34.57000,-58.47875,Mi Pollo,Comida rápida,Monroe,
-34.57193,-58.48197,La Bambola,Comida rápida,Monroe,
-34.57598,-58.47701,Infiniti Car,Talleres,Avenida Álvarez Thomas 2565,
-34.56933,-58.50524,Rotiseria Lucy,Comida rápida,Núñez,
-34.61744,-58.47683,Plaza Irlanda,Comida rápida,Tres Arroyos,
-34.57423,-58.47941,Bratto,Comida rápida,Avenida Álvarez Thomas 2795,
-34.57372,-58.47859,Gitana,Comida rápida,Mendoza,
-34.61185,-58.48130,Santa Rita,Comida rápida,Avenida Nazca,
-34.56556,-58.45797,Baloma,Comida rápida,Mariscal Antonio José De Sucre,
-34.62623,-58.48948,HG Motorsport,Talleres,Avenida Juan Bautista Justo,
-34.61848,-58.49450,Asador Criolio,Comida rápida,Avenida Chivilcoy,
-34.62256,-58.48111,Cyclegom,Talleres,Avenida Juan Bautista Justo,
-34.56868,-58.47703,Zulu Bar,Comida rápida,Monroe 4185,
-34.57835,-58.47117,Mole,Comida rápida,Avenida Álvarez Thomas,
-34.57774,-58.47392,RC Lubricantes,Talleres,Avenida Álvarez Thomas,
-34.57766,-58.47428,Gomería Vicente,Gomerías,Avenida Álvarez Thomas 2334,
-34.57739,-58.47571,Auto Shop,Talleres,La Pampa 4704,
-34.57097,-58.48085,La Payada,Comida rápida,Monroe,
-34.57649,-58.47685,Centro de Baterías,Talleres,Avenida Álvarez Thomas 2508,
-34.57547,-58.47821,La Atenas de Cuba,Comida rápida,Avenida Álvarez Thomas 2658,
-34.55778,-58.44936,Lux,Comida rápida,Juramento 1656,
-34.61403,-58.47909,Escapesnazca,Talleres,Avenida Nazca,
-34.61268,-58.48020,Buenos Ayres Pizza,Comida rápida,Avenida Nazca,
-34.59238,-58.50119,La Pureza,Comida rápida,Avenida Salvador María del Carril,
-34.59306,-58.50679,Supply Bikes,Insumos de motos,Avenida San Martín,
-34.60683,-58.50607,Rosa Mari,Comida rápida,Tinogasta,
-34.61281,-58.49201,D'any,Comida rápida,Álvarez Jonte,
-34.60995,-58.48845,Bran Bast,Talleres,Álvarez Jonte,
-34.60996,-58.48851,Auto Boutique,Talleres,Álvarez Jonte,
-34.56581,-58.48301,Mati's,Comida rápida,Mariano Acha,
-34.57482,-58.50011,Ford Ever,Talleres,Avenida Congreso,
-34.57995,-58.50975,Taller Larsen,Talleres,Larsen,
-34.61353,-58.49290,Centro de Lubricacion,Talleres,Miranda,
-34.60320,-58.49215,Helados & Cafe,Comida rápida,Nogoyá,
-34.60244,-58.49270,New Time,Comida rápida,Helguera,
-34.61159,-58.48970,Potenza D'Luca,Talleres,Llavallol,
-34.61654,-58.49938,Colocación A Domicilio,Talleres,Álvarez Jonte,
-34.61940,-58.50052,FKC Motorsport,Talleres,Segurola,
-34.55451,-58.46616,Schuster,Comida rápida,Amenábar 3075,
-34.61966,-58.50015,Sanwicheria,Comida rápida,Segurola,
-34.48282,-58.49646,Sociedad Cosmopolita de Martinez,Comida rápida,Ricardo Gutiérrez 1522,
-34.61265,-58.49226,Bonafide,Comida rápida,Concordia,
-34.56220,-58.47362,Minissale,Talleres,Manuel Ugarte,
-34.61502,-58.49697,D'any,Comida rápida,Álvarez Jonte,
-34.61645,-58.49961,Spalla Mecanica,Talleres,Álvarez Jonte,
-34.60501,-58.49570,La Cason,Comida rápida,Llavallol,
-34.61858,-58.50181,Fate,Gomerías,Segurola,
-34.60911,-58.48306,El Villano Cafe,Comida rápida,Avenida Nazca,
-34.60399,-58.47205,Fabrica de Sandwiches de Miga,Comida rápida,Álvarez Jonte,
-34.83983,-58.46179,Chufy House,Talleres,Olavarría,
-34.54654,-58.45191,Shell,Estaciones de servicio,Avenida Presidente Figueroa Alcorta,
-34.56236,-58.45329,Biutiful,Comida rápida,Cuba,
-34.57969,-58.47590,Lombardi,Comida rápida,Avenida Combatientes De Malvinas,
-34.54779,-58.46611,Polilla,Comida rápida,Cuba,
-34.57976,-58.46969,Bosch Car Service,Talleres,Avenida Chorroarín,
-34.58333,-58.46920,Motos Miguel,Insumos de motos,Avenida Triunvirato,
-34.58361,-58.46833,GNC Triunvirato,Talleres,Avenida Triunvirato,
-34.70867,-58.58687,Panther Motos,Talleres,Avenida Brigadier General Juan Manuel de Rosas,
-34.54805,-58.46022,Amina,Comida rápida,Manuela Pedraza 1741,
-34.55452,-58.48400,Compro Oro,Comida rápida,Estomba,
-34.58523,-58.46269,Café del Centro,Comida rápida,Avenida Triunvirato,
-34.58283,-58.46720,Cepeda,Gomerías,Fraga,
-34.47048,-58.59285,Los Hermanos,Comida rápida,Avenida Nicolás Avellaneda,
-34.60929,-58.48563,Quereria,Comida rápida,Álvarez Jonte,
-34.60794,-58.48446,Punta Carranza,Comida rápida,Adolfo P. Carranza,
-34.60348,-58.48795,Rausen,Insumos de motos,Marcos Sastre,
-34.46845,-58.58856,Los Hermanos,Comida rápida,Avenida Nicolás Avellaneda,
-34.59096,-58.43307,Juan Pablo Refetto,Comida rápida,Coronel Niceto Vega,
-34.59218,-58.43115,Tipo Siete,Comida rápida,Coronel Niceto Vega,
-34.54328,-58.48187,ProBikes,Talleres,Pico 3162,
-34.54513,-58.48597,Cuadra,Comida rápida,Pico,
-34.52520,-58.47297,Le Blé,Comida rápida,Miguel de Azcuénaga 1004,
-34.52318,-58.47389,Deli's Tea,Comida rápida,Miguel de Azcuénaga 1196,
-34.54977,-58.48252,Cornelio Saavedra,Comida rápida,Roque Pérez,
-34.54627,-58.48200,Miguel Longo,Talleres,Ramallo 3351,
-34.52326,-58.47437,Pianca,Comida rápida,"-34.52326, -58.47437",
-34.46453,-58.58036,Marta,Comida rápida,Avenida Nicolás Avellaneda,
-34.54190,-58.46398,Fabric,Comida rápida,11 De Septiembre De 1888,
-34.71026,-58.59681,Helados,Comida rápida,Guillermo Marconi,
-34.59653,-58.41686,Zapi,Comida rápida,Bulnes,
-34.59672,-58.41308,La Vicca,Comida rápida,Sánchez de Bustamante,
-34.58668,-58.45279,444,Talleres,Avenida Forest,
-34.59826,-58.38812,Caffé del Doge,Comida rápida,Paraná,
-34.53151,-58.49941,Que Guacho,Comida rápida,General José de San Martín 2785,
-34.54597,-58.47325,HD Adaptacion Vehicular,Talleres,Besares 2673,
-34.59484,-58.43672,Hasta la Masa,Comida rápida,Loyola,
-34.53152,-58.49946,Ballesteros,Comida rápida,Valle Grande,
-34.59117,-58.43449,Ugi's,Comida rápida,Avenida Córdoba,
-34.58964,-58.43678,Ayrten,Talleres,Avenida Córdoba,
-34.52501,-58.48614,Papa Piccolos,Comida rápida,General José de San Martín,
-34.52497,-58.48605,Dong Hai Restaurante,Comida rápida,General José de San Martín,
-34.61813,-58.36154,Muu,Comida rápida,Juana Manso 1750,
-34.61807,-58.36110,Placere,Comida rápida,Boulevard Rosario Vera Peñaloza,
-34.59687,-58.41455,San Cayetano,Comida rápida,José Antonio Cabrera,
-34.59709,-58.41058,Laberinto Espacial,Comida rápida,José Antonio Cabrera,
-34.53348,-58.50288,Lo de Mike,Comida rápida,Blas Parera,
-34.53314,-58.50234,Vincero Gourmet,Comida rápida,General José de San Martín,
-34.53080,-58.49752,Jumaro,Comida rápida,General José de San Martín,
-34.52731,-58.49043,Pizza House,Comida rápida,General José de San Martín,
-34.52666,-58.48907,Capri Pizza,Comida rápida,General José de San Martín,
-34.61494,-58.36236,Mizuki,Comida rápida,Petrona Eyle 355,
-34.61328,-58.36157,Pro Motors,Insumos de motos,Martha Salotti 444,
-34.61128,-58.36354,Orange Madero,Comida rápida,Olga Cossettini 1151,
-34.61072,-58.36364,Tres Quarts,Comida rápida,Olga Cossettini 1151,
-34.60961,-58.36378,San Luca,Comida rápida,Olga Cossettini 1031,
-34.61005,-58.36262,Moto Plex Jack,Insumos de motos,Juana Manso,
-34.61068,-58.36306,Hausbrot,Comida rápida,Juana Manso 1151,
-34.61647,-58.36173,Blue,Comida rápida,Juana Manso,
-34.61631,-58.36176,Patio Japones,Comida rápida,Juana Manso,
-34.61571,-58.36180,Pizado,Comida rápida,Juana Manso 1550,
-34.61543,-58.36311,DF Mexican Grill,Comida rápida,Olga Cossettini 1545,
-34.61561,-58.36308,Itamae Sushi,Comida rápida,Olga Cossettini 1553,
-34.61606,-58.36304,Simone,Comida rápida,Olga Cossettini 1553,
-34.61631,-58.36224,Unico,Comida rápida,Encarnación Ezcurra 365,
-34.61621,-58.36122,La Pereanta,Comida rápida,Encarnación Ezcurra,
-34.61156,-58.36323,i Fresh,Comida rápida,Juana Manso 1151,
-34.61020,-58.36345,Espresso House,Comida rápida,Olga Cossettini 1140,
-34.57722,-58.47768,IHM Escapes,Talleres,Mariscal Antonio José De Sucre,
-34.57963,-58.47509,Sacabollos,Talleres,Giribone,
-34.60066,-58.36454,Brioche Dorée,Comida rápida,Juana Manso 295,
-34.59918,-58.36464,Mangiare,Comida rápida,Juana Manso 153,
-34.59913,-58.36456,Sanno,Comida rápida,Mariquita Sánchez De Thompson,
-34.58150,-58.46937,La Vieja Estación,Talleres,Avenida Chorroarín,
-34.59717,-58.38121,Ugi's,Comida rápida,Carlos Pellegrini,
-34.49820,-58.48924,Nino,Comida rápida,Doctor Guillermo Rawson 3690,
-34.49874,-58.48859,Pizza Bonita,Comida rápida,Doctor Guillermo Rawson,
-34.52119,-58.48488,Forno Rosso,Comida rápida,Avenida Maipú,
-34.51893,-58.48611,Mama Masa,Comida rápida,Avenida Maipú 1947,
-34.61662,-58.36217,Rivière,Comida rápida,Juana Manso 1651,
-34.61635,-58.36277,OK Food,Comida rápida,Encarnación Ezcurra 365,
-34.61724,-58.36115,Lola Mora,Comida rápida,Boulevard Rosario Vera Peñaloza,
-34.50310,-58.49459,Edward's,Comida rápida,Avenida Maipú,
-34.49768,-58.48958,Mignon,Comida rápida,Doctor Guillermo Rawson,
-34.58453,-58.46455,La Aceitera,Talleres,Avenida Triunvirato,
-34.65938,-58.63333,LAC Lubricantes,Talleres,"-34.65938, -58.63333",
-34.58468,-58.45420,Norval,Talleres,Avenida Forest,
-34.58467,-58.45239,RITA Restaurante,Comida rápida,Olleros 3891,
-34.61387,-58.39028,Punto Cuore,Comida rápida,Solís,
-34.62260,-58.39167,Kentucky,Comida rápida,Avenida Entre Ríos,
-34.45331,-58.54649,Mi Fama's,Comida rápida,Guido Spano,
-34.44835,-58.54539,Lubricentro Labrador,Talleres,Avenida Presidente Teniente General Juan Domingo Perón 2438,
-34.60357,-58.39253,Subway,Comida rápida,Avenida Callao,
-34.61705,-58.37276,La Varita,Comida rápida,Avenida Independencia,
-34.61723,-58.37658,Renault Minuto,Talleres,Avenida Independencia,
-34.61732,-58.37714,Sumo,Comida rápida,Avenida Independencia,
-34.61734,-58.37746,Bar Piedras,Comida rápida,Piedras,
-34.61744,-58.37925,RPM Motos,Insumos de motos,Avenida Independencia 937,
-34.62029,-58.39143,Café Martínez,Comida rápida,Carlos Calvo 1002,
-34.60911,-58.39178,Monday,Comida rápida,Avenida Callao,
-34.61451,-58.38026,Kilo Gourmet,Comida rápida,Bernardo de Irigoyen,
-34.61314,-58.37981,Rioja,Comida rápida,Avenida Belgrano,
-34.64996,-58.64853,Moto 46,Talleres,Gobernador Inocencio Arias,
-34.61287,-58.37537,Santo Domingo,Comida rápida,"-34.61287, -58.37537",
-34.65065,-58.64426,Donaio,Comida rápida,Gobernador Inocencio Arias,
-34.65084,-58.64333,Café Martínez,Comida rápida,Gobernador Inocencio Arias 2437,
-34.44037,-58.55581,Pizza Goll,Comida rápida,Avenida Presidente Teniente General Juan Domingo Perón,
-34.44356,-58.55172,Lo de Esteban,Comida rápida,Avenida Presidente Teniente General Juan Domingo Perón,
-34.60394,-58.41201,Big Bang,Comida rápida,Avenida Corrientes,
-34.60393,-58.41180,Café Martínez,Comida rápida,Avenida Corrientes 3301,
-34.60423,-58.40691,Subway,Comida rápida,Avenida Corrientes,
-34.60425,-58.40673,Pizzería Belén,Comida rápida,Avenida Corrientes,
-34.59640,-58.40327,Café Martínez,Comida rápida,Avenida Pueyrredón 1202,
-34.58280,-58.41205,Tilo,Comida rápida,French 3700,
-34.46318,-58.57757,Pizza Avenda,Comida rápida,Avenida Nicolás Avellaneda,
-34.46228,-58.57561,Tomasetto Lovato,Talleres,Avenida Nicolás Avellaneda,
-34.60368,-58.38359,Kentucky,Comida rápida,Avenida Corrientes,
-34.43516,-58.56638,Casa de Comidas Lili,Comida rápida,Colón,
-34.46162,-58.57429,La Aqevasan,Comida rápida,Avenida Nicolás Avellaneda,
-34.47068,-58.59404,Ke!,Comida rápida,Avenida Nicolás Avellaneda,
-34.46503,-58.58212,Motosmario,Talleres,Avenida Nicolás Avellaneda,
-34.60679,-58.47623,El Viejo,Comida rápida,Alfredo R. Bufano,
-34.60817,-58.48021,Calvarico,Comida rápida,Álvarez Jonte,
-34.60368,-58.38402,Havanna,Comida rápida,Avenida Corrientes,
-34.60376,-58.38523,Ouro Preto,Comida rápida,Avenida Corrientes 1300,
-34.46386,-58.57968,M & M,Comida rápida,Avenida Nicolás Avellaneda,
-34.60384,-58.38624,La Americana,Comida rápida,Avenida Corrientes 1383,
-34.60383,-58.38603,Los Inmortales - Corrientes,Comida rápida,Avenida Corrientes 1369,
-34.44286,-58.55574,Los Primos,Comida rápida,3 de Febrero 1298,
-34.78443,-58.62643,GNC,Talleres,Avenida Brigadier General Juan Manuel de Rosas,
-34.78435,-58.62640,Taller Chapaypintura,Talleres,Avenida Brigadier General Juan Manuel de Rosas,
-34.58324,-58.40223,La Nueva San Agustín,Comida rápida,Avenida General Las Heras,
-34.58348,-58.40154,Bonafide,Comida rápida,Avenida General Las Heras,
-34.58836,-58.39584,Food Truck Store,Comida rápida,Azcuénaga,
-34.60830,-58.48560,Amaretto,Comida rápida,Adolfo P. Carranza,
-34.60820,-58.37428,Siempre Verde,Comida rápida,Rivadavia,
-34.59379,-58.39205,Take & Caffee,Comida rápida,Juncal,
-34.59408,-58.39200,Valence,Comida rápida,Juncal,
-34.60898,-58.37630,Paella Valenciana,Comida rápida,Chacabuco 82,
-34.60916,-58.37630,Wok Express,Comida rápida,Chacabuco,
-34.61030,-58.37623,Como,Comida rápida,Chacabuco,
-34.61178,-58.37794,Santa Cafe,Comida rápida,Moreno 820,
-34.74428,-58.60899,Gnc Rohi,Talleres,Avenida Brigadier General Juan Manuel de Rosas,
-34.74763,-58.61119,Gomeria Lubricentro,Talleres,Avenida Brigadier General Juan Manuel de Rosas,
-34.61179,-58.37881,Dulce For Nuete,Comida rápida,Moreno,
-34.61037,-58.37636,Salsa Mia,Comida rápida,Adolfo Alsina,
-34.61037,-58.37613,Mr. Sandwich,Comida rápida,Adolfo Alsina,
-34.58205,-58.41255,Sushi Pop,Comida rápida,Avenida General Las Heras,
-34.61013,-58.37284,Wok Express,Comida rápida,Adolfo Alsina,
-34.43783,-58.57122,Electricidad del Automovil,Talleres,Avenida Crisólogo Larralde,
-34.43811,-58.57168,Alberto,Talleres,Avenida Crisólogo Larralde,
-34.58235,-58.41041,Hausbrot,Comida rápida,Aráoz,
-34.64975,-58.64213,Kamala,Comida rápida,Montes De Oca,
-34.65037,-58.64249,La Barra,Comida rápida,Pompeya,
-34.65033,-58.64277,Dante,Comida rápida,Pompeya,
-34.58362,-58.40434,Boken Sushi,Comida rápida,Billinghurst,
-34.58360,-58.40241,Gourmet,Comida rápida,Avenida General Las Heras,
-34.65083,-58.64238,Malibu,Comida rápida,Carlos Casares,
-34.64959,-58.64203,La Vuelta,Comida rápida,Montes De Oca,
-34.64960,-58.64187,Sushi-Wa,Comida rápida,Montes De Oca,
-34.60919,-58.37642,Parrilla al Carbon,Comida rápida,Chacabuco,
-34.61059,-58.37634,Ramon Bistro,Comida rápida,Chacabuco,
-34.73305,-58.60737,La Familia,Comida rápida,"-34.73305, -58.60737",
-34.61170,-58.38017,Restaurant Parrilla,Comida rápida,Moreno,
-34.61073,-58.37902,Vargas,Comida rápida,Tacuarí,
-34.65001,-58.63891,Maper Qué,Comida rápida,Montes De Oca,
-34.60214,-58.40471,La Napolitana,Comida rápida,Avenida Pueyrredón,
-34.60217,-58.40472,Taypá,Comida rápida,Avenida Pueyrredón,
-34.45084,-58.57092,Borba,Comida rápida,Avenida Hipólito Yrigoyen,
-34.45501,-58.57596,Norauto,Talleres,Ex Combatiente Juan Reguera,
-34.45465,-58.57617,McDonald's,Comida rápida,Ex Combatiente Juan Reguera,
-34.47200,-58.51460,Sabores Express,Comida rápida,Avenida Centenario,
-34.45930,-58.56942,A Gusto,Comida rápida,Avenida Nicolás Avellaneda,
-34.61168,-58.37602,El Bodegón,Comida rápida,Moreno,
-34.69811,-58.62587,Popeyes,Comida rápida,Chavarría,
-34.60309,-58.40620,El Buen Gusto,Comida rápida,Boulogne Sur Mer,
-34.60409,-58.38954,Farandula,Comida rápida,Avenida Corrientes 1601,
-34.60400,-58.38824,Havanna,Comida rápida,Avenida Corrientes,
-34.60191,-58.41135,Chola de Oro,Comida rápida,Lavalle 3205,
-34.59993,-58.41742,Caelis,Comida rápida,Lavalle,
-34.61638,-58.37178,La Casa del Dulce de Leche,Comida rápida,Defensa 733,
-34.46757,-58.51139,La Española,Comida rápida,Avenida 25 de Mayo,
-34.60416,-58.39058,Dean & Dennys,Comida rápida,Avenida Corrientes 1681,
-34.59517,-58.42836,P&E,Comida rápida,Avenida Córdoba,
-34.60436,-58.39519,Vía Giovanni,Comida rápida,Avenida Corrientes,
-34.59404,-58.43018,Tomasso,Comida rápida,Avenida Córdoba 4611,
-34.53631,-58.47743,Las Delicias,Comida rápida,Avenida Maipú 208,
-34.60445,-58.39813,Havanna,Comida rápida,Avenida Corrientes,
-34.59166,-58.43375,Subway,Comida rápida,Avenida Córdoba,
-34.61286,-58.37079,La Ventana,Comida rápida,Balcarce,
-34.60451,-58.39968,Pizzería Tagliata,Comida rápida,Avenida Corrientes,
-34.46494,-58.50860,Mamba,Comida rápida,Avenida Tiscornia,
-34.61637,-58.37035,Taconeando,Comida rápida,Balcarce,
-34.61646,-58.37036,Pizzeria Tio Felipe,Comida rápida,Balcarce,
-34.61655,-58.37064,Patios,Comida rápida,San Lorenzo,
-34.59711,-58.45421,Dilisio,Talleres,Avenida Dorrego,
-34.59764,-58.45496,Carlitos S.A.,Talleres,Avenida Dorrego,
-34.59774,-58.45509,Monroe,Talleres,Avenida Dorrego,
-34.61565,-58.37167,Chalu,Comida rápida,Defensa,
-34.60072,-58.45263,Motor Factory,Talleres,El Alfabeto,
-34.60257,-58.45534,Poloautos,Talleres,Avenida Juan Bautista Justo,
-34.64552,-58.62421,H2Oil,Talleres,Leandro N. Alem,
-34.60315,-58.45782,La Esquina,Comida rápida,Espinosa,
-34.64294,-58.64051,La Tranquera,Comida rápida,Leandro N. Alem,
-34.62688,-58.49025,Mattano,Gomerías,Avenida Juan Bautista Justo 7054,
-34.45692,-58.56439,Chocorisimo,Comida rápida,Avenida Nicolás Avellaneda 2998,
-34.46984,-58.50893,Demila,Comida rápida,Martín y Omar,
-34.47007,-58.50933,Chicharos,Comida rápida,Martín y Omar,
-34.59804,-58.45532,Fric-Rot,Talleres,Avenida Warnes,
-34.59993,-58.45252,Iberia,Comida rápida,Avenida Doctor Honorio Pueyrredón,
-34.60033,-58.45267,Big Pizza,Comida rápida,Avenida Juan Bautista Justo,
-34.60098,-58.45362,Ajicito Porteño,Comida rápida,Avenida Juan Bautista Justo,
-34.60093,-58.45354,Puerte Lopez,Comida rápida,Avenida Juan Bautista Justo,
-34.60281,-58.45630,Fate O,Gomerías,Avenida Juan Bautista Justo,
-34.60655,-58.46177,Street Circuit,Talleres,Avenida Juan Bautista Justo,
-34.60756,-58.46330,Total Lubricantes,Talleres,Avenida Juan Bautista Justo,
-34.60939,-58.46539,Show del Pollo 3,Comida rápida,Avenida Juan Bautista Justo 4699,
-34.45976,-58.54244,J M,Comida rápida,Avenida Uruguay,
-34.61618,-58.37594,Mr. Sandwich,Comida rápida,Chacabuco 700,
-34.61604,-58.37404,Del Amanecer,Comida rápida,Chile,
-34.61364,-58.37263,La Cocina de Virrey,Comida rápida,Venezuela,
-34.45584,-58.55129,Lo de Basi,Comida rápida,A. Tanoni,
-34.45674,-58.56405,A Gusto,Comida rápida,Avenida Nicolás Avellaneda 2962,
-34.45571,-58.56335,Justo,Comida rápida,Avenida Intendente Adolfo Arnoldi,
-34.61397,-58.37743,Don Hugo,Comida rápida,Venezuela,
-34.61406,-58.37868,Lo d Luis,Comida rápida,Venezuela,
-34.61458,-58.37902,RotorPump,Talleres,Tacuarí,
-34.60447,-58.45923,Trybe,Comida rápida,Avenida San Martín,
-34.45132,-58.57158,Delicias,Comida rápida,Avenida Hipólito Yrigoyen,
-34.45968,-58.57092,El imperio de comidas,Comida rápida,Avenida Nicolás Avellaneda,
-34.45952,-58.57060,La Unión,Comida rápida,Avenida Nicolás Avellaneda,
-34.61601,-58.47433,Lubricentro Car's,Talleres,Avenida Juan Bautista Justo,
-34.61612,-58.37280,Cafe San Juan,Comida rápida,Chile,
-34.64942,-58.61540,Don Antonio,Comida rápida,Avenida Rivadavia,
-34.47124,-58.51184,Good Food Company,Comida rápida,Rivadavia,
-34.45820,-58.56779,Caribe,Comida rápida,Avenida Nicolás Avellaneda,
-34.64847,-58.62117,Mr. Tasty,Comida rápida,General Belgrano,
-34.69802,-58.53857,Encendido Futuro,Talleres,Avenida Intendente Esteban Crovara,
-34.46988,-58.51180,Home Burger,Comida rápida,Acassuso,
-34.45734,-58.56596,Santo,Comida rápida,Avenida Nicolás Avellaneda 3105,
-34.45730,-58.56592,KrustyKrav,Comida rápida,Avenida Nicolás Avellaneda 3101,
-34.45719,-58.56573,Amor Far,Comida rápida,Avenida Nicolás Avellaneda 3099,
-34.45638,-58.56396,Motomel,Insumos de motos,Avenida Nicolás Avellaneda,
-34.45593,-58.56362,Gomería Cadillo,Talleres,Avenida Intendente Adolfo Arnoldi,
-34.62077,-58.37249,Il Sorpasso,Comida rápida,Humberto I,
-34.62084,-58.37295,Caracol,Comida rápida,Bolívar,
-34.69514,-58.53264,Resto Bar,Comida rápida,General Nazar,
-34.44931,-58.55086,Bruno's,Comida rápida,Nicolás Avellaneda 2099,
-34.44622,-58.60063,Pancho Loco II,Comida rápida,Alfredo Palacios,
-34.61842,-58.37151,Mi Tio,Comida rápida,Estados Unidos,
-34.62575,-58.50948,Dany Elena's,Comida rápida,Avenida Lope de Vega 1511,
-34.62721,-58.50761,Grupo Brabo,Talleres,Avenida Lope de Vega,
-34.49357,-58.55238,Peppers,Comida rápida,Almirante Blanco Encalada 88,
-34.47144,-58.51373,Espresso Costa,Comida rápida,Cosme Beccar 216,
-34.62058,-58.37034,Sagardi,Comida rápida,Humberto I,
-34.62067,-58.37345,Jhabibi,Comida rápida,Humberto I,
-34.62067,-58.37409,Origen Cafe,Comida rápida,"-34.62067, -58.37409",
-34.62075,-58.37567,La Moderna,Comida rápida,Humberto I,
-34.67146,-58.53109,Pizzas Minutas,Comida rápida,Avenida General San Martín,
-34.63715,-58.49621,Pizzeria Victuria,Comida rápida,Avenida Rivadavia,
-34.56144,-58.46501,El Noble,Comida rápida,Monroe 2950,
-34.69882,-58.62449,Todo Pasta,Comida rápida,Carlos Casares,
-34.45190,-58.55503,Drugstore Joker,Comida rápida,Avenida Nicolás Avellaneda,
-34.70055,-58.62227,Lucho,Talleres,Carlos Casares,
-34.61936,-58.37020,Trattoria Zagara,Comida rápida,Carlos Calvo,
-34.62083,-58.37733,Fuegos y Vinos,Comida rápida,Humberto I,
-34.62083,-58.37749,La Ultima Porcion,Comida rápida,Humberto I,
-34.63946,-58.51335,Yokohama,Gomerías,Avenida Rivadavia,
-34.63943,-58.51384,R Motors,Talleres,Avenida Rivadavia,
-34.61862,-58.37676,El Refuerzo,Comida rápida,Estados Unidos,
-34.69834,-58.62610,La Estrella,Comida rápida,Chavarría,
-34.68965,-58.50956,Granja,Comida rápida,"-34.68965, -58.50956",
-34.62538,-58.52015,Frotello's,Comida rápida,Irigoyen,
-34.46868,-58.51189,Green Go,Comida rápida,Ituzaingó,
-34.61858,-58.37309,Nueva Esperanza,Comida rápida,Bolívar,
-34.61853,-58.37133,Viejo Gómez,Comida rápida,Estados Unidos,
-34.45419,-58.55874,El Rey del Pollo,Comida rápida,Avenida Nicolás Avellaneda,
-34.62053,-58.52650,Flipa,Comida rápida,Irigoyen,
-34.72795,-58.52879,La Pizza del 900,Comida rápida,Martín Miguel de Güemes,
-34.70573,-58.50410,T.A.M.A.,Talleres,Donovan,
-34.61534,-58.52351,Foxer,Talleres,312 - Avenida F. Lope de Vega,
-34.61550,-58.52330,Car Vinyl,Talleres,312 - Avenida F. Lope de Vega,
-34.61901,-58.51874,Moto Vega,Insumos de motos,312 - Avenida F. Lope de Vega,
-34.69858,-58.62434,Terraza Pizza Bar,Comida rápida,Avenida Carlos Casares,
-34.66032,-58.62919,Moron Requestos,Talleres,Avenida Hipólito Yrigoyen,
-34.64920,-58.61518,Arizona Motos,Talleres,Avenida Bernardino Rivadavia,
-34.62665,-58.50876,Blues Taller,Talleres,Avenida Lope de Vega,
-34.68377,-58.61999,Sym Automotores,Talleres,Avenida Don Bosco,
-34.68383,-58.62005,Arcanbox,Talleres,Avenida Don Bosco,
-34.63240,-58.49943,Taller Enrique,Talleres,Avenida Canónigo Miguel del Corro,
-34.63709,-58.49817,Panch 8,Comida rápida,Milton,
-34.69248,-58.62965,LD Racing,Talleres,Avenida Don Bosco,
-34.63781,-58.50332,Ohmi Sushi,Comida rápida,Víctor Hugo,
-34.71523,-58.52358,El Palacio de la Milanesa,Comida rápida,Guayanas,
-34.63858,-58.50792,Piazza Luro,Comida rápida,Avenida Rivadavia,
-34.63912,-58.51316,Ch Motos,Insumos de motos,Avenida Rivadavia,
-34.46946,-58.51019,Cremolatti,Comida rápida,Pasaje Capitán Aldo Roberto Garrido 396,
-34.64919,-58.61642,Larco,Comida rápida,Avenida Rivadavia,
-34.64918,-58.61787,Sabores Express,Comida rápida,"-34.64918, -58.61787",
-34.64906,-58.61994,Bonafide,Comida rápida,25 De Mayo,
-34.64915,-58.62081,Big Crunchys,Comida rápida,Avenida Rivadavia,
-34.64898,-58.62098,Sabores Express,Comida rápida,General Belgrano,
-34.64886,-58.62099,American Papas,Comida rápida,General Belgrano,
-34.71927,-58.53170,San Patricio,Comida rápida,El Benteveo,
-34.62844,-58.48223,ArCo Vision,Comida rápida,Bahía Blanca 461,
-34.74133,-58.28770,Pizza Fan,Comida rápida,Avenida 12 de Octubre 2883,
-34.59918,-58.38105,Ciudad Moto,Insumos de motos,Carlos Pellegrini,
-34.60098,-58.38093,Café Martínez,Comida rápida,Carlos Pellegrini 629,
-34.60126,-58.38091,Kentucky,Comida rápida,Carlos Pellegrini,
-34.60269,-58.38087,Terrazo,Comida rápida,Carlos Pellegrini,
-34.60410,-58.38599,Güerrín,Comida rápida,Avenida Corrientes 1368,
-34.60441,-58.39013,McDonald's,Comida rápida,Avenida Corrientes,
-34.60441,-58.39017,McCafé,Comida rápida,Avenida Corrientes,
-34.70534,-58.54118,Los Tres Hermanos,Comida rápida,El Pingüino,
-34.71398,-58.54384,Buffet V.E.M.M.E.,Comida rápida,La Mulita,
-34.64731,-58.50579,Tio Juan,Comida rápida,Avenida Emilio Castro,
-34.64724,-58.50564,Alessandro,Comida rápida,Avenida Emilio Castro,
-34.47043,-58.51256,Ryūkyū,Comida rápida,Rivadavia,
-34.47032,-58.51125,Equal Sweet,Comida rápida,Acassuso,
-34.69443,-58.51199,Luisito,Comida rápida,Avenida Boulogne Sur Mer,
-34.70582,-58.50429,Nicolo,Comida rápida,Arozarena,
-34.45323,-58.64919,Carmar,Talleres,Maestra Rosa María Casariego,
-34.69826,-58.50687,Pizzeria Mi Piace,Comida rápida,Martín Altolaguirre,
-34.69934,-58.62628,Nelderia,Comida rápida,Chavarría,
-34.65390,-58.51923,Bonafide,Comida rápida,Avenida Emilio Castro,
-34.65388,-58.51915,Santa Teresita,Comida rápida,Carhué,
-34.65216,-58.51549,Audio Car,Talleres,Avenida Emilio Castro,
-34.65053,-58.51197,Lubricentro,Talleres,Avenida Emilio Castro,
-34.64953,-58.50051,Upa,Comida rápida,Avenida Juan Bautista Alberdi,
-34.66830,-58.53263,Valentino's,Comida rápida,Avenida Brigadier General Juan Manuel de Rosas,
-34.65341,-58.50471,Pepper,Comida rápida,Avenida Juan Bautista Alberdi 6099,
-34.65377,-58.50509,Bonafide,Comida rápida,Avenida Juan Bautista Alberdi,
-34.65405,-58.50544,Los Cabritos,Comida rápida,Avenida Juan Bautista Alberdi,
-34.65530,-58.50715,Fábrica de Pizzas,Comida rápida,Avenida Juan Bautista Alberdi,
-34.67288,-58.50001,Restaurante Fiestas,Comida rápida,Avenida Eva Perón,
-34.67378,-58.50175,Burger Express,Comida rápida,Avenida General Paz,
-34.47286,-58.51318,Curly,Comida rápida,Juan Marín,
-34.47124,-58.51402,Pancheria Coquito,Comida rápida,Belgrano 92,
-34.59379,-58.49256,Pannunzio Hermanos,Talleres,Avenida Francisco Beiró,
-34.62169,-58.37151,Kentucky,Comida rápida,Avenida San Juan,
-34.46833,-58.51157,Zona Zink,Comida rápida,Ituzaingó 429,
-34.69679,-58.50559,Aime,Comida rápida,Avenida Vélez Sarsfield,
-34.69702,-58.50589,Amici,Comida rápida,Avenida Vélez Sarsfield,
-34.69545,-58.50413,Fabrica de Sandwiches,Comida rápida,Avenida Vélez Sarsfield,
-34.66346,-58.52055,Baronia,Comida rápida,"-34.66346, -58.52055",
-34.55066,-58.46711,Food Garden,Comida rápida,Avenida Cabildo,
-34.46770,-58.54157,El Fortin,Comida rápida,José Ingenieros,
-34.62609,-58.47188,Delicious,Comida rápida,Avenida Nazca,
-34.61051,-58.41360,ACA U.S. Once,Estaciones de servicio,Avenida Rivadavia,
-34.45613,-58.63993,83 Cars,Talleres,Avenida de los Constituyentes,
-34.45608,-58.63997,Altomonte Taranto,Talleres,Avenida de los Constituyentes,
-34.45559,-58.64035,Cerac,Talleres,Avenida de los Constituyentes,
-34.70674,-58.55522,El Trebal,Comida rápida,Ambrosetti,
-34.48413,-58.59617,McDonald's,Comida rápida,Camino Boulogne - Bancalari,
-34.48443,-58.61336,Mercado del Lubricante,Talleres,Avenida Ángel Torcuato de Alvear,
-34.48440,-58.61326,La Lugar,Comida rápida,Avenida Ángel Torcuato de Alvear,
-34.69694,-58.46929,Shell,Estaciones de servicio,Avenida Coronel Roca,
-34.69619,-58.46866,YPF,Estaciones de servicio,Avenida Coronel Roca,
-34.54193,-58.46319,Shell,Estaciones de servicio,Avenida Del Libertador,
-34.59352,-58.53637,YPF,Estaciones de servicio,22 - Rodríguez Peña 1101,
-34.80916,-58.38895,YPF,Estaciones de servicio,Avenida Espora 1498,
-34.80892,-58.38842,YPF,Estaciones de servicio,Avenida Espora 1499,
-34.75554,-58.40120,ACA,Estaciones de servicio,Avenida Hipólito Yrigoyen,
-34.76504,-58.40380,Shell,Estaciones de servicio,Avenida Hipólito Yrigoyen 9403,
-34.58718,-58.52624,Axion,Estaciones de servicio,Avenida 85 - Libertador General San Martín 830,
-34.77594,-58.42426,GNC CarGas,Estaciones de servicio,General Frías,
-34.73557,-58.43451,Shell,Estaciones de servicio,Colectora Camino Presidente Juan Domingo Perón,
-34.72280,-58.44408,Shell,Estaciones de servicio,Colectora Camino Presidente Juan Domingo Perón,
-34.57063,-58.52096,Shell,Estaciones de servicio,Avenida 44 - Presidente Arturo Umberto Illia 2114,
-34.78141,-58.38975,Puma,Estaciones de servicio,Almirante Brown 3938,
-34.54598,-58.47085,YPF,Estaciones de servicio,Avenida Cabildo 4108,
-34.70036,-58.57884,Sede Central,Talleres,Avenida Brigadier General Juan Manuel de Rosas,
-34.69943,-58.57804,Buby,Talleres,La Porteña,
-34.49804,-58.54399,Burger King,Comida rápida,Avenida Fondo de la Legua 668,
-34.65677,-58.58984,Night Wok,Comida rápida,Avenida Don Bosco,
-34.65678,-58.58986,Rey Poyo,Comida rápida,Avenida Don Bosco,
-34.65674,-58.58981,Esparta,Comida rápida,Avenida Don Bosco,
-34.80753,-58.40345,YPF,Estaciones de servicio,Avenida Hipólito Yrigoyen,
-34.80081,-58.40813,YPF,Estaciones de servicio,Avenida Hipólito Yrigoyen,
-34.81067,-58.40090,Puma,Estaciones de servicio,Avenida Hipólito Yrigoyen,
-34.81194,-58.40011,Puma,Estaciones de servicio,Avenida Hipólito Yrigoyen,
-34.61081,-58.41748,Bonafide,Comida rápida,Avenida Rivadavia,
-34.81902,-58.39484,Shell,Estaciones de servicio,Avenida Hipólito Yrigoyen,
-34.60008,-58.56194,Shell,Estaciones de servicio,536 - Fischetti 4705,
-34.51637,-58.57010,Gulf,Estaciones de servicio,25 - Manuel de Sarratea,
-34.67554,-58.32987,YPF,Estaciones de servicio,Los Ciruelos,
-34.61308,-58.42507,The Coffee Store,Comida rápida,Rawson,
-34.51588,-58.56813,Axion,Estaciones de servicio,Gobernador Castro,
-34.63140,-58.38239,Gulf,Estaciones de servicio,Avenida Caseros,
-34.61457,-58.42842,Todo Pasta,Comida rápida,Avenida Rivadavia,
-34.83547,-58.40229,Axion,Estaciones de servicio,Camino de Cintura,
-34.83419,-58.40112,Puma,Estaciones de servicio,Avenida Hipólito Yrigoyen,
-34.69065,-58.48132,YPF,Estaciones de servicio,Coronel Martiniano Chilavert,
-34.56125,-58.58826,Puma,Estaciones de servicio,Diagonal 190 - Brigadier General Juan Manuel de Rosas 7565,
-34.60268,-58.59280,Bonafide,Comida rápida,De los Jacarandaes,
-34.60422,-58.41053,Perutti,Comida rápida,Avenida Corrientes,
-34.60428,-58.40887,Starbucks,Comida rápida,Avenida Corrientes 3100,
-34.60437,-58.40824,La Rompe,Comida rápida,Avenida Corrientes 3032,
-34.68914,-58.40296,Panchos Moe's,Comida rápida,Avenida Intendente Manuel Quindimil 1190,
-34.49692,-58.58199,Shell,Estaciones de servicio,Bernardo de Irigoyen 1800,
-34.64535,-58.58304,Hola Piedra Libre Haedo,Comida rápida,Obispo Miguel Raspanti 301,
-34.53487,-58.50944,Axion,Estaciones de servicio,Avenida Bartolomé Mitre 1630,
-34.51195,-58.52132,ACA Acceso Norte I,Estaciones de servicio,Blas Parera 4088,
-34.64341,-58.58131,JP,Talleres,Avenida Rivadavia,
-34.64227,-58.57396,4G Valentino,Insumos de motos,Avenida Rivadavia,
-34.60457,-58.40652,La Reina de la Pizza,Comida rápida,Avenida Corrientes,
-34.60474,-58.39899,Tibidabo,Comida rápida,Avenida Corrientes,
-34.60472,-58.39841,Kenitos,Comida rápida,Avenida Corrientes,
-34.42687,-58.57504,Guang Wan,Comida rápida,Avenida Daniel M. Cazón,
-34.46121,-58.50729,Chiytos Del Faro,Comida rápida,Avenida Mitre,
-34.62029,-58.44126,Roma,Comida rápida,Avenida Rivadavia,
-34.62196,-58.44512,Havanna,Comida rápida,Avenida Rivadavia,
-34.62229,-58.44601,Maricel,Comida rápida,"-34.62229, -58.44601",
-34.62334,-58.44864,Pastas Savori,Comida rápida,Avenida Rivadavia,
-34.62576,-58.45474,Subway,Comida rápida,Avenida Rivadavia,
-34.60855,-58.42759,Parrilla 83,Comida rápida,Avenida Díaz Vélez,
-34.45831,-58.63036,Fata,Comida rápida,Avenida Hipólito Yrigoyen,
-34.45817,-58.63007,El Casco,Comida rápida,Avenida Hipólito Yrigoyen,
-34.60731,-58.44509,Neumen,Gomerías,Avenida Ángel Gallardo 1084,
-34.60576,-58.43929,Bonafide,Comida rápida,Avenida Ángel Gallardo 602,
-34.68714,-58.59077,YA&CA,Comida rápida,Colonia,
-34.67031,-58.60526,Mi Sueno,Comida rápida,Los Olivos,
-34.60543,-58.43924,Havanna,Comida rápida,Avenida Ángel Gallardo,
-34.45158,-58.52915,La Capelina Cafe,Comida rápida,Avenida del Libertador 3501,
-34.45759,-58.62976,Allegro,Comida rápida,Avenida Hipólito Yrigoyen,
-34.45736,-58.62931,La Burbanja,Comida rápida,Avenida Hipólito Yrigoyen,
-34.66327,-58.59754,Blasevich,Talleres,Avenida Don Bosco,
-34.45598,-58.62835,Martina,Comida rápida,General José María Paz,
-34.60716,-58.44553,Funes,Comida rápida,Avenida Ángel Gallardo 1099,
-34.43883,-58.64758,Mao Sushi,Comida rápida,Talar Del Lago,
-34.44698,-58.54277,Avanti,Comida rápida,Avenida del Libertador 2448,
-34.60956,-58.39920,Bricco,Comida rápida,Avenida Rivadavia,
-34.63127,-58.45297,Axion,Estaciones de servicio,Pumacahua,
-34.63074,-58.45138,RI & K Pizza,Comida rápida,Avenida Directorio,
-34.62853,-58.43653,Pizza King,Comida rápida,Avenida Directorio,
-34.62656,-58.42291,Las Leñas,Comida rápida,Avenida San Juan,
-34.64441,-58.56517,Dubs,Comida rápida,Espora,
-34.64157,-58.56296,Fatay Aladino,Comida rápida,Bartolomé Mitre,
-34.64252,-58.56091,La Tanita,Comida rápida,Sarmiento,
-34.62591,-58.41856,Ugris,Comida rápida,Avenida San Juan,
-34.62559,-58.41626,Esquina Sur,Comida rápida,Avenida San Juan 3602,
-34.62542,-58.41486,Las Delicias San Juan,Comida rápida,Avenida San Juan 3522,
-34.62528,-58.41341,Lo de Beto,Comida rápida,Virrey Liniers,
-34.62471,-58.40875,Federico,Comida rápida,General Urquiza,
-34.62445,-58.40664,Isla de Capri,Comida rápida,Avenida San Juan,
-34.62321,-58.39681,La Cueva,Comida rápida,Avenida San Juan,
-34.62295,-58.39280,Cafe del Biografo,Comida rápida,Avenida San Juan,
-34.60892,-58.43620,Triskel,Comida rápida,Avenida Díaz Vélez 4902,
-34.60890,-58.43408,Hui Yang Yuan,Comida rápida,Avenida Díaz Vélez 4774,
-34.41252,-58.60447,Los Sabores de Rincon,Comida rápida,Tuyutí,
-34.45020,-58.53231,Gratitude,Comida rápida,Avenida del Libertador 3180,
-34.45030,-58.53210,Orione,Comida rápida,Avenida del Libertador 3194,
-34.41184,-58.60008,Catalina,Comida rápida,Callao,
-34.68886,-58.49683,JT Mecanica,Talleres,Avenida Vélez Sarsfield,
-34.64197,-58.57214,Antares,Comida rápida,Avenida Rivadavia,
-34.60873,-58.42315,Lo de Mario,Comida rápida,Avenida Díaz Vélez,
-34.45387,-58.55873,Piruopancho,Comida rápida,Avenida Nicolás Avellaneda 1974,
-34.64143,-58.56586,Texas,Comida rápida,Avenida De Mayo,
-34.68933,-58.51042,Electricidad Del Automovil,Talleres,Avenida General San Martín,
-34.45557,-58.56219,Mis Sueños,Comida rápida,"-34.45557, -58.56219",
-34.69734,-58.50588,Rotiseria Cedro Azul,Comida rápida,Avenida Vélez Sarsfield,
-34.69579,-58.50413,Corven Autopartes,Talleres,Avenida Vélez Sarsfield,
-34.69575,-58.50409,Tapiales GNC,Talleres,Avenida Vélez Sarsfield,
-34.69356,-58.50166,Morida,Comida rápida,Avenida General San Martín,
-34.58983,-58.40039,Le Moulin de la Fleur,Comida rápida,Avenida Pueyrredón 1824,
-34.45305,-58.55673,Triana,Insumos de motos,Avenida Nicolás Avellaneda,
-34.68675,-58.49405,Kyrios Cafetería,Comida rápida,Blanco Encalada,
-34.64014,-58.55151,Auto Confort,Talleres,Avenida Rivadavia 13134,
-34.64015,-58.55088,N'MOTOR Lubricentro FB,Talleres,Avenida Rivadavia 13096,
-34.45459,-58.55955,Riviera,Talleres,Avenida Nicolás Avellaneda,
-34.45490,-58.56024,Tamar,Comida rápida,Avenida Nicolás Avellaneda,
-34.47616,-58.62515,Casa de Comidas,Comida rápida,Avenida General Manuel Belgrano,
-34.44282,-58.55561,Amazonas,Comida rápida,Ayacucho,
-34.61807,-58.39331,Don Hugo Pizzeria,Comida rápida,Avenida Independencia,
-34.59232,-58.44111,Sevice Factory,Talleres,Avenida Juan Bautista Justo,
-34.45232,-58.55770,Hernán,Talleres,Cordero,
-34.46714,-58.64741,Rotisería Que Sabores,Comida rápida,Avenida Hipólito Irigoyen,
-34.66849,-58.50754,Total Lubricantes,Talleres,Avenida de los Corrales,
-34.66852,-58.50706,Charlotte,Comida rápida,Avenida de los Corrales,
-34.66850,-58.50702,La Fuccinalta,Comida rápida,Avenida de los Corrales,
-34.66472,-58.50247,Corrales,Comida rápida,Avenida de los Corrales,
-34.66339,-58.50089,La Esperanza,Comida rápida,Avenida de los Corrales,
-34.66009,-58.51441,Lemón,Comida rápida,Montiel,
-34.42541,-58.57729,Caramel,Comida rápida,Avenida Daniel M. Cazón,
-34.44284,-58.55421,Los Charrúas,Comida rápida,Constitución 1399,
-34.64013,-58.53752,JCV,Gomerías,137 - Avenida Rivadavia,
-34.44427,-58.55136,Chapa & Pintura Ruben,Talleres,Arenales,
-34.64002,-58.53609,Carrocería,Talleres,137 - Avenida Rivadavia,
-34.66498,-58.49119,Gomeria Murguindo,Gomerías,Murguiondo,
-34.63963,-58.53122,Don Lilo,Comida rápida,102 - D'onofrio,
-34.66090,-58.51525,Taller de Carburacion El Germana,Talleres,Avenida Juan Bautista Alberdi,
-34.66056,-58.51461,Los Girasoles,Comida rápida,Avenida Juan Bautista Alberdi,
-34.66051,-58.51452,RVM Motos,Insumos de motos,Estonia,
-34.65908,-58.51207,Fabrica de Churros,Comida rápida,Carhué,
-34.61981,-58.40892,Volviste Clara,Comida rápida,Avenida Independencia,
-34.42829,-58.57369,Rapi Pago,Comida rápida,Avenida Daniel M. Cazón,
-34.42833,-58.57364,Gilera,Insumos de motos,Avenida Daniel M. Cazón,
-34.59625,-58.37335,Cerrajeria Electricidad,Talleres,Marcelo T. de Alvear,
-34.59632,-58.37666,Casanova,Comida rápida,Marcelo T. de Alvear,
-34.59647,-58.37811,Negro,Comida rápida,Marcelo T. de Alvear,
-34.59988,-58.39682,Gunama,Comida rápida,Avenida Córdoba 2094,
-34.42984,-58.57182,Tigre Goma,Gomerías,Avenida Daniel M. Cazón 678,
-34.62481,-58.44709,Fugu Sushi,Comida rápida,Avenida Juan Bautista Alberdi,
-34.60372,-58.37914,Pizzeria Genova,Comida rápida,Avenida Corrientes,
-34.60338,-58.37319,Café Martínez,Comida rápida,Avenida Corrientes 450,
-34.61188,-58.44190,Parada Honorio,Comida rápida,Felipe Vallese,
-34.61101,-58.44262,La Rueda,Comida rápida,Avenida Doctor Honorio Pueyrredón,
-34.59305,-58.37870,Deli Wok,Comida rápida,Esmeralda,
-34.61169,-58.37779,Santa Cafe,Comida rápida,Moreno 818,
-34.61171,-58.37815,Dolce Far Niente,Comida rápida,Moreno 888,
-34.65930,-58.48135,La Union Automotres,Talleres,Avenida Eva Perón 518,
-34.42064,-58.59330,Pizzería del Rincón,Comida rápida,Avenida Santa María de las Conchas,
-34.60322,-58.37135,La Germinadora,Comida rápida,25 de Mayo,
-34.65394,-58.47469,Aries Motos,Insumos de motos,Avenida Eva Perón,
-34.65389,-58.47472,MCF Lubricentro,Talleres,Avenida Eva Perón,
-34.64776,-58.61858,Bigmuzza,Comida rápida,Independencia,
-34.64838,-58.61864,El Show de las Papas Fritas,Comida rápida,Presidente Sarmiento,
-34.64940,-58.61856,Barra,Comida rápida,9 de Julio,
-34.60446,-58.37465,Pronto Pizza,Comida rápida,Sarmiento,
-34.60443,-58.37428,Pekin,Comida rápida,Sarmiento,
-34.60453,-58.37560,Los Mejores Sandwiches,Comida rápida,Sarmiento 635,
-34.60956,-58.39497,Punta Cuore,Comida rápida,Sarandí,
-34.60954,-58.39504,La Gran Via,Comida rápida,Avenida Rivadavia,
-34.61004,-58.40168,Bonafide,Comida rápida,Avenida Rivadavia,
-34.59964,-58.40121,Zoe,Comida rápida,Avenida Córdoba 2402,
-34.61010,-58.40307,Ugi's,Comida rápida,Avenida Rivadavia 2586,
-34.61014,-58.40323,Havanna,Comida rápida,Avenida Rivadavia,
-34.64518,-58.46605,Alessandro,Comida rápida,Pergamino,
-34.61032,-58.40616,Podesta,Comida rápida,Avenida Rivadavia,
-34.61041,-58.40774,Los Talentos,Comida rápida,Catamarca,
-34.61044,-58.40819,Fabrica de Pizzas,Comida rápida,Avenida Rivadavia,
-34.59903,-58.40300,Pablo's,Comida rápida,Avenida Córdoba 2550,
-34.61049,-58.40848,Ugi's,Comida rápida,Avenida Rivadavia,
-34.60450,-58.37664,La Sandwicherie,Comida rápida,Maipú,
-34.66027,-58.62077,Manaos,Comida rápida,Avenida Hipólito Yrigoyen,
-34.60804,-58.37665,Licuados Cafe,Comida rápida,Avenida Rivadavia 707,
-34.60590,-58.37941,Valientes,Comida rápida,Suipacha,
-34.61803,-58.43674,Pancho Factory,Comida rápida,Avenida Acoyte,
-34.61052,-58.40986,Me We,Comida rápida,Avenida Rivadavia,
-34.61060,-58.41108,La Lonja,Comida rápida,Avenida Rivadavia,
-34.63126,-58.47100,Bonafide,Comida rápida,Avenida Rivadavia 7500,
-34.61067,-58.41193,Zodiaco,Comida rápida,Avenida Rivadavia,
-34.61147,-58.41035,Chifa Lio San,Comida rápida,Hipólito Yrigoyen,
-34.62113,-58.43534,Sr. Pollo,Comida rápida,Avenida José María Moreno,
-34.60686,-58.38218,Yamaha,Insumos de motos,Avenida 9 de Julio,
-34.60699,-58.37579,Subway,Comida rápida,Bartolomé Mitre,
-34.61628,-58.43880,La Catedral,Comida rápida,Hidalgo,
-34.60915,-58.44453,Neumáticos Franklin,Gomerías,Avenida Doctor Honorio Pueyrredón 1000,
-34.65260,-58.62108,Pancheria,Comida rápida,General Belgrano,
-34.65176,-58.62107,Charat,Comida rápida,General Belgrano,
-34.60348,-58.38030,El Gallo,Comida rápida,Avenida Corrientes,
-34.60337,-58.37877,Starbucks,Comida rápida,Avenida Corrientes 857,
-34.60332,-58.37777,Kipimax,Comida rápida,Avenida Corrientes,
-34.60332,-58.37768,Havanna,Comida rápida,Avenida Corrientes,
-34.59476,-58.37347,Las Nazarenas,Comida rápida,Reconquista 1132,
-34.59657,-58.38101,Taragüi II,Comida rápida,Marcelo T. de Alvear,
-34.59276,-58.37989,Da Mingo,Comida rápida,Juncal 895,
-34.59278,-58.38022,Dos Escudos,Comida rápida,Juncal,
-34.67574,-58.50495,Nasa Motors,Insumos de motos,Avenida Intendente Esteban Crovara,
-34.67636,-58.50598,Flopy,Comida rápida,Avenida Intendente Esteban Crovara,
-34.67798,-58.50839,Avicola Del Solar,Comida rápida,Paso,
-34.67809,-58.50853,Magno,Comida rápida,Paso,
-34.67841,-58.50897,La Central,Comida rápida,Avenida Intendente Esteban Crovara,
-34.64910,-58.62175,Subway,Comida rápida,Avenida Rivadavia,
-34.64910,-58.62216,Fábrica de Pizzas,Comida rápida,Avenida Bernardino Rivadavia,
-34.60552,-58.37101,La Juana,Comida rápida,Teniente General Juan Domingo Perón,
-34.61588,-58.46440,Tomato,Comida rápida,Avenida Boyacá,
-34.61453,-58.46553,Spazzio,Comida rápida,Avenida Boyacá,
-34.61138,-58.42022,Havanna,Comida rápida,Avenida Rivadavia,
-34.61187,-58.42163,Carmelo's,Comida rápida,Avenida Rivadavia,
-34.61613,-58.43120,Havanna,Comida rápida,Avenida Rivadavia,
-34.61621,-58.43138,Gello,Comida rápida,Avenida Rivadavia,
-34.62319,-58.44730,Bonafide,Comida rápida,Hortiguera,
-34.60457,-58.43746,El Trébol,Comida rápida,Avenida Ángel Gallardo,
-34.60335,-58.43499,Pizza Rica,Comida rápida,Avenida Ángel Gallardo,
-34.60189,-58.43222,Caffé del Doge,Comida rápida,Avenida Estado de Israel 4841,
-34.60170,-58.43202,Feng,Comida rápida,Avenida Estado de Israel,
-34.60907,-58.37630,La Robla Cooperativa,Comida rápida,Chacabuco 82,
-34.59959,-58.43015,Rincón Norteño,Comida rápida,Avenida Estado de Israel,
-34.59758,-58.42202,Andorra,Comida rápida,Avenida Córdoba,
-34.67875,-58.50948,Tio Doke,Comida rápida,Avenida Intendente Esteban Crovara,
-34.67923,-58.51021,La Flor De Crovara,Comida rápida,Larrea,
-34.64867,-58.61838,La Gloria,Comida rápida,9 de Julio,
-34.68231,-58.51470,Faricci,Comida rápida,Las Heras,
-34.59784,-58.41204,Grillo´s,Comida rápida,Avenida Córdoba,
-34.68382,-58.51692,La Rosa China,Comida rápida,Avenida General San Martín,
-34.59793,-58.41089,Urquiza Motos,Insumos de motos,Avenida Córdoba,
-34.68620,-58.52037,Mercedes Crovara,Talleres,Bolívar,
-34.62850,-58.43825,La Canastita,Comida rápida,Avenida Directorio,
-34.68780,-58.52270,La Lola,Comida rápida,Avellaneda,
-34.68771,-58.52256,Lubricentro Cambio de Aceite y Filtro,Talleres,Avenida Intendente Esteban Crovara,
-34.65184,-58.61842,Marcelo,Comida rápida,9 de Julio,
-34.65281,-58.61844,Cremolatti,Comida rápida,9 De Julio,
-34.66060,-58.61979,Repuestos,Talleres,Avenida Hipólito Yrigoyen,
-34.59906,-58.37819,The Sandwich Market,Comida rápida,Esmeralda,
-34.60575,-58.37629,El Portal,Comida rápida,Teniente General Juan Domingo Perón,
-34.60231,-58.37796,Valerio,Comida rápida,Esmeralda 517,
-34.60214,-58.37807,Parrilla Libre,Comida rápida,Esmeralda,
-34.59876,-58.37821,Café Castelar,Comida rápida,Esmeralda,
-34.61603,-58.44217,La Posta de Caballito,Comida rápida,Avellaneda,
-34.69030,-58.52632,Nasa Motos,Talleres,Avenida Intendente Esteban Crovara,
-34.59783,-58.37826,Empanairo,Comida rápida,Esmeralda,
-34.59772,-58.37798,Pousser,Comida rápida,Paraguay,
-34.59754,-58.37418,Alimentari,Comida rápida,Paraguay,
-34.59750,-58.37346,Irifune,Comida rápida,Paraguay,
-34.64928,-58.62278,Zanella,Insumos de motos,Avenida Rivadavia,
-34.59885,-58.37464,Starbucks,Comida rápida,Avenida Córdoba 550,
-34.59886,-58.37554,My House,Comida rápida,Avenida Córdoba 602,
-34.59905,-58.37810,Tienda de Cafe,Comida rápida,Avenida Córdoba,
-34.60011,-58.38068,Kiosco de Empanadas y Pizzas,Comida rápida,Viamonte,
-34.60005,-58.37940,La Cueva,Comida rápida,Viamonte,
-34.60005,-58.37935,Places,Comida rápida,Viamonte,
-34.59990,-58.37696,Ricas Empanadas,Comida rápida,Viamonte,
-34.62204,-58.38158,Playas del Carmen,Comida rápida,Avenida San Juan,
-34.59794,-58.40921,Mostachole,Comida rápida,Avenida Córdoba 2999,
-34.59795,-58.40897,Cümen-Cümen,Comida rápida,Avenida Córdoba 2985,
-34.59788,-58.40650,Starbucks,Comida rápida,Jean Jaures 1015,
-34.59854,-58.40325,Academia della Pizza,Comida rápida,Avenida Córdoba 2565,
-34.61837,-58.39348,Las Delicious,Comida rápida,Avenida Independencia,
-34.62334,-58.43762,Taco N Todo,Comida rápida,Avenida Juan Bautista Alberdi,
-34.59914,-58.40218,La Napo,Comida rápida,Avenida Córdoba,
-34.59915,-58.38672,Ibérico,Comida rápida,Avenida Córdoba,
-34.42752,-58.59168,Hatsu Sushi,Comida rápida,Avenida Santiago de Liniers,
-34.42746,-58.59166,El Noble,Comida rápida,Avenida Santiago de Liniers,
-34.42657,-58.59126,Gelay,Comida rápida,Avenida Santiago de Liniers,
-34.66332,-58.48820,Suspen Todo,Talleres,Avenida Eva Perón,
-34.42611,-58.59099,Stromboli,Comida rápida,Avenida Santiago de Liniers,
-34.42607,-58.59097,100% Natural,Comida rápida,Avenida Santiago de Liniers,
-34.41662,-58.58488,Ironi,Comida rápida,Eduardo Madero 561,
-34.60459,-58.37420,Midi Gourmet,Comida rápida,Sarmiento,
-34.60470,-58.37628,Parrilla,Comida rápida,Sarmiento,
-34.60469,-58.37605,Bonafide,Comida rápida,Sarmiento,
-34.60479,-58.37731,Restaurante Central,Comida rápida,Sarmiento,
-34.65444,-58.55012,Reparamos,Talleres,Avenida General San Martín,
-34.68228,-58.55375,Chisap Fiesta,Comida rápida,Almafuerte,
-34.68234,-58.55567,Chisap,Comida rápida,Doctor Ignacio Arieta,
-34.60382,-58.37657,Restaurant,Comida rápida,Maipú,
-34.60391,-58.37657,Food Time,Comida rápida,Maipú,
-34.60833,-58.37904,Bar the Bar,Comida rápida,Rivadavia,
-34.63339,-58.48069,El Rincon,Comida rápida,Avenida Rivadavia,
-34.63418,-58.48394,La Bataraza,Comida rápida,Avenida Rivadavia,
-34.63425,-58.48437,Las Medialunes del Abuelo,Comida rápida,Avenida Rivadavia,
-34.63463,-58.48584,GNC,Talleres,Avenida Rivadavia,
-34.63466,-58.48599,Coraggio,Comida rápida,Avenida Rivadavia,
-34.60709,-58.37973,Restó Bar Tolomé,Comida rápida,Bartolomé Mitre,
-34.60650,-58.37094,Kentucky Pizzeria Bar,Comida rápida,Bartolomé Mitre,
-34.60603,-58.37098,Puro,Comida rápida,25 de Mayo,
-34.67566,-58.55796,Lode Guille,Comida rápida,Hipólito Yrigoyen,
-34.67559,-58.55801,Cafetería Parrilla,Comida rápida,Presidente Juan Domingo Perón,
-34.67437,-58.56234,Sushi Amida,Comida rápida,Doctor Arturo Illia,
-34.67441,-58.56239,Empanadas Medialunas,Comida rápida,Doctor Arturo Illia,
-34.62056,-58.37860,Peppino,Comida rápida,Tacuarí,
-34.62573,-58.43161,Café Martínez,Comida rápida,Avenida Pedro Goyena 314,
-34.63283,-58.47840,Dragon Doble,Comida rápida,Avenida Rivadavia,
-34.62199,-58.37873,EMViar,Comida rápida,Tacuarí,
-34.62224,-58.37851,Subway,Comida rápida,Avenida San Juan,
-34.59987,-58.37648,Serena's Restaurante & Bar,Comida rápida,Viamonte,
-34.62200,-58.37218,Cafe San Juan,Comida rápida,Avenida San Juan,
-34.68096,-58.56377,Las Leñas,Comida rápida,Hipólito Yrigoyen,
-34.60136,-58.37929,Restaurant Peruana,Comida rápida,Tucumán,
-34.60121,-58.37968,Las Delicias,Comida rápida,Tucumán,
-34.67905,-58.56169,Cefiro,Comida rápida,Monseñor José Marcón,
-34.67887,-58.56194,Maxi Kiewicz,Comida rápida,Monseñor José Francisco Marcón,
-34.67755,-58.56209,Carretto,Comida rápida,Tomás Justo Villegas,
-34.61519,-58.41126,Maria,Comida rápida,Avenida Belgrano,
-34.61469,-58.40635,Fabrica de Pizzas,Comida rápida,Catamarca,
-34.59879,-58.37849,Deli Office,Comida rápida,Avenida Córdoba,
-34.59885,-58.38041,Subway,Comida rápida,Avenida Córdoba,
-34.59887,-58.38080,Starbucks,Comida rápida,Avenida Córdoba 975,
-34.67623,-58.56380,Don Armando,Comida rápida,Doctor Ignacio Arieta,
-34.67485,-58.56703,Encuentros,Comida rápida,Monseñor José Marcón,
-34.54164,-58.57219,Doña Figa,Comida rápida,Diagonal 154 - Progreso,
-34.59578,-58.38466,Santa Fe 1234,Comida rápida,Avenida Santa Fe 1234,
-34.65246,-58.55236,Manolo Lubricentro,Talleres,Avenida General San Martín,
-34.63523,-58.46605,Light's Coffee,Comida rápida,Avenida Directorio,
-34.63202,-58.45652,Misericordia,Comida rápida,Camacuá,
-34.63085,-58.46072,Pizzeria Sabi,Comida rápida,Avenida Juan Bautista Alberdi,
-34.63154,-58.46304,Rincón de Flores,Comida rápida,Avenida Juan Bautista Alberdi,
-34.63160,-58.46326,Big Pizza,Comida rápida,Avenida Juan Bautista Alberdi,
-34.63234,-58.46563,Gran Paraná,Comida rápida,Avenida Juan Bautista Alberdi,
-34.64106,-58.56007,El Desembarco,Comida rápida,Bartolomé Mitre 294,
-34.62218,-58.42759,Superfish,Comida rápida,Avenida La Plata,
-34.64126,-58.46890,El Boulevard,Comida rápida,Avenida Francisco Bilbao,
-34.64695,-58.55806,Gli Amici,Comida rápida,Maestra Mercedes Lascano,
-34.58703,-58.41340,San Martín,Comida rápida,Avenida Santa Fe 3402,
-34.61474,-58.42046,Renacer,Comida rápida,Avenida Hipólito Yrigoyen,
-34.67394,-58.57427,Pizzería Los Primos,Comida rápida,Venezuela,
-34.64360,-58.56181,Rincón Express,Comida rápida,Avenida General San Martín 158,
-34.69246,-58.57234,Gnc Ruta 3,Talleres,Avenida Brigadier General Juan Manuel de Rosas,
-34.69261,-58.57251,Taller Mecanico,Talleres,Avenida Brigadier General Juan Manuel de Rosas,
-34.63479,-58.48523,Athambra,Comida rápida,Avenida Rivadavia,
-34.68235,-58.55532,Costumbres Argentinas,Comida rápida,Doctor Ignacio Arieta,
-34.63878,-58.47611,El Garfio,Comida rápida,Avenida Directorio,
-34.62493,-58.42623,La Birra Bar,Comida rápida,Avenida Carlos Calvo 4317,
-34.62562,-58.42290,Los Salteños,Comida rápida,Treinta y Tres Orientales,
-34.68087,-58.55726,Pancitos,Comida rápida,Doctor Ignacio Arieta,
-34.63840,-58.47549,Salerno,Talleres,Avenida Directorio,
-34.63794,-58.47473,Lo de D' Antonio,Comida rápida,Avenida Directorio,
-34.60029,-58.38084,Rapipago,Comida rápida,Viamonte,
-34.60006,-58.37741,Medialinadas,Comida rápida,Viamonte,
-34.60002,-58.37623,St. George Snack Bar,Comida rápida,Viamonte,
-34.59997,-58.37596,HGT Express,Comida rápida,Viamonte,
-34.66603,-58.54758,Buenos Muchachos,Comida rápida,Avenida General Enrique Mosconi,
-34.66539,-58.54530,Sushi,Comida rápida,Avenida General Enrique Mosconi,
-34.66430,-58.54149,Faricci,Comida rápida,Avenida General Enrique Mosconi,
-34.62461,-58.42742,La Payada,Comida rápida,Avenida La Plata,
-34.62428,-58.42748,Lubricentro Niky,Talleres,Avenida La Plata,
-34.61859,-58.42864,Big Pizza,Comida rápida,Avenida La Plata,
-34.67605,-58.57033,Pizzas & Empanadas,Comida rápida,Avenida Mariano Santamaría,
-34.64657,-58.56467,Torta Rota,Comida rápida,Avenida de Mayo,
-34.63437,-58.62838,La Flor,Comida rápida,Boulevard Brigadier General Juan Manuel de Rosas,
-34.69913,-58.59865,Frenos y Embragues,Talleres,República de Portugal,
-34.58605,-58.41728,Havanna,Comida rápida,Avenida Raúl Scalabrini Ortiz 2401,
-34.65784,-58.52798,Power Motos,Insumos de motos,Avenida General Enrique Mosconi,
-34.67526,-58.56370,Green,Comida rápida,Doctor Arturo Illia,
-34.67725,-58.56597,Patricio,Talleres,Doctor Arturo Illia 2719,
-34.60063,-58.37083,Green Curry,Comida rápida,Tucumán,
-34.60065,-58.37119,Café de mi Pais,Comida rápida,Tucumán,
-34.60058,-58.37510,Florida,Comida rápida,Tucumán,
-34.67827,-58.56737,Electricidad Automovil,Talleres,Avenida Mariano Santamaría,
-34.67829,-58.56732,Radiadores,Talleres,Avenida Mariano Santamaría,
-34.69310,-58.59048,San Ceferino,Comida rápida,José Ignacio Rucci,
-34.67291,-58.56068,Bugalti GNC,Talleres,Doctor Arturo Illia,
-34.67285,-58.56061,MPC,Talleres,Doctor Arturo Illia,
-34.61472,-58.42018,Amaretto,Comida rápida,Avenida Hipólito Yrigoyen,
-34.61572,-58.41992,Mr. Cook's,Comida rápida,Avenida Belgrano,
-34.67727,-58.56213,El Serrano,Comida rápida,Doctor Ignacio Arieta,
-34.67668,-58.56291,Pescadería Esturion,Comida rápida,Salta,
-34.60120,-58.37925,Bar Tucumán,Comida rápida,Tucumán,
-34.60083,-58.37956,Negro Cueva de Café,Comida rápida,Suipacha,
-34.59953,-58.37964,Baruno,Comida rápida,Suipacha 759,
-34.67681,-58.56275,La Rueda,Comida rápida,Doctor Ignacio Arieta,
-34.67893,-58.56161,La Esquina,Comida rápida,Monseñor José Marcón,
-34.68165,-58.55822,Piedre Libre,Comida rápida,José Indart,
-34.59928,-58.37964,Parrilla,Comida rápida,Suipacha,
-34.65872,-58.52902,Lubricentro Ale,Talleres,Avenida General Enrique Mosconi,
-34.65853,-58.52862,Auto Candia,Gomerías,Avenida General Enrique Mosconi,
-34.65839,-58.52840,Enterra La Vaca,Comida rápida,Avenida General Enrique Mosconi,
-34.65828,-58.52816,Alissandro,Comida rápida,Avenida General Enrique Mosconi,
-34.68684,-58.56245,Renault Repuestos,Talleres,Avenida Brigadier General Juan Manuel de Rosas,
-34.65661,-58.53987,Giorelo,Talleres,Avenida Eva Perón 396,
-34.65863,-58.54236,Mecánica del Automóvil,Talleres,Avenida Eva Perón 158,
-34.65902,-58.54466,Roma,Gomerías,Posadas,
-34.65885,-58.54485,Sunra,Insumos de motos,Avenida General San Martín,
-34.65800,-58.54580,Taller de Motos,Talleres,Avenida General San Martín,
-34.65421,-58.55002,Empanadas de 10,Comida rápida,Avenida General San Martín,
-34.65416,-58.55007,Más Sabor,Comida rápida,Avenida General San Martín,
-34.64926,-58.54796,El Viejo Bar,Comida rápida,Almirante Brown 1101,
-34.64615,-58.54394,DNG Mecánica Integral,Talleres,General Guido,
-34.63825,-58.47528,El Garfio,Comida rápida,Avenida Directorio,
-34.63675,-58.47216,Mr. Da Vinci,Comida rápida,Avenida Directorio,
-34.63389,-58.46255,Salón Comedor,Comida rápida,Avenida Directorio,
-34.63317,-58.46010,Revancha,Comida rápida,Avenida Directorio 2559,
-34.63209,-58.45674,Tienda de Café,Comida rápida,Avenida Directorio,
-34.57252,-58.44431,Pipí-Cucú,Comida rápida,Ciudad De La Paz,
-34.59525,-58.42165,Benaim,Comida rápida,"-34.59525, -58.42165",
-34.59622,-58.43336,Don Battaglia,Comida rápida,Avenida Raúl Scalabrini Ortiz,
-34.60289,-58.44479,Pietro's,Comida rápida,Luis Viale,
-34.60225,-58.44412,Defamily,Comida rápida,Luis Viale,
-34.59390,-58.42970,El Portugues,Comida rápida,Avenida Raúl Scalabrini Ortiz,
-34.59369,-58.42939,Bonafide,Comida rápida,Avenida Raúl Scalabrini Ortiz,
-34.65240,-58.53416,STM Service,Talleres,Avenida Eva Perón 908,
-34.58593,-58.41744,Lucio,Comida rápida,Avenida Raúl Scalabrini Ortiz 2402,
-34.64658,-58.56426,Paja Rota,Comida rápida,Avenida de Mayo,
-34.64696,-58.56419,SushiClub,Comida rápida,Avenida de Mayo 690,
-34.64790,-58.56399,Magariños,Comida rápida,Saavedra,
-34.64939,-58.56376,La casita de Oberón,Comida rápida,Avenida de Mayo,
-34.66617,-58.55735,Livorno,Comida rápida,Florencio Varela,
-34.70378,-58.58221,La Nueva Montecario,Comida rápida,Avenida Brigadier General Juan Manuel De Rosas,
-34.66016,-58.56190,Mertin,Comida rápida,Avenida de Mayo,
-34.70556,-58.59086,Tren Delantero,Gomerías,Avenida Cristianía,
-34.70205,-58.59559,La Familia,Comida rápida,Avenida Cristianía,
-34.69948,-58.59906,Metro Pizza,Comida rápida,Avenida Cristianía,
-34.69914,-58.59690,Pizzaloon,Comida rápida,República de Portugal,
-34.69920,-58.59659,Servicio Tecnico,Talleres,República de Portugal,
-34.69927,-58.59603,Mecanica,Talleres,República de Portugal,
-34.61327,-58.38589,Maxikiosco Sushy,Comida rápida,San José,
-34.61302,-58.38222,The Kitchen,Comida rápida,Avenida Belgrano,
-34.61300,-58.38192,Confitería La Union,Comida rápida,Lima,
-34.70017,-58.58887,Gomeria,Gomerías,República de Portugal,
-34.69802,-58.58644,Lubricantes Baterias,Talleres,Avenida Francisco Segui 5629,
-34.69408,-58.59024,Lubricentro Leo,Talleres,Washington,
-34.69288,-58.59109,Pizzeria,Comida rápida,José Ignacio Rucci,
-34.61598,-58.41979,Garcia,Comida rápida,Avenida Belgrano,
-34.61598,-58.41977,Patria Grande,Comida rápida,Avenida Belgrano,
-34.61544,-58.41062,Lubricentro Franco,Talleres,Avenida Belgrano,
-34.65972,-58.57916,Sandwicheria Queen,Comida rápida,Avenida Presidente Juan Domingo Perón,
-34.66882,-58.57335,GNC Luzuriaga,Talleres,Doctor Ignacio Arieta,
-34.61399,-58.39237,Cafetería Ala,Comida rápida,Avenida Belgrano 1838,
-34.61386,-58.39065,Bonafide,Comida rápida,Avenida Belgrano 1724,
-34.61348,-58.38494,Don Hugo,Comida rápida,Avenida Belgrano,
-34.59445,-58.40182,Green Eat,Comida rápida,Avenida Santa Fe,
-34.59562,-58.39589,Starbucks,Comida rápida,Ayacucho,
-34.59570,-58.39235,Subway,Comida rápida,Avenida Santa Fe,
-34.57085,-58.44419,Lo de mariano,Comida rápida,Olleros,
-34.56898,-58.44325,Luna del sur,Comida rápida,3 De Febrero,
-34.66478,-58.35334,Parrilla Las Dos Banderas,Comida rápida,Avenida General Roca,
-34.60026,-58.44403,i Latina,Comida rápida,Murillo 725,
-34.63901,-58.51597,Cordasco Cycle Center,Insumos de motos,Avenida Rivadavia,
-34.56537,-58.43627,Tea Connection,Comida rápida,Migueletes 996,
-34.58466,-58.41642,Truffa,Comida rápida,Avenida Santa Fe,
-34.59342,-58.54573,Fiat Rubén,Talleres,127 - Ombú 1321,
-34.59008,-58.39191,Rodi-Bar,Comida rápida,Vicente López 1900,
-34.59453,-58.39732,Tea Connection,Comida rápida,Arenales 2102,
-34.59233,-58.39314,Melo,Comida rápida,José A. Pacheco de Melo 1831,
-34.63288,-58.36233,Il Mattarello,Comida rápida,Martín Rodríguez 517,
-34.61965,-58.37274,Los Infernales,Comida rápida,Carlos Calvo,
-34.61953,-58.37256,La Parrilla sin nombre,Comida rápida,Carlos Calvo,
-34.61965,-58.37268,Vegetariana,Comida rápida,Carlos Calvo,
-34.61793,-58.37434,Nacional,Comida rápida,Perú,
-34.61744,-58.37491,El Gaucho,Comida rápida,Avenida Independencia,
-34.59036,-58.39577,Tea Connection,Comida rápida,Presidente José Evaristo Uriburu 1595,
-34.59098,-58.39674,La Argentina,Comida rápida,Presidente José Evaristo Uriburu 1502,
-34.59172,-58.38003,Maru Botana,Comida rápida,Suipacha 1371,
-34.68567,-58.34644,taller mecanico,Talleres,Prudan,
-34.63909,-58.50346,Chungo Helados Café,Comida rápida,Coronel Ramón Lorenzo Falcón,
-34.69941,-58.54102,Puma,Estaciones de servicio,Avenida Intendente Esteban Crovara,
-34.52714,-58.49814,Vidino,Comida rápida,Presidente Hipólito Yrigoyen,
-34.52212,-58.50083,Taller Vicente,Talleres,Carlos Villate,
-34.52261,-58.50180,Spadaccini Auto,Talleres,Carlos Villate,
-34.58794,-58.43079,Chochán,Comida rápida,Thames 1625,
-34.61850,-58.37026,Café Rivas,Comida rápida,Estados Unidos 302,
-34.52267,-58.47417,La Bola,Comida rápida,Miguel de Azcuénaga 1202,
-34.55827,-58.45058,Big Rabbit,Comida rápida,Avenida Juramento 1717,
-34.56393,-58.45064,Brisas,Comida rápida,Arcos 1717,
-34.64015,-58.52131,Lisandro,Comida rápida,Coronel Ramón Lorenzo Falcón,
-34.64018,-58.52067,Buena Suerte,Comida rápida,Coronel Ramón Lorenzo Falcón,
-34.63982,-58.52110,Otra Vez,Comida rápida,Lisandro De La Torre,
-34.63965,-58.52111,Los Especialistas,Comida rápida,Lisandro de la Torre 46,
-34.64012,-58.51973,Barra Sul,Comida rápida,Martiniano Leguizamón,
-34.58013,-58.43770,Café Registrado,Comida rápida,Costa Rica 5901,
-34.58028,-58.43750,Artemisia,Comida rápida,Costa Rica 5893,
-34.64008,-58.49911,Pizzería Hawaian Love,Comida rápida,Rafaela,
-34.59524,-58.43008,Restaurante Al Fares - Comida Árabe,Comida rápida,Aráoz,
-34.60928,-58.38256,Deli Wok Express,Comida rápida,Avenida de Mayo 1124,
-34.56527,-58.45275,Ovidio,Comida rápida,José Hernández,
-34.60305,-58.42399,CONFITERÍA SAN MIGUEL,Comida rápida,Avenida Corrientes 4104,
-34.60434,-58.38503,La Mil y Una Noches,Comida rápida,Talcahuano,
-34.63975,-58.49845,Taller Mecánico,Talleres,Rafaela,
-34.60958,-58.37364,Sabores,Comida rápida,Bolívar,
-34.61250,-58.37459,Bar El Coloñal,Comida rápida,Perú,
-34.53813,-58.47603,La Nueva Esquina 7,Comida rápida,Avenida Maipú 7,
-34.51151,-58.55764,DH Norte - Direcciones hidraulicas,Talleres,Martín Rodríguez 813,
-34.48493,-58.48059,Dulce María,Comida rápida,Sebastián Elcano,
-34.55442,-58.46392,Kilos,Comida rápida,Avenida Cabildo 3010,
-34.60605,-58.39648,Prosciutto,Comida rápida,Sarmiento 283,
-34.56584,-58.46332,La Panotteca,Comida rápida,Zapiola 2125,
-34.58541,-58.42135,Paladar Negro,Comida rápida,Armenia,
-34.59162,-58.41817,Skrappy,Comida rápida,Costa Rica,
-34.60860,-58.40717,Central,Comida rápida,Bartolomé Mitre,
-34.60232,-58.37823,Suárez,Comida rápida,Lavalle,
-34.59896,-58.38320,Delhi Mahal,Comida rápida,Avenida Córdoba 1147,
-34.60399,-58.38381,Edelwisse,Comida rápida,Libertad,
-34.60153,-58.51187,Alicia,Comida rápida,Asunción 4102,
-34.74175,-58.42429,Lo de Néstor,Comida rápida,Avenida Alberto Larroque,
-34.58861,-58.54174,El Castillo,Comida rápida,115 - Saladillo,
-34.62923,-58.55760,Shell,Estaciones de servicio,Colectora Norte Acceso Oeste,
-34.63978,-58.53009,Rico Pollo,Comida rápida,Diagonal 11 - General José María Paz,
-34.54314,-58.47828,Bar Broa,Comida rápida,Deheza 4599,
-34.55902,-58.45382,Luna del Sur,Comida rápida,Mendoza 2002,
-34.70655,-58.39194,Genova,Comida rápida,Avenida Hipólito Yrigoyen,
-34.60930,-58.37545,El Auge,Comida rápida,Hipólito Yrigoyen,
-34.53814,-58.46567,Murban,Insumos de motos,Avenida Del Libertador 8430,
-34.61212,-58.37343,Puerta del Inca,Comida rápida,Bolívar 373,
-34.58691,-58.45480,El Imperio de la Pizza,Comida rápida,Avenida Corrientes 6899,
-34.60981,-58.36617,La Parolaccia,Comida rápida,Avenida Alicia Moreau de Justo 1052,
-34.68216,-58.55460,Queen Tenedor Libre,Comida rápida,Avenida Brigadier General Juan Manuel De Rosas,
-34.68566,-58.56160,Reconstruir,Talleres,"-34.68566, -58.56160",
-34.59003,-58.43998,El Barcito,Comida rápida,Darwin,
-34.67555,-58.54483,Gomeria Harry's,Talleres,Avenida Brigadier General Juan Manuel De Rosas,
-34.66342,-58.52132,Gomeria,Talleres,Avenida Brigadier General Juan Manuel De Rosas,
-34.66167,-58.51963,Gomeria,Talleres,Avenida General Paz,
-34.62790,-58.53094,Gomería,Talleres,214 - Manuel Barragán,
-34.63864,-58.53019,Dos Avenidas,Comida rápida,242 - Reconquista,
-34.64618,-58.52970,Gomeria,Talleres,Diagonal 11 - General José María Paz,
-34.64304,-58.52849,Mi esperanza,Comida rápida,Ventura Bosch,
-34.50782,-58.56387,Taller 4 - Diseño Gráfico/ Web,Talleres,Virrey Vértiz 171,
-34.56015,-58.44501,Pronello,Talleres,Avenida Del Libertador,
-34.45375,-58.53815,La Nona,Comida rápida,Avenida Presidente Teniente General Juan Domingo Perón 3299,
-34.45424,-58.53725,Motozuni,Insumos de motos,Martín Rodríguez 3400,
-34.62548,-58.37496,Confitería de Antaño,Comida rápida,Brasil,
-34.64064,-58.56772,La Chicha,Comida rápida,Leandro N. Alem,
-34.64369,-58.58815,Don Diego,Comida rápida,Avenida Rivadavia,
-34.60141,-58.36718,Le Pain Quotidien,Comida rápida,Avenida Alicia Moreau de Justo 246,
-34.58576,-58.39402,Magazzino,Comida rápida,Avenida Pueyrredón 2474,
-34.55626,-58.45194,El Dragón,Comida rápida,Olazábal 1725,
-34.64168,-58.57010,Corven Motos,Insumos de motos,Alvear,
-34.60626,-58.38438,El Café de Marco,Comida rápida,Teniente General Juan Domingo Perón 1259,
-34.70933,-58.28171,Naranjos,Comida rápida,Avenida San Martín 502,
-34.67909,-58.55013,Puma,Estaciones de servicio,Zapiola,
-34.61280,-58.37918,Javi's Parrilla Restaurant & Cafeteria,Comida rápida,Avenida Belgrano 901,
-34.61332,-58.37750,Mc Sandwich,Comida rápida,Piedras 444,
-34.61385,-58.39010,Delicias Peruanas,Comida rápida,Avenida Belgrano,
-34.61324,-58.38519,El Fondin,Comida rápida,Avenida Belgrano,
-34.51594,-58.48834,Sakiko Sushi House,Comida rápida,Avenida Maipú 2202,
-34.62422,-58.47729,La Gran Casa Kunjip,Comida rápida,Felipe Vallese,
-34.62241,-58.46723,Mi Barrio & Mi Gente,Comida rápida,General José Gervasio Artigas 704,
-34.65732,-58.64837,FR Electroservice,Talleres,Intendente Revoredo 955,
-34.59728,-58.48720,Kuyén,Comida rápida,Pasaje 2 De Abril,
-34.56581,-58.46019,Rincón Norteño,Comida rápida,Avenida Crámer,
-34.60478,-58.45808,Havanna,Comida rápida,Avenida San Martín 2182,
-34.56770,-58.45850,Morita,Comida rápida,Avenida Crámer,
-34.74596,-58.39673,Casa Mía,Comida rápida,Leandro N. Alem,
-34.74863,-58.40026,Sabor Colonial,Comida rápida,Bernardo Monteagudo,
-34.58979,-58.42760,Le Pain Quotidien,Comida rápida,Armenia 1641,
-34.57449,-58.43183,Pizza Factory,Comida rápida,Avenida Luis María Campos 198,
-34.59160,-58.38073,The Shelter Coffee,Comida rápida,Arroyo 940,
-34.53787,-58.46725,Primavera Trujillana Express,Comida rápida,11 De Septiembre De 1888,
-34.63564,-58.54266,Parrilla Osvaldo,Comida rápida,Italia y Padre Elizalde,
-34.60658,-58.39087,Super Hanmurge,Comida rápida,"-34.60658, -58.39087",
-34.63474,-58.48490,Bonafide,Comida rápida,Bolaños 1,
-34.53086,-58.49763,Mi Familia,Comida rápida,General José De San Martín,
-34.56301,-58.45092,Luna del Sur,Comida rápida,La Pampa,
-34.56289,-58.45071,Provence,Comida rápida,La Pampa,
-34.63493,-58.50948,Mundoruedas,Gomerías,Avenida Juan Bautista Justo,
-34.58244,-58.45195,Tienda de Café,Comida rápida,Avenida Federico Lacroze 3694,
-34.47542,-58.52226,Lola pizza,Comida rápida,Alsina 535,
-34.56560,-58.43242,Kansas,Comida rápida,Avenida Del Libertador 4625,
-34.62668,-58.46816,Show Flores,Comida rápida,Bogotá,
-34.69902,-58.47009,Gomería El Misionero,Talleres,Avenida General Paz,
-34.56264,-58.45271,Casa Cuba,Comida rápida,Mariscal Antonio José De Sucre,
-34.56240,-58.45275,Le Pain Quotidien,Comida rápida,Mariscal Antonio José de Sucre 2151,
-34.47353,-58.49087,EL MOLINO estacionamiento,Comida rápida,Montes Grandes 000,
-34.47334,-58.49052,El Molino,Comida rápida,Sebastián Elcano 888,
-34.47367,-58.49049,El Molino ESTACIONAMIENTO,Comida rápida,Montes Grandes 000,
-34.63419,-58.48266,Solo Empanadas,Comida rápida,Avenida Rivadavia,
-34.55848,-58.44786,Memo Café,Comida rápida,Montañeses,
-34.55852,-58.44782,Teka Way,Comida rápida,Montañeses,
-34.62040,-58.36506,Havanna,Comida rápida,Juana Manuela Gorriti,
-34.59051,-58.42716,Eretz Cantina Israelí,Comida rápida,Malabia 1583,
-34.55765,-58.44917,Betos Lomitos,Comida rápida,Juramento 1632,
-34.55801,-58.44850,Mr. Fierros,Comida rápida,Montañeses,
-34.57493,-58.47845,Barba Azul,Comida rápida,Avenida Álvarez Thomas 2699,
-34.57592,-58.47765,Vitto,Comida rápida,Avenida Álvarez Thomas 2602,
-34.61293,-58.39753,Parrilla El Litorel,Comida rápida,Moreno,
-34.55811,-58.44789,Vidraib,Talleres,Echeverría,
-34.55819,-58.44765,The Slow Kale,Comida rápida,Echeverría,
-34.55756,-58.44889,French Crêpes,Comida rápida,Montañeses,
-34.55832,-58.44947,Xin Le Yuan Mei Shi,Comida rápida,Pasaje Juramento 1700,
-34.60320,-58.37053,McDonald's,Comida rápida,Avenida Leandro N. Alem,
-34.58627,-58.42626,Borges 1975,Comida rápida,Jorge Luis Borges 1975,
-34.57479,-58.47915,Castro,Talleres,Avenida Álvarez Thomas 2738,
-34.57292,-58.48165,Chacras de Ushuaia,Comida rápida,Blanco Encalada 4610,
-34.57251,-58.48169,La Nova Viola,Comida rápida,Avenida Álvarez Thomas 3009,
-34.57227,-58.48200,Zhen Gong Fu,Comida rápida,Avenida Álvarez Thomas 3069,
-34.60466,-58.36449,Central Market,Comida rápida,"-34.60466, -58.36449",
-34.57257,-58.48310,Taller Monroe,Talleres,Monroe 4842,
-34.57789,-58.43848,La Bandurria,Comida rápida,Nicaragua 6078,
-34.57809,-58.43787,Birkin,Comida rápida,Nicaragua 6025,
-34.57888,-58.43489,Epa la Arepa,Comida rápida,Soler 5837,
-34.57913,-58.43495,Juice Up,Comida rápida,Soler 5818,
-34.57889,-58.43525,Ke Producto Cafe,Comida rápida,Soler 5858,
-34.57885,-58.43531,UCO,Comida rápida,Soler 5862,
-34.57764,-58.43643,Avocado,Comida rápida,Soler 5987,
-34.75721,-58.55095,Parrilla,Comida rápida,Avenida E. Hernán,
-34.75810,-58.54810,Parrilla,Comida rápida,Avenida E. Hernán,
-34.77085,-58.54659,Parrilla,Comida rápida,Avenida Ingeniero Fernández García,
-34.78249,-58.53287,Parrilla Don Pepe,Comida rápida,Avenida Ingeniero Fernández García,
-34.60087,-58.37365,Simple,Comida rápida,Tucumán 481,
-34.57335,-58.48443,Tienda de Empanadas,Comida rápida,Monroe 4934,
-34.57400,-58.48551,La Farola de Urquiza,Comida rápida,Monroe 5002,
-34.57415,-58.48580,Havanna,Comida rápida,Monroe 5044,
-34.57467,-58.48615,Empanadas Gourmet,Comida rápida,Avenida Triunvirato 4660,
-34.75871,-58.39581,Las medialunas del abuelo,Comida rápida,Avenida Alsina,
-34.76121,-58.39589,Fábrica de Pizzas,Comida rápida,Balcarce 134,
-34.52518,-58.50709,Sandwiches de Miga,Comida rápida,Carlos Villate,
-34.59546,-58.43447,Parrilla Galván,Comida rápida,Malabia,
-34.56642,-58.49467,Urbano,Comida rápida,Avenida Triunvirato 5700,
-34.79723,-58.27906,Gomería,Talleres,Avenida San Martín,
-34.57726,-58.48153,Usina Cafetera,Comida rápida,Avenida Triunvirato 4307,
-34.76634,-58.40197,Gardens,Comida rápida,Italia 488,
-34.76547,-58.40207,Sensei (Delivery & Takeaway),Comida rápida,Italia 403,
-34.76499,-58.40166,Pérez-H,Comida rápida,Italia 390,
-34.78837,-58.52150,El Quincho,Comida rápida,Leopoldo Lugones,
-34.57810,-58.48027,Marco Pollo,Comida rápida,Avenida Triunvirato 4215,
-34.59438,-58.44176,La Crespo,Comida rápida,Thames 612,
-34.57784,-58.48116,Tartas & Co.,Comida rápida,Avenida Triunvirato 4278,
-34.47011,-58.51639,Sabores de la China,Comida rápida,Avenida Centenario 583,
-34.61907,-58.37291,Nuestra Parrilla,Comida rápida,Bolívar 950,
-34.68142,-58.46860,La Victoria,Comida rápida,Avenida General Francisco Fernández de La Cruz 5631,
-34.68681,-58.47289,Pizzeria Argentina,Comida rápida,Cañada de Gómez 4982,
-34.69002,-58.46698,Casa de Comidas Jony,Comida rápida,Timoteo Gordillo 5403,
-34.68304,-58.47215,Mustafa Grill & Souffle,Comida rápida,Coronel Martiniano Chilavert 5991,
-34.68333,-58.46500,Bonna Pizza,Comida rápida,Avenida Soldado de la Frontera 5072,
-34.68731,-58.47529,Sushi Huang,Comida rápida,Avenida General Francisco Fernández de La Cruz 6483,
-34.67850,-58.47697,Pizzeria La Nuestra,Comida rápida,Cafayate 4189,
-34.69417,-58.46840,Pizzas Cha~Cha,Comida rápida,Guaminí 5653,
-34.68762,-58.47204,Alineacion Vicar,Talleres,Cañada de Gómez 5061,
-34.68207,-58.45427,Resto Golf,Comida rápida,Avenida Coronel Roca 5025,
-34.61891,-58.36493,Da giuseppe Ristorante,Comida rápida,av Alicia Morea de Justo,
-34.61915,-58.36501,Cucina D'Onore,Comida rápida,Juana Manuela Gorriti,
-34.61941,-58.36492,Fredy,Comida rápida,Juana Manuela Gorriti,
-34.61938,-58.36531,Brasas Argentina Sur,Comida rápida,Avenida Alicia Moreau de Justo 1788,
-34.61984,-58.36508,Royal China,Comida rápida,Juana Manuela Gorriti,
-34.61875,-58.36493,Sabores de Patagonia,Comida rápida,Avenida Alicia Moreau de Justo 1744,
-34.57870,-58.47846,Inyección Urquiza,Talleres,La Pampa 4957,
-34.57857,-58.47823,Comics Biker,Insumos de motos,La Pampa 4927,
-34.58429,-58.43789,Santorino,Comida rápida,Gorriti 5675,
-34.57891,-58.47839,Due,Comida rápida,La Pampa 4984,
-34.57837,-58.47744,Thomy's,Comida rápida,La Pampa 4848,
-34.57828,-58.47771,Del Otro Lado,Comida rápida,La Pampa 4893,
-34.56671,-58.44965,Capriccio,Comida rápida,Virrey Loreto 2321,
-34.60566,-58.39091,Celta Bar,Comida rápida,Sarmiento 1701,
-34.58181,-58.42110,Subway,Comida rápida,Avenida Santa Fe 4116,
-34.57783,-58.47648,MGlass,Talleres,La Pampa 4766,
-34.57696,-58.47498,MM Sonido,Talleres,La Pampa 4542,
-34.57657,-58.47428,Nicolás II,Comida rápida,La Pampa 4482,
-34.71866,-58.25881,Perez H,Comida rápida,Colón 245,
-34.71857,-58.25899,Blondies Bakery Cafe,Comida rápida,Colón 242,
-34.49212,-58.54733,La Escuelita Panchos,Comida rápida,Avenida Bernabé Márquez,
-34.49202,-58.54737,Rocchino Pastas,Comida rápida,"-34.49202, -58.54737",
-34.59059,-58.43123,Lo de Jesús,Comida rápida,Gurruchaga 1406,
-34.58528,-58.53381,Aire Acondicionado RF,Talleres,34 - Francia 4143,
-34.57676,-58.46187,Peugeot Net,Talleres,Avenida Forest 1310,
-34.57782,-58.46045,Mecánica B&V,Talleres,Avenida Forest 1215,
-34.58812,-58.38624,Le Pain Quotidien,Comida rápida,Posadas 1402,
-34.55781,-58.45040,Don Duck,Comida rápida,Arribeños 2108,
-34.55757,-58.45063,Lai Lai,Comida rápida,Arribeños 2156,
-34.60847,-58.37541,La nueva embajada,Comida rápida,Avenida De Mayo,
-34.48908,-58.50106,Kiosco Avenida,Comida rápida,Avenida Santa Fe,
-34.60609,-58.56034,El esquinazo,Comida rápida,604 - Avenida General Justo José de Urquiza 4600,
-34.58961,-58.39830,Carne,Comida rápida,Larrea 1535,
-34.56543,-58.44012,Estación Empanadas,Comida rápida,Avenida Luis María Campos 1195,
-34.60045,-58.37397,DOGG,Comida rápida,San Martín,
-34.56894,-58.43677,833 Casa de Comidas,Comida rápida,Avenida Luis María Campos 833,
-34.56942,-58.43630,Zona Fresh,Comida rápida,Avenida Luis María Campos 791,
-34.55751,-58.44932,Llao Llao,Comida rápida,Juramento 1635,
-34.55770,-58.44967,JU,Comida rápida,Juramento 1665,
-34.58310,-58.42429,Las Pizarras,Comida rápida,Thames 2296,
-34.59111,-58.42553,Gran Dabbang,Comida rápida,Avenida Raúl Scalabrini Ortiz 1543,
-34.55387,-58.45208,Pancho 25,Comida rápida,Montañeses 2494,
-34.60906,-58.39137,Napoles,Comida rápida,Avenida Rivadavia,
-34.55792,-58.44958,Deli Pan Express,Comida rápida,Juramento 1674,
-34.58907,-58.39383,McCafé,Comida rápida,Vicente López,
-34.63227,-58.52492,Pizzeria Fratelli,Comida rápida,Gallardo,
-34.63164,-58.52721,Giancarlo,Comida rápida,Gana,
-34.62967,-58.52361,Juntos Hasta El Final,Comida rápida,Lascano,
-34.62850,-58.52374,Estación Versalles,Comida rápida,Avenida Arregui,
-34.63155,-58.47174,ACA,Estaciones de servicio,Avenida Rivadavia,
-34.64456,-58.55320,Taller Mecánico,Talleres,Almirante Brown,
-34.55714,-58.44927,Yummy,Comida rápida,Montañeses 2122,
-34.60683,-58.39323,Cervantes,Comida rápida,Teniente General Juan Domingo Perón 1883,
-34.59784,-58.42636,Taller Electro-Mecanico,Talleres,Avenida Estado De Israel,
-34.59799,-58.42655,Stars,Comida rápida,Pringles,
-34.59565,-58.43938,Ristretto,Comida rápida,Juan Ramírez De Velasco,
-34.58399,-58.41459,Pizzería Los Hermanos,Comida rápida,Beruti,
-34.60376,-58.50137,E. Lamar Café,Comida rápida,Tinogasta,
-34.41965,-58.56965,Dean & Dennys,Comida rápida,Pedro Guareschi 22,
-34.58735,-58.38726,Fervor,Comida rápida,Posadas 1519,
-34.58942,-58.39377,Le Pain Quotidien,Comida rápida,Vicente López 2050,
-34.58816,-58.41018,Le Pain Quotidien,Comida rápida,Avenida Santa Fe 3253,
-34.50780,-58.47928,Le Pain Quotidien,Comida rápida,Avenida del Libertador 2413,
-34.48346,-58.48924,Le Pain Quotidien,Comida rápida,Avenida del Libertador 13837,
-34.70183,-58.39347,Viri Burger,Comida rápida,Enrique Del Valle Iberlucea,
-34.58889,-58.39410,TGI Friday's,Comida rápida,Vicente López 2086,
-34.81235,-58.17722,SushiClub,Comida rápida,Colectora Autopista Buenos Aires - Mar del Plata 35,
-34.61488,-58.36147,SushiClub,Comida rápida,Petrona Eyle 471,
-34.55682,-58.44816,Mr. Tasty,Comida rápida,Juramento 1527,
-34.59039,-58.42899,Williamsburg Burger Bar,Comida rápida,Armenia 1532,
-34.60398,-58.38866,Establecimiento General de Café,Comida rápida,Avenida Corrientes 1543,
-34.58422,-58.41256,The Coffee Store,Comida rápida,Juncal 3500,
-34.60093,-58.37249,Establecimiento General de Café,Comida rápida,Reconquista 591,
-34.54190,-58.47379,Meier Cristales,Talleres,Avenida Cabildo,
-34.59314,-58.43723,"Parrilla ""Lo de Jimena""",Comida rápida,Serrano,
-34.73665,-58.61593,Estampados i sublimados,Talleres,Zinny 3906,
-34.77741,-58.47360,Taller de Caños de Escapes,Talleres,Avenida Roberto Oliver,
-34.62137,-58.43494,Tea Connection,Comida rápida,Formosa 490,
-34.59118,-58.38727,Tea Connection,Comida rápida,Montevideo 1655,
-34.58005,-58.40979,Tea Connection,Comida rápida,Cerviño 3600,
-34.56818,-58.44337,Tea Connection,Comida rápida,Avenida Federico Lacroze 2233,
-34.68797,-58.33346,Taller De Chapa y Pintura,Talleres,Doctor Estanislao Severo Zeballos,
-34.72556,-58.26533,Matteo,Comida rápida,Roque Sáenz Peña,
-34.71801,-58.29369,Pizzaiola,Comida rápida,Avellaneda,
-34.76893,-58.19895,La Pasquina,Comida rápida,Calle 23,
-34.81601,-58.47043,El Nacional,Comida rápida,Vicente López Y Planes,
-34.81834,-58.46378,Lubricentro,Talleres,Boulevard Buenos Aires,
-34.81677,-58.46631,Pizzaría Hot,Comida rápida,Florentino Ameghino,
-34.81688,-58.46591,Macondo,Comida rápida,General Las Heras,
-34.82139,-58.48368,Taller de Caños de Escapes,Talleres,Antonio Cervetti,
-34.82282,-58.48309,El Rodeo,Comida rápida,Fray Luis Beltran,
-34.81123,-58.49114,Chapista,Talleres,Antonio Cervetti,
-34.81149,-58.49090,La Carlína Parrilla,Comida rápida,Antonio Cervetti,
-34.82026,-58.48495,Electricidad del Automotor,Talleres,"-34.82026, -58.48495",
-34.82024,-58.48491,Taller de Aire Acondicionado,Talleres,Francisco Narciso De Laprida,
-34.82021,-58.48488,Taller de Radiadores,Talleres,Francisco Narciso De Laprida,
-34.69445,-58.33042,Gas Nova,Estaciones de servicio,Avenida Bartolomé Mitre,
-34.73837,-58.38216,Aspro,Estaciones de servicio,Malabia,
-34.53474,-58.57671,Pancheria Susi,Comida rápida,Diagonal 69 - José León Suárez,
-34.71375,-58.28834,Costa del Sol,Comida rápida,Avellaneda,
-34.71385,-58.28881,La Martina,Comida rápida,Avellaneda,
-34.60411,-58.37110,Templar,Comida rápida,25 De Mayo,
-34.59483,-58.39605,Taco box,Comida rápida,Ayacucho,
-34.58707,-58.42787,Warren Café & Brunch,Comida rápida,Jorge Luis Borges 1842,
-34.61269,-58.38035,Del Toro,Comida rápida,Bernardo de Irigoyen 366,
-34.63839,-58.36235,El Rinconcito,Comida rápida,Del Valle Iberlucea 1166,
-34.60241,-58.38018,La Estancia,Comida rápida,Lavalle 941,
-34.55855,-58.46059,Tienda de Empanadas,Comida rápida,Monroe 2457,
-34.58821,-58.43487,Al Amal,Comida rápida,José Antonio Cabrera,
-34.59638,-58.37424,Filo,Comida rápida,San Martín 975,
-34.59956,-58.40704,Il Vero Arturito,Comida rápida,San Luis 2999,
-34.60897,-58.37828,Saint burger,Comida rápida,Avenida De Mayo,
-34.60579,-58.37696,Rosso Café Argentina,Comida rápida,Teniente General Juan Domingo Perón,
-34.72506,-58.25075,McCafé,Comida rápida,Brandsen,
-34.72596,-58.25243,Zutti,Comida rápida,Brandsen,
-34.57490,-58.47297,Gallo Negro,Comida rápida,Donado 1851,
-34.57462,-58.47321,Le Blé,Comida rápida,Mariscal Antonio José de Sucre 4300,
-34.57444,-58.47333,Café Urbano,Comida rápida,Donado 1901,
-34.73207,-58.25889,De Felipe,Comida rápida,Felipe Amoedo,
-34.73392,-58.26339,MMapro,Talleres,Felipe Amoedo,
-34.63401,-58.49691,El Boliche de Dario,Comida rápida,Avenida Canónigo Miguel Del Corro,
-34.74120,-58.28776,Fuerte Atalaya,Comida rápida,Avenida 12 de Octubre 2871,
-34.74125,-58.28783,Pizza Fan,Comida rápida,Avenida 12 de Octubre 2871,
-34.74622,-58.28889,Las Delicias,Comida rápida,Felipe Amoedo,
-34.76952,-58.28309,Mi Pancheria,Comida rápida,Avenida General Mosconi,
-34.74081,-58.27646,Q' Gusto,Comida rápida,Felipe Amoedo,
-34.78454,-58.27921,Motos Silher,Insumos de motos,Avenida San Martín,
-34.78722,-58.27909,El Rayo,Talleres,Avenida San Martín,
-34.79290,-58.27937,El Ombu,Talleres,Avenida San Martín,
-34.80458,-58.27470,Expresión,Comida rápida,Juan de la Cruz Contreras,
-34.79763,-58.27843,X28 Alarmas,Talleres,Avenida San Martín,
-34.80256,-58.27813,Gilera,Insumos de motos,Avenida San Martín,
-34.64865,-58.51387,Café Petit,Comida rápida,Acassuso,
-34.64891,-58.51413,Pizzería El Rancho,Comida rápida,Acassuso,
-34.79708,-58.26979,GNC Laser,Talleres,Tinogasta,
-34.78732,-58.25092,Horacio,Talleres,Camino General Belgrano,
-34.78004,-58.24396,Encendido 14,Talleres,Avenida 14 - Gastón F. Rigolleau,
-34.78014,-58.24431,La Parada,Comida rápida,Avenida 14 - Gastón F. Rigolleau,
-34.55558,-58.46212,Big Pizza,Comida rápida,Avenida Cabildo 2883,
-34.55550,-58.45068,Café Martínez,Comida rápida,Olazábal 1601,
-34.76518,-58.21546,Panchos 10,Comida rápida,Avenida 14 - Gastón F. Rigolleau,
-34.53959,-58.53358,Piacere,Comida rápida,Rosario,
-34.77165,-58.22827,Don Pancho,Comida rápida,Avenida 14 - Gastón F. Rigolleau,
-34.76614,-58.21729,Pizzería Don Lito,Comida rápida,Avenida 14 - Gastón F. Rigolleau,
-34.76673,-58.21893,Pizzería Copahue,Comida rápida,Avenida 14 - Gastón F. Rigolleau,
-34.77637,-58.23724,PanChiSsimo,Comida rápida,Avenida Dardo Rocha,
-34.77222,-58.22867,Moto Zuni,Insumos de motos,Avenida 14 - Gastón F. Rigolleau,
-34.59782,-58.44900,Rosmi,Gomerías,Avenida Juan Bautista Justo,
-34.75591,-58.23770,La Rosita,Comida rápida,Avenida Centenario,
-34.75478,-58.23788,Gallo Rico,Comida rápida,Avenida Centenario,
-34.75174,-58.22582,Pizzería La Isla,Comida rápida,Avenida Florencio Varela,
-34.75427,-58.21147,Pizza Pronto,Comida rápida,Avenida Mitre,
-34.75358,-58.21292,M&G Pizzas,Comida rápida,Avenida Mitre,
-34.75057,-58.21938,Dorota's,Comida rápida,Calle 147,
-34.63927,-58.36353,Cafe de los artistas,Comida rápida,General Gregorio Aráoz De Lamadrid,
-34.75607,-58.20904,Pizza,Comida rápida,Calle 10,
-34.75971,-58.20479,EmpanaBera,Comida rápida,Avenida Presidente Néstor Kirchner,
-34.75871,-58.20555,Krusty Burger - Berazagueti,Comida rápida,Avenida Presidente Néstor Kirchner,
-34.76108,-58.20322,Ciudad Moto,Insumos de motos,Avenida Presidente Néstor Kirchner,
-34.75683,-58.20767,Bera Pizzas,Comida rápida,Avenida Mitre,
-34.60506,-58.42104,Alma,Comida rápida,Sarmiento,
-34.75935,-58.20961,Aries,Comida rápida,Calle 149,
-34.76191,-58.20771,La Estancia,Comida rápida,Calle 15,
-34.76095,-58.20794,El Cisne Negro,Comida rápida,Avenida 14 - Juan Domingo Perón,
-34.71140,-58.31019,Q GNC,Estaciones de servicio,Pilcomayo,
-34.75219,-58.36873,Servitemp,Estaciones de servicio,Carlos Collivadino,
-34.73289,-58.46406,YPF,Estaciones de servicio,Homero,
-34.69089,-58.42647,GNC Plus,Estaciones de servicio,25 de Mayo,
-34.76076,-58.20711,Caserisimo,Comida rápida,Avenida 14 - Juan Domingo Perón,
-34.75987,-58.21070,Central,Comida rápida,Calle 148,
-34.75991,-58.21067,Aniceto,Comida rápida,Calle 148,
-34.75713,-58.23647,Calabria,Comida rápida,Avenida Florencio Varela,
-34.63938,-58.52756,Kentucky,Comida rápida,Avenida Rivadavia 11600,
-34.76697,-58.23735,XXI,Estaciones de servicio,Avenida Lavalle,
-34.77907,-58.25966,Pizza Tomy,Comida rápida,Avenida Lavalle,
-34.78326,-58.26684,Nicolás,Comida rápida,Avenida Hipólito Yrigoyen,
-34.78427,-58.26920,Julis,Comida rápida,Avenida Hipólito Yrigoyen,
-34.78261,-58.26568,Central,Comida rápida,Avenida Hipólito Yrigoyen,
-34.78157,-58.26377,Flambo,Comida rápida,Avenida Hipólito Yrigoyen,
-34.78178,-58.26383,Pizza Ju-an-se,Comida rápida,Remedios de Escalada 1422,
-34.55461,-58.45581,Öss,Comida rápida,Franklin Delano Roosevelt,
-34.78128,-58.27022,Casa de Comidas 12 de Abril,Comida rápida,Luis Braille,
-34.77804,-58.26373,Pizza Chatas,Comida rápida,Avenida Calchaquí,
-34.77778,-58.26394,Da La Ostia,Comida rápida,Avenida Calchaquí,
-34.64523,-58.34749,Taller Mecánica en General,Talleres,Avenida Nicolás Avellaneda,
-34.64633,-58.34922,Allu Tana,Talleres,Irala,
-34.76491,-58.27432,Pinocho,Comida rápida,Uruguay,
-34.76264,-58.27682,Olivia,Comida rápida,Avenida Calchaquí,
-34.59568,-58.39110,Green Eat,Comida rápida,Avenida Santa Fe 1655,
-34.59474,-58.39604,Pizza vegana,Comida rápida,Ayacucho 1188,
-34.60342,-58.41749,Los Sabios Restaurante Vegetariano,Comida rápida,Avenida Corrientes 3733,
-34.63086,-58.44569,Pizza vegana,Comida rápida,Puan 662,
-34.60544,-58.41686,Curcuma,Comida rápida,Sarmiento 3685,
-34.59944,-58.41619,Shiva,Comida rápida,Mario Bravo 866,
-34.61608,-58.37340,Abuela Pan,Comida rápida,Chile 518,
-34.62171,-58.37161,Y la Vaca Chocha,Comida rápida,Avenida San Juan 409,
-34.60337,-58.38945,Sattva,Comida rápida,Montevideo 446,
-34.55629,-58.44974,Nobiru,Comida rápida,Mendoza 1599,
-34.55588,-58.44903,Sport Cars,Talleres,Mendoza 1523,
-34.66152,-58.35740,Matias,Comida rápida,Avenida General Roca,
-34.67505,-58.34597,Electromar,Talleres,José Manuel Estrada,
-34.67732,-58.34801,Autoservicio Marjo,Talleres,Avenida Bartolomé Mitre,
-34.70247,-58.30011,Lubricentro,Talleres,Avenida San Martín,
-34.69121,-58.40749,Casa Martin,Comida rápida,Coronel D'Elía 1585,
-34.69145,-58.40712,Estilo Cafe,Comida rápida,Coronel D'Elía,
-34.67247,-58.36083,Pancho 77,Comida rápida,Avenida Mujeres Argentinas,
-34.68649,-58.41140,Tiro Loco,Comida rápida,Manuel Ocampo,
-34.68973,-58.41008,Hut,Comida rápida,Coronel D'Elía,
-34.70584,-58.30082,Los Hermanos,Comida rápida,M.B.C,
-34.66983,-58.35401,Motozuni,Insumos de motos,Intendente Manuel Beguiristain,
-34.66515,-58.36271,Pontenegro,Comida rápida,Italia,
-34.65895,-58.36499,Cantina Scoffano,Comida rápida,Florentino Ameghino,
-34.71210,-58.30000,La Familia,Comida rápida,Avenida Montevideo,
-34.75873,-58.23931,Azul Azul,Comida rápida,Avenida Florencio Varela,
-34.62511,-58.44356,Feca,Comida rápida,Valle 1101,
-34.57833,-58.48613,Le Blé,Comida rápida,Avenida Mendoza 5305,
-34.56689,-58.43165,Le Blé,Comida rápida,Avenida Del Libertador 4502,
-34.61110,-58.43387,Le Blé,Comida rápida,Otamendi 500,
-34.57337,-58.41919,Fulgor Café,Comida rápida,Avenida Del Libertador 3598,
-34.59392,-58.42122,Le Blé,Comida rápida,Avenida Honduras 4109,
-34.59006,-58.44628,Le Blé,Comida rápida,Avenida Dorrego 999,
-34.55032,-58.46421,Cotterie,Comida rápida,Manuela Pedraza 2196,
-34.59542,-58.43622,Le Blé,Comida rápida,Acevedo 799,
-34.55728,-58.46211,Le Blé,Comida rápida,Ciudad de la Paz 2701,
-34.59108,-58.39088,Le Blé,Comida rápida,Avenida Callao 1593,
-34.62673,-58.42395,Le Blé,Comida rápida,Avenida San Juan 4200,
-34.59911,-58.41620,Le Blé,Comida rápida,Mario Bravo 908,
-34.66353,-58.35078,Del Buen Gusto,Comida rápida,Doctor Manuel J. Ocantos,
-34.66934,-58.34396,El Tano,Comida rápida,Avenida Agustín Debenedetti,
-34.66491,-58.34962,Locos x la Pizza,Comida rápida,Ricardo Gutiérrez,
-34.71302,-58.30251,Pizzeria Don Tito,Comida rápida,Avenida Dardo Rocha,
-34.71587,-58.30403,De la Ostia Empanadas,Comida rápida,Avenida Montevideo,
-34.71767,-58.30619,La Barca,Comida rápida,Avenida Montevideo,
-34.72304,-58.30258,Talleres Universal S.A.,Talleres,Avenida Los Quilmes,
-34.64835,-58.34332,Fabella Transmisión,Talleres,Avenida Agustín Debenedetti,
-34.65118,-58.34365,La Piedrita,Comida rápida,Avenida Agustín Debenedetti,
-34.72884,-58.30527,Duende Azul Pizzeria,Comida rápida,Patricio Enriquez,
-34.72916,-58.29989,Gomeria El Gaijo Claudio,Gomerías,Avenida Lamadrid,
-34.74438,-58.39302,Jesi Di Marco,Comida rápida,Cochabamba 228,
-34.71822,-58.27870,Bernal Motor,Insumos de motos,Avenida Lamadrid,
-34.71532,-58.27209,Pizza Hiola,Comida rápida,Avenida San Martín,
-34.71956,-58.28079,Rectificacion de Motores Diesel y Nafteros,Talleres,Avenida Lamadrid 1230,
-34.71620,-58.27368,Fabrica de Pastas Los Hermanos,Comida rápida,Avenida Lamadrid,
-34.66725,-58.35634,Gilera,Insumos de motos,Avenida Bartolomé Mitre,
-34.66683,-58.34893,Pizza Pronto XXL,Comida rápida,Intendente Manuel Beguiristain,
-34.72028,-58.27284,Mi Amigo Luis,Comida rápida,República del Líbano,
-34.66153,-58.36855,La Argentina,Comida rápida,España,
-34.69496,-58.39577,Quique,Comida rápida,Avenida Intendente Manuel Quindimil,
-34.66457,-58.36057,Numa Point,Gomerías,Avenida Bartolomé Mitre,
-34.72804,-58.28407,Gomeria San Luis,Gomerías,Avenida La Plata,
-34.71824,-58.29217,Ofiria,Comida rápida,9 de Julio,
-34.71469,-58.28679,Central,Comida rápida,9 de Julio,
-34.76143,-58.42138,El Muro Motorcycles,Insumos de motos,José Eusebio Colombres,
-34.75197,-58.28511,Panchos 99,Comida rápida,Beruti,
-34.71841,-58.25894,Lupita,Comida rápida,Almirante Brown,
-34.71864,-58.26127,Café Martínez,Comida rápida,Conesa 144,
-34.71946,-58.26057,Colonia Morena,Comida rápida,Colón,
-34.71925,-58.25825,Barullo Cantina,Comida rápida,Almirante Brown 499,
-34.71898,-58.26094,Meishi Sushi,Comida rápida,Mariano Moreno,
-34.69303,-58.39852,G & G,Comida rápida,Avenida Intendente Manuel Quindimil,
-34.66111,-58.36758,Los Herederos,Comida rápida,España,
-34.68620,-58.40240,Peyton,Talleres,Enrique Fernández,
-34.71522,-58.27674,Pizzeria Don Joa,Comida rápida,Belgrano,
-34.69351,-58.42429,Los Alpes Pizzeria,Comida rápida,25 de Mayo,
-34.71572,-58.27599,Volkswagen Centro,Talleres,Belgrano,
-34.66014,-58.36923,Corven Motos,Insumos de motos,Avenida Belgrano,
-34.66238,-58.36755,El Sabor Artesanal,Comida rápida,Avenida Belgrano,
-34.66335,-58.36731,Pepo's,Comida rápida,Avenida Belgrano,
-34.72037,-58.27279,De la Ostia,Comida rápida,Andrés Baranda,
-34.71659,-58.27535,Fábrica de Pizzas,Comida rápida,Belgrano,
-34.71643,-58.27548,Sandwicheria Sabores,Comida rápida,Belgrano,
-34.67772,-58.40696,Neumaticos Pepirí,Gomerías,Paso de la Patria,
-34.71655,-58.29959,Lady Cafe,Comida rápida,Comodoro Rivadavia,
-34.69889,-58.42176,La Rosita,Comida rápida,Mendoza,
-34.68055,-58.40491,Erezcar's,Talleres,Coronel Erezcano,
-34.70309,-58.41684,Pizzeria El Sur,Comida rápida,25 de Mayo,
-34.68928,-58.40189,Cerrajeria Sante Fe,Talleres,Avenida General San Martín,
-34.69865,-58.40531,Mobil,Talleres,Concejal Héctor Noya,
-34.71280,-58.31553,Pizzeria NyV,Comida rápida,Neuquén bis,
-34.69891,-58.39865,Kazoku,Comida rápida,Gobernador Carlos Casares,
-34.69793,-58.42799,Entre Amigos,Comida rápida,Tagle,
-34.72168,-58.30565,Pizzeria Nico,Comida rápida,Cerrito,
-34.71531,-58.31154,Mecanica en General Motocars,Talleres,Victorica 1407,
-34.70349,-58.39736,Los TRes Leones,Comida rápida,Gobernador Felipe Llavallol,
-34.70330,-58.39446,South Cafe,Comida rápida,Doctor Arturo Melo,
-34.70455,-58.39204,Subway,Comida rápida,Avenida Hipólito Yrigoyen,
-34.72054,-58.31807,Pollo al Spiedo,Comida rápida,Miguel Ángel Mauriño,
-34.70409,-58.39160,Pastas Frescas,Comida rápida,Avenida Hipólito Yrigoyen,
-34.70530,-58.39160,Yahama,Insumos de motos,Avenida Hipólito Yrigoyen,
-34.70685,-58.39199,Fabrica Pizzas,Comida rápida,Juan Piñeiro,
-34.70684,-58.39263,Las Medialunas del Abuelo,Comida rápida,Juan Piñeiro,
-34.70655,-58.39588,Cafe Rico,Comida rápida,Ministro Brin,
-34.70687,-58.39370,Mura Sushi,Comida rápida,Juan Piñeiro,
-34.71535,-58.27206,Pizzaiola,Comida rápida,Avenida Lamadrid,
-34.70558,-58.41683,Massabrosa,Comida rápida,Avenida General San Martín,
-34.70529,-58.41625,Rotary Club Pompeo,Comida rápida,Avenida General San Martín,
-34.70821,-58.39266,Pancao,Comida rápida,25 de Mayo,
-34.71299,-58.42688,Fiesta Ya!,Comida rápida,Avenida General San Martín,
-34.70847,-58.39156,Subway,Comida rápida,Avenida Hipólito Yrigoyen,
-34.72306,-58.32905,Por-Fe,Comida rápida,Coronel Lynch,
-34.74428,-58.39364,Subway,Comida rápida,Avenida Alsina,
-34.59519,-58.37787,Rapanui,Comida rápida,Avenida Santa Fe 772,
-34.72487,-58.25572,McDonald's,Comida rápida,Humberto Primo,
-34.54717,-58.43082,Carrito,Comida rápida,Bicisenda Costanera,
-34.70836,-58.38937,McDonald's,Comida rápida,Avenida 9 de Julio,
-34.70640,-58.38987,Fan Burger,Comida rápida,29 de Septiembre,
-34.70525,-58.38607,La Pual,Comida rápida,Presidente Arturo Umberto Illia,
-34.71286,-58.38343,Pizzerias San Facundo,Comida rápida,Avenida 9 de Julio,
-34.70991,-58.38757,Burger King,Comida rápida,Avenida 9 de Julio,
-34.58899,-58.41039,Dean & Dennys,Comida rápida,Avenida Santa Fe 3212,
-34.58790,-58.42717,El Club de la Milanesa,Comida rápida,Gurruchaga,
-34.49444,-58.55176,Spot,Comida rápida,Avenida Avelino Rolón,
-34.60043,-58.37253,El buen libro,Comida rápida,Reconquista 631,
-34.66885,-58.41684,Comidas Rapidas Parrilla,Comida rápida,Avenida Remedios de Escalada de San Martín,
-34.66890,-58.41216,Peperoni,Comida rápida,Avenida Presidente Teniente General Juan Domingo Perón,
-34.67682,-58.38320,Flamber,Comida rápida,Avenida Hipólito Yrigoyen,
-34.68370,-58.36805,La Esquina,Talleres,General Heredia,
-34.48724,-58.61920,Shell,Estaciones de servicio,Avenida Ángel Torcuato de Alvear 2709,
-34.68783,-58.35679,Lubricentro,Talleres,Avenida Crisólogo Larralde,
-34.55859,-58.45792,Akiko,Comida rápida,Blanco Encalada 2286,
-34.55858,-58.45789,La Llovizna,Comida rápida,Blanco Encalada 2286,
-34.58969,-58.42559,Nicky Harrison,Comida rápida,Malabia 1764,
-34.66749,-58.47110,Los Amigos,Comida rápida,Araujo 3304,
-34.66808,-58.47579,Tomatitos,Comida rápida,Avenida Teniente General Luis Dellepiane Norte 5101,
-34.66766,-58.47349,Melina,Comida rápida,Avenida Castañares 4914,
-34.66788,-58.47585,La Nonna,Comida rápida,Miralla 3215,
-34.66817,-58.47356,Di Freda,Comida rápida,Albariño 3319,
-34.66518,-58.47597,La Popular de Miguel,Comida rápida,Corvalán 2945,
-34.66553,-58.47059,Los Hermanos,Comida rápida,Guardia Nacional 3111,
-34.66462,-58.48101,Las Lenas,Comida rápida,Zuviría 5178,
-34.66755,-58.48376,Pampero,Comida rápida,Larrazábal 3033,
-34.66138,-58.47738,SushiBox,Comida rápida,Zuviría 4696,
-34.47886,-58.55494,Angie's,Comida rápida,Avenida Sucre 2065,
-34.56985,-58.53480,GMR suspensiones especiales,Talleres,"-34.56985, -58.53480",
-34.82593,-58.22489,"Parrilla ""El Gallego""",Comida rápida,Puan,
-34.64763,-58.61970,HOY empanadas,Comida rápida,Cabildo 63,
-34.66137,-58.37495,El Parrillón,Comida rápida,Avenida Hipólito Yrigoyen,
-34.66269,-58.37720,El Campeón,Comida rápida,Moisés Lebensohn,
-34.74041,-58.39678,La Pampita,Comida rápida,Avenida Juan Hipólito Vieytes,
-34.75089,-58.21374,MyD Refrigeración Instalación de Split,Talleres,Calle 150 472,
-34.60248,-58.37716,Caffe le caravelle,Comida rápida,Lavalle,
-34.63875,-58.36748,Long John Silver's,Comida rápida,Olavarría,
-34.59476,-58.41068,Cafe Petit Victoria,Comida rápida,Gallo,
-34.59527,-58.41091,Los amigos,Comida rápida,Gallo,
-34.64203,-58.54091,Doña Cata,Comida rápida,132 - San Martín,
-34.60363,-58.38265,Subway,Comida rápida,Avenida Corrientes,
-34.60258,-58.37921,Pizzería Roma,Comida rápida,Lavalle,
-34.74455,-58.39328,Burger King,Comida rápida,Cochabamba,
-34.59948,-58.38112,Bonafide,Comida rápida,Carlos Pellegrini,
-34.60960,-58.39713,BIG PIZZA,Comida rápida,Avenida Rivadavia,
-34.55760,-58.45655,Yamaha,Talleres,Blanco Encalada,
-34.55763,-58.45658,Tatú,Comida rápida,Blanco Encalada,
-34.55774,-58.45643,Tercera Docena,Comida rápida,Blanco Encalada,
-34.64210,-58.56712,Cuatro Express,Comida rápida,Belgrano 208,
-34.64239,-58.56562,KFC,Comida rápida,Avenida de Mayo,
-34.60689,-58.44576,Tienda de Cafe,Comida rápida,Avenida Doctor Honorio Pueyrredón 1121,
-34.62423,-58.44997,Solo Empanadas,Comida rápida,Miró,
-34.76997,-58.31862,Taller Mecanico,Talleres,Avenida General San Martín,
-34.76995,-58.31830,GMG Bikes,Talleres,"-34.76995, -58.31830",
-34.61914,-58.44191,Comida al paso,Comida rápida,Yerbal,
-34.64597,-58.59167,Ugi's,Comida rápida,"-34.64597, -58.59167",
-34.64572,-58.59036,FG,Comida rápida,Remedios De Escalada De San Martín,
-34.55501,-58.45222,Fabric,Comida rápida,Blanco Encalada,
-34.55498,-58.45218,Togni's Pizza,Comida rápida,Blanco Encalada,
-34.55504,-58.45227,Togni's Café,Comida rápida,Blanco Encalada 1675,
-34.56819,-58.43840,Café BA,Comida rápida,Gorostiaga 1908,
-34.59284,-58.43468,La Esquina de las Flores,Comida rápida,Gurruchaga 1630,
-34.59555,-58.40622,Arte Sano,Comida rápida,General Lucio Norberto Mansilla 2740,
-34.58712,-58.42953,Duca,Comida rápida,Thames 1750,
-34.58128,-58.40872,Frank's grill,Comida rápida,Cabello,
-34.58927,-58.42463,Krishna Veggie,Comida rápida,Malabia,
-34.58932,-58.42468,Almacén de Pizzas,Comida rápida,Malabia,
-34.60168,-58.37405,Restaurant King,Comida rápida,San Martín,
-34.60164,-58.37390,Veggie Medio Oriente,Comida rápida,San Martín,
-34.58217,-58.40659,La Dorita,Comida rápida,Bulnes,
-34.58544,-58.42539,El Preferido de Palermo,Comida rápida,Jorge Luis Borges 2108,
-34.61301,-58.37070,Michelangelo Tango,Comida rápida,Balcarce,
-34.61602,-58.40470,Don Hugo,Comida rápida,Venezuela,
-34.81952,-58.48086,Lubricentro,Talleres,Máximo Paz,
-34.59149,-58.39798,Cuervo,Comida rápida,Azcuénaga 1505,
-34.56255,-58.45492,Dean & Dennys,Comida rápida,Echeverría 2302,
-34.59924,-58.38828,Tostado,Comida rápida,Avenida Córdoba,
-34.58953,-58.42754,La Hormiga,Comida rápida,Armenia,
-34.60976,-58.37637,Nódica Smørrebrød,Comida rápida,Chacabuco 137,
-34.60349,-58.38046,Kentucky,Comida rápida,Avenida Corrientes 961,
-34.58825,-58.42313,MIGUEL Café,Comida rápida,Soler 4499,
-34.57501,-58.47288,Filippa,Comida rápida,Donado 1849,
-34.57479,-58.47306,Tiberio,Comida rápida,Donado 1877,
-34.57326,-58.47361,Cigaló,Comida rápida,Holmberg 2004,
-34.57348,-58.47397,MarSushi,Comida rápida,Echeverría 4257,
-34.57247,-58.43067,Heisenburger Burger Lab,Comida rápida,Báez 252,
-34.61978,-58.44017,Ferroni's,Comida rápida,Avenida Rivadavia 5299,
-34.55822,-58.44769,Gorrión,Comida rápida,Echeverría 1568,
-34.61394,-58.36580,Café Martínez,Comida rápida,Avenida Alicia Moreau de Justo 1400,
-34.61467,-58.36573,Pausar,Comida rápida,Avenida Alicia Moreau De Justo,
-34.62606,-58.45475,La Juvenil,Comida rápida,Avenida Rivadavia 6262,
-34.60930,-58.37553,Elauge,Comida rápida,Hipólito Yrigoyen,
-34.58725,-58.42775,Kanú sushi,Comida rápida,Jorge Luis Borges,
-34.61177,-58.37466,La Cava del Querandi,Comida rápida,Perú 322,
-34.62659,-58.37231,Restaurante Bacán,Comida rápida,Avenida Caseros 499,
-34.56570,-58.45161,Belgrano Rotisería,Comida rápida,Virrey Del Pino 2305,
-34.56584,-58.45138,Don Germán,Comida rápida,Virrey Del Pino,
-34.56525,-58.45059,Santal,Comida rápida,Virrey Del Pino,
-34.49860,-58.51952,Montjuic Eventos,Comida rápida,Avenida Sir Alexander Fleming 2015,
-34.59510,-58.39038,Cafe des Amis,Comida rápida,Arenales 1620,
-34.64001,-58.58239,El Boliche de Darío,Comida rápida,"-34.64001, -58.58239",
-34.59570,-58.39382,La Farola,Comida rápida,Avenida Santa Fe,
-34.59394,-58.39293,II Quotidiano,Comida rápida,Juncal,
-34.57002,-58.47879,Mi Barrio Hamburguesería,Comida rápida,Monroe,
-34.62206,-58.41624,Sensu,Comida rápida,Avenida Boedo 784,
-34.60314,-58.43393,Mi Barrio Hamburguesería,Comida rápida,Avenida Ángel Gallardo 102,
-34.59772,-58.49784,Mi Barrio Hamburguesería,Comida rápida,Cuenca 3475,
-34.60116,-58.37137,Mi Barrio Hamburguesería,Comida rápida,25 de Mayo 570,
-34.58898,-58.39142,Mi Barrio Hamburguesería,Comida rápida,Guido 1936,
-34.62873,-58.43978,La Farolita de Directorio,Comida rápida,Del Barco Centenera,
-34.56433,-58.46986,Rami,Comida rápida,Avenida Monroe 3411,
-34.64121,-58.36127,Puerto Viejo,Comida rápida,"-34.64121, -58.36127",
-34.75310,-58.40982,La Bacha,Comida rápida,Doctor José María Penna,
-34.59766,-58.37995,Datri,Comida rápida,Paraguay 901,
-34.54723,-58.46450,Kalis,Comida rápida,O'higgins,
-34.58946,-58.42531,La Condesa Cocina Argentina,Comida rápida,Costa Rica 452,
-34.61297,-58.44179,Accademia della pizza,Comida rápida,Avenida Doctor Honorio Pueyrredón 606,
-34.63967,-58.56386,Ugi's,Comida rápida,Teniente General Pablo Ricchieri,
-34.60631,-58.38543,Konu,Comida rápida,Teniente General Juan Domingo Perón 1319,
-34.60859,-58.38932,La Reverde Parilla Vegana,Comida rápida,Montevideo 40,
-34.74470,-58.39023,Las Empanadas de la Abuela,Comida rápida,Cochabamba 402,
-34.61084,-58.41428,Café Martínez,Comida rápida,Avenida Rivadavia 3394,
-34.61955,-58.37275,La Fabrica del Taco,Comida rápida,Carlos Calvo,
-34.53956,-58.46702,Bastardo,Comida rápida,"-34.53956, -58.46702",
-34.59146,-58.39981,La Morada,Comida rápida,Larrea 1336,
-34.63982,-58.36757,Parilla La Esquiña,Comida rápida,General Gregorio Aráoz De Lamadrid,
-34.79526,-58.23605,Heladería Grido,Comida rápida,Camino General Belgrano 2853,
-34.79671,-58.23151,Pizzeria y casa de comida,Comida rápida,Avenida Eva Perón 1354,
-34.60469,-58.40788,La Rica Vicky,Comida rápida,Ecuador 467,
-34.59457,-58.42286,Lazy Dog,Comida rápida,Gascón 1355,
-34.61549,-58.38230,Hábito Café,Comida rápida,México 1152,
-34.63275,-58.50124,Vicente,Comida rápida,Morón,
-34.58681,-58.38844,La Rambla,Comida rápida,Posadas,
-34.58458,-58.41707,The Coffee Store,Comida rápida,Avenida Santa Fe 3786,
-34.55888,-58.44195,Agote,Comida rápida,Miñones 1720,
-34.55975,-58.44333,Côte Cafe,Comida rápida,José Hernández 1399,
-34.59433,-58.39576,La empanadería,Comida rápida,Ayacucho 1221,
-34.64929,-58.62198,Arizona Motos,Insumos de motos,Avenida Rivadavia 18358,
-34.48113,-58.50600,Motolandia,Insumos de motos,Avenida Santa Fe 914,
-34.59926,-58.40521,Avant,Insumos de motos,Boulogne Sur Mer 930,
-34.46042,-58.63421,Ibañez Motos,Insumos de motos,Avenida Hipólito Yrigoyen 868,
-34.59857,-58.38687,La empanaderia,Comida rápida,Uruguay 865,
-34.59440,-58.39578,La empanaderia,Comida rápida,Ayacucho 1221,
-34.52938,-58.52216,Hay empanadas,Comida rápida,Avenida Vélez Sarsfield 4483,
-34.59010,-58.40313,Mandarín,Comida rápida,Laprida 1712,
-34.60495,-58.38232,ALMA,Comida rápida,Sarmiento,
-34.56440,-58.46078,Sabo,Comida rápida,Juramento,
-34.50579,-58.49366,La Maga,Comida rápida,Avenida Maipú 3264,
-34.57510,-58.49755,Bandini Pizzas,Comida rápida,Aizpúrua,
-34.59159,-58.38005,Farinelli,Comida rápida,Arroyo 900,
-34.51943,-58.51683,La Esquina de Piri,Comida rápida,Bernardo de Irigoyen 3101,
-34.71198,-58.59443,Helados El Artesano,Comida rápida,Guillermo Marconi 3415,
-34.59128,-58.56488,Como en Casa,Comida rápida,Diagonal 51 - General Martín Miguel De Güemes,
-34.57440,-58.44729,El Wayra Muyu,Comida rápida,Avenida Federico Lacroze 2860,
-34.57378,-58.43696,El Wayra Muyu,Comida rápida,Avenida Federico Lacroze 2389,
-34.61557,-58.44539,Terrazas Cafe,Comida rápida,Doctor Juan Felipe Aranguren 901,
-34.59094,-58.42354,Proper restaurant,Comida rápida,Aráoz,
-34.60183,-58.53977,Pizzería mo-da,Comida rápida,417 - Manuel Estrada 1469,
-34.61138,-58.37629,Café Martínez,Comida rápida,Chacabuco 285,
-34.61166,-58.37342,Anna's,Comida rápida,Bolívar 347,
-34.65204,-58.42480,Bien de Barrio,Comida rápida,Mom,
-34.60044,-58.51149,El Griego,Comida rápida,Avenida Chivilcoy,
-34.67743,-58.46530,Gomería Marcelo,Talleres,Pola,
-34.55559,-58.45234,Hakka,Comida rápida,Arribeños 2382,
-34.63571,-58.52326,Clo!,Comida rápida,Fragueiro,
-34.70719,-58.28657,La Morocha,Comida rápida,Avenida San Martín,
-34.71948,-58.25655,SushiClub,Comida rápida,Alvear 500,
-34.70328,-58.39223,SushiClub,Comida rápida,Gobernador Felipe Llavallol 11,
-34.63620,-58.58027,Marcelino,Comida rápida,Florentino Ameghino,
-34.44361,-58.55916,Forno 1977,Comida rápida,Pasaje Almandoz 1200,
-34.54575,-58.54940,Ballester Neumaticos,Gomerías,114 - Carlos María de Alvear 2174,
-34.70553,-58.39299,La Farola Express,Comida rápida,Gobernador Irigoyen,
-34.70550,-58.39329,Pizzeria San Facundo,Comida rápida,Gobernador Irigoyen,
-34.70586,-58.39328,Wine & Arts,Comida rápida,Enrique Del Valle Iberlucea,
-34.70593,-58.39327,Troya,Comida rápida,Enrique Del Valle Iberlucea,
-34.70579,-58.39332,La Casona,Comida rápida,Gobernador Irigoyen,
-34.55090,-58.45297,Pickit,Comida rápida,Avenida Del Libertador 6674,
-34.62283,-58.41652,Café Martínez,Comida rápida,Avenida Boedo 819,
-34.61317,-58.52405,Café Martínez,Comida rápida,Avenida Francisco Beiró 5225,
-34.59892,-58.37119,Café Martínez,Comida rápida,Avenida Leandro N. Alem 756,
-34.58873,-58.38968,MARQUES DE RISCAL,Comida rápida,Avenida Presidente Manuel Quintana,
-34.59392,-58.42273,La Alacena,Comida rápida,Gascón 1401,
-34.59431,-58.42063,Félix,Comida rápida,Avenida Honduras,
-34.59688,-58.37549,Starbucks,Comida rápida,Florida 960,
-34.82332,-58.37397,El dragon Dorado,Comida rápida,Pedro Goyena 420,
-34.57345,-58.46130,Nucha,Comida rápida,Superí,
-34.57930,-58.44052,Nucha,Comida rápida,Dorrego 1989,
-34.62045,-58.47445,Café Martínez,Comida rápida,Avenida Gaona 3501,
-34.60334,-58.41788,Café Martínez,Comida rápida,Avenida Corrientes 3799,
-34.60470,-58.39664,Café Martínez,Comida rápida,Avenida Corrientes 2096,
-34.60735,-58.39224,Café Martínez,Comida rápida,Avenida Callao 156,
-34.58741,-58.39670,Café Martínez,Comida rápida,Avenida Pueyrredón 2231,
-34.67882,-58.58256,San Cayetano,Talleres,Venezuela 3818,
-34.44009,-58.55697,Sephra,Comida rápida,Madero 1127,
-34.56537,-58.46214,Havanna,Comida rápida,Juramento 3000,
-34.59075,-58.41401,Angelato,Comida rápida,República Dominicana 3400,
-34.59064,-58.41421,Café Martínez,Comida rápida,Bulnes 1790,
-34.60169,-58.38940,Café Martínez,Comida rápida,Montevideo 601,
-34.64907,-58.50005,Café Martínez,Comida rápida,Avenida Juan Bautista Alberdi 5501,
-34.60885,-58.44158,Café Martínez,Comida rápida,Hidalgo 872,
-34.60105,-58.51244,Café Martínez,Comida rápida,Fernández de Enciso 3985,
-34.60025,-58.49627,Café Martínez,Comida rápida,Cuenca 3248,
-34.56820,-58.45617,Café Martínez,Comida rápida,Virrey Del Pino 2765,
-34.61852,-58.43749,Café Havanna,Comida rápida,Avenida Rivadavia 5071,
-34.62259,-58.44580,Café Martínez,Comida rápida,Avenida Rivadavia 5702,
-34.57716,-58.48672,Café Martínez,Comida rápida,Avenida Olazábal 5194,
-34.59711,-58.38553,Kentuky,Comida rápida,Talcahuano 999,
-34.59768,-58.38570,Café Martínez,Comida rápida,Talcahuano 948,
-34.60478,-58.37716,Café Martínez,Comida rápida,Sarmiento 740,
-34.59569,-58.37331,Café Martínez,Comida rápida,Reconquista 1038,
-34.60493,-58.38947,Las Cañas,Comida rápida,Montevideo 350,
-34.58869,-58.42640,Sans,Comida rápida,Costa Rica,
-34.70359,-58.39297,Café Martínez,Comida rápida,Gobernador Felipe Llavallol 80,
-34.68518,-58.55701,Café Martínez,Comida rápida,Avenida Brigadier General Juan Manuel de Rosas 3910,
-34.76030,-58.20933,Café Martínez,Comida rápida,Calle 13 4866,
-34.67805,-58.33407,Café Martínez,Comida rápida,Autopista Doctor Ricardo Balbín,
-34.66135,-58.36667,Café Martínez,Comida rápida,Avenida Bartolomé Mitre 621,
-34.60305,-58.59230,Café Martínez,Comida rápida,737 - Boulevard General Don José de San Martín 2910,
-34.65140,-58.62104,Café Martínez,Comida rápida,General Belgrano 280,
-34.59057,-58.38257,Elena,Comida rápida,Posadas 1086,
-34.65341,-58.55714,Pizzeria Bolivar,Comida rápida,Bolívar,
-34.60488,-58.37906,Starbucks,Comida rápida,Avenida Presidente Roque Sáenz Peña 885,
-34.60931,-58.38209,Café Martínez,Comida rápida,Avenida de Mayo 1102,
-34.41981,-58.56973,Café Martínez,Comida rápida,Pedro Guareschi 22,
-34.46947,-58.50985,Café Martínez,Comida rápida,Belgrano 407,
-34.44732,-58.54268,Café Martínez,Comida rápida,Avenida del Libertador 2495,
-34.64232,-58.56692,Café Martínez,Comida rápida,Necochea 140,
-34.62490,-58.44657,Miramar,Comida rápida,Hortiguera,
-34.62281,-58.44356,Rusticana,Comida rápida,Emilio Mitre,
-34.62269,-58.44695,Richard Parker,Comida rápida,Paysandú,
-34.81609,-58.48756,Lubricentro,Talleres,12 De Octubre,
-34.81723,-58.48194,Niky Owen,Comida rápida,Fernando De Toro,
-34.60379,-58.38542,Catedral de pisco,Comida rápida,Avenida Corrientes 3126,
-34.81720,-58.46748,Ya en Flor,Comida rápida,Florentino Ameghino,
-34.58089,-58.48471,Lo de Frida,Comida rápida,Echeverría 5451,
-34.83358,-58.49576,El Café de los Maestros,Comida rápida,Dardo Rocha,
-34.83441,-58.49675,Gomeria,Talleres,Dardo Rocha,
-34.83266,-58.49426,La Previa,Comida rápida,Andalgala,
-34.83919,-58.48954,Gomeria,Talleres,Evita,
-34.83540,-58.49332,El Negro Felix,Comida rápida,Evita,
-34.61257,-58.37114,Antares,Comida rápida,Avenida Belgrano 350,
-34.46938,-58.51102,Bonafide,Comida rápida,9 de Julio 367,
-34.46227,-58.50798,Pura,Comida rápida,Primera Junta,
-34.46949,-58.51108,Coconaranja,Comida rápida,9 de Julio 363,
-34.63704,-58.40600,Starbucks,Comida rápida,Avenida Caseros 3017,
-34.63478,-58.40578,Distrito,Comida rápida,Cátulo Castillo,
-34.59172,-58.42730,Koh Lanta,Comida rápida,Gorriti,
-34.56406,-58.45551,Noble y Natural,Comida rápida,"-34.56406, -58.45551",
-34.64030,-58.50094,KEK pastelería & co.,Comida rápida,Escalada,
-34.59060,-58.38883,Sparaw,Comida rápida,Rodríguez Peña,
-34.59692,-58.43823,Natgen,Comida rápida,Juan Ramírez De Velasco,
-34.61596,-58.36557,Eatbar,Comida rápida,Avenida Alicia Moreau De Justo,
-34.76916,-58.39792,La Picaza,Comida rápida,Avenida Meeks,
-34.58822,-58.40842,Magnolia,Comida rápida,Billinghurst,
-34.59060,-58.42951,FiFí Almacén,Comida rápida,Gorriti,
-34.59525,-58.42112,Jiro,Comida rápida,Gorriti 3999,
-34.59486,-58.41988,Dietrich,Talleres,Avenida Medrano 1244,
-34.59489,-58.41959,SushiLife,Comida rápida,Avenida Medrano 1239,
-34.59289,-58.42059,La Bohemia,Comida rápida,El Salvador 4094,
-34.59289,-58.41794,Cremolatti,Comida rápida,Jerónimo Salguero 1499,
-34.55150,-58.46496,Lo de Juan,Comida rápida,Campos Salles,
-34.71886,-58.26104,La Chocolatta,Comida rápida,"-34.71886, -58.26104",
-34.71881,-58.26107,La Chocolatta,Comida rápida,Mariano Moreno,
-34.71873,-58.26113,Santo Arado Cocina al Disco,Comida rápida,Mariano Moreno,
-34.73319,-58.24441,Gomería,Talleres,Avenida Mitre,
-34.55176,-58.45168,Le Pain Quotidien,Comida rápida,Avenida Del Libertador 6515,
-34.64027,-58.54515,Stylo,Insumos de motos,142 - Vito Dumas,
-34.80701,-58.27652,Café Martínez,Comida rápida,España 3002,
-34.54418,-58.53797,Escapes Visión,Talleres,25 - Amancio Alcorta 4116,
-34.54146,-58.53492,The Good Beef,Comida rápida,15 - R. Ayala,
-34.57787,-58.48456,The Embers,Comida rápida,Avenida Mendoza 5200,
-34.56809,-58.46426,The Embers,Comida rápida,Echeverría 3280,
-34.61054,-58.44592,Taller automotor Hector,Talleres,Rojas 926,
-34.60968,-58.44600,La esquina de Rojas,Comida rápida,Franklin 888,
-34.49688,-58.54661,Club de la milanesa,Comida rápida,Avenida Fondo de la Legua,
-34.64040,-58.56604,Café Martínez,Comida rápida,Leandro N. Alem,
-34.61552,-58.47825,Las Marías,Comida rápida,Avenida Nazca 1600,
-34.57534,-58.47260,No Tan Santos,Comida rápida,La Pampa 4279,
-34.81305,-58.45138,Mama Isa,Comida rápida,Jorge Newbery,
-34.64055,-58.56600,Punto Diario,Comida rápida,Leandro N. Alem,
-34.65349,-58.38110,Asador Parrilla,Comida rápida,Santa María Del Buen Aire,
-34.65283,-58.37848,EL Pato Loco,Comida rápida,Gonçalves Días,
-34.65358,-58.38105,La Bartola de Barracas,Comida rápida,Avenida Osvaldo Cruz,
-34.65313,-58.37837,Tres Esquinas,Comida rápida,Avenida Osvaldo Cruz,
-34.65251,-58.37601,El Pirata de Barracas,Comida rápida,Avenida Osvaldo Cruz,
-34.55685,-58.46832,La Parraca,Comida rápida,Avenida Crámer 3002,
-34.55772,-58.46714,Lo de Ale 2901,Comida rápida,Avenida Crámer 2901,
-34.55791,-58.46696,Kentucky,Comida rápida,Avenida Crámer 2893,
-34.59392,-58.39335,La Casseta,Comida rápida,Juncal,
-34.58228,-58.42333,Mi Matute,Comida rápida,Thames 2374,
-34.63978,-58.52490,Valentino,Comida rápida,Carhué,
-34.58611,-58.42799,PICSA,Comida rápida,Nicaragua,
-34.58230,-58.46936,2 Ruedas,Insumos de motos,Avenida Chorroarín,
-34.80895,-58.44652,MR Motos,Insumos de motos,Boulevard Buenos Aires,
-34.57393,-58.47375,Bruxx,Comida rápida,Donado 1971,
-34.57736,-58.47140,Deniro,Comida rápida,Donado 1652,
-34.57085,-58.47582,La Guitarrita,Comida rápida,Avenida Olazábal 4102,
-34.56966,-58.47690,Candela,Comida rápida,Holmberg 2410,
-34.56934,-58.47722,Ninina,Comida rápida,Holmberg 2464,
-34.56023,-58.46346,Doña Eulogia,Comida rápida,Monroe 2791,
-34.64839,-58.61923,PanchoUrbano,Comida rápida,Presidente Sarmiento,
-34.64834,-58.61918,Vagón,Comida rápida,Presidente Sarmiento,
-34.57408,-58.64716,Alexis Chapa y Pintura,Talleres,Avenida Julio Argentino Roca,
-34.57758,-58.64274,Diesel Hurlingham,Talleres,Avenida Julio Argentino Roca,
-34.57797,-58.64255,La Patona,Gomerías,Avenida Julio Argentino Roca,
-34.57787,-58.64239,ADG Mecánica Integral,Talleres,Avenida Julio Argentino Roca,
-34.58636,-58.63193,Dalia,Comida rápida,Sargento José Mariano Gómez,
-34.80486,-58.40526,La Esquina de los Manjares,Comida rápida,Avenida Hipólito Yrigoyen 12927,
-34.60109,-58.37827,In & Out Sushi,Comida rápida,Esmeralda 612,
-34.55174,-58.47351,La Pedrera,Comida rápida,Crisólogo Larralde 2999,
-34.60559,-58.36430,Dandy Deli,Comida rápida,Pierina Dealessi 731,
-34.65279,-58.37843,El pato loco,Comida rápida,Gonçalves Días,
-34.58043,-58.43221,Von Berry Coffee Club,Comida rápida,Fitz Roy 2192,
-34.62480,-58.38307,Ugi's,Comida rápida,Constitución,
-34.60251,-58.41568,La Reina Kunti,Comida rápida,Humahuaca 3461,
-34.61281,-58.44495,Amelia,Comida rápida,Rojas 702,
-34.64040,-58.52682,La Onda,Comida rápida,Coronel Ramón Lorenzo Falcón,
-34.49757,-58.58109,Gomeria,Talleres,Bernardo De Irigoyen,
-34.80117,-58.38473,Danke,Comida rápida,Hipólito Bouchard 1402,
-34.80110,-58.38542,Sushi Kyu,Comida rápida,Bartolomé Cerretti 1100,
-34.59990,-58.39271,Tostado,Comida rápida,Avenida Callao,
-34.63957,-58.52628,Pappas Hot,Comida rápida,Montiel,
-34.63947,-58.52629,Gimme Wok,Comida rápida,Montiel,
-34.59640,-58.41980,Café Cortázar,Comida rápida,José Antonio Cabrera,
-34.58169,-58.42126,A.J.Dulcinea,Comida rápida,Avenida Santa Fe,
-34.62194,-58.37274,Lo del Francés,Comida rápida,Avenida San Juan,
-34.56625,-58.62137,La Unión,Gomerías,954 - Avenida Presidente Juan Domingo Perón,
-34.63471,-58.60787,Bosch Service Vicars,Talleres,Avenida Presidente Perón,
-34.63517,-58.60511,Rosmi,Gomerías,Avenida Presidente Perón,
-34.63760,-58.58340,Servicentro Anibal,Talleres,Avenida Presidente Perón,
-34.73248,-58.26751,Fitty,Talleres,1 de Mayo 970,
-34.66015,-58.54325,Carbone,Comida rápida,Avenida General San Martín 2202,
-34.53354,-58.46746,Starbucks,Comida rápida,Avenida del Libertador 101,
-34.50909,-58.49199,Starbucks,Comida rápida,Avenida Maipú 2910,
-34.48979,-58.48516,Starbucks,Comida rápida,Avenida del Libertador 13100,
-34.48929,-58.49985,Starbucks,Comida rápida,General Alvear 47,
-34.47035,-58.51175,Starbucks,Comida rápida,Belgrano 263,
-34.50736,-58.52387,Starbucks,Comida rápida,Paraná 3745,
-34.49099,-58.54785,Starbucks,Comida rápida,Juan Segundo Fernández 114,
-34.42327,-58.58176,Starbucks,Comida rápida,Luis García 650,
-34.49156,-58.59053,Starbucks,Comida rápida,Bernardo de Irigoyen 2647,
-34.63460,-58.62895,Starbucks,Comida rápida,Boulevard Brigadier General Juan Manuel de Rosas 658,
-34.68533,-58.55701,Starbucks,Comida rápida,Avenida Brigadier General Juan Manuel de Rosas 3910,
-34.81521,-58.54047,Starbucks,Comida rápida,Autopista Teniente General Pablo Ricchieri,
-34.68005,-58.33306,Starbucks,Comida rápida,Autopista Doctor Ricardo Balbín km 8.5,
-34.79253,-58.41663,Starbucks,Comida rápida,Avenida Antártida Argentina 801,
-34.46326,-58.50807,Sudeste,Comida rápida,Avenida Tiscornia 960,
-34.55669,-58.41364,Starbucks,Comida rápida,Avenida Costanera Rafael Obligado,
-34.61847,-58.43741,Starbucks,Comida rápida,Avenida Rivadavia 5071,
-34.55104,-58.46681,Starbucks,Comida rápida,Avenida Cabildo 3500,
-34.57436,-58.42659,Starbucks,Comida rápida,Avenida Intendente Bullrich 345,
-34.58926,-58.43077,Starbucks,Comida rápida,Serrano 1523,
-34.58716,-58.40769,Starbucks,Comida rápida,Billinghurst 2100,
-34.58824,-58.40990,Starbucks,Comida rápida,Avenida Coronel Díaz 2000,
-34.59235,-58.41269,Starbucks,Comida rápida,Avenida Coronel Díaz 1601,
-34.60330,-58.41068,Starbucks,Comida rápida,Avenida Corrientes 3247,
-34.58935,-58.39811,Starbucks,Comida rápida,Larrea 1551,
-34.59153,-58.37486,Starbucks,Comida rápida,Avenida Doctor José María Ramos Mejía 1450,
-34.59465,-58.37134,Starbucks,Comida rápida,Carlos M. Della Paolera 265,
-34.59753,-58.37877,Starbucks,Comida rápida,Esmeralda 902,
-34.59906,-58.37266,Starbucks,Comida rápida,Reconquista 751,
-34.59883,-58.37430,Starbucks,Comida rápida,San Martín 768,
-34.60440,-58.37170,Starbucks,Comida rápida,Sarmiento 342,
-34.60463,-58.38232,Starbucks,Comida rápida,Cerrito 336,
-34.60606,-58.37284,Starbucks,Comida rápida,Teniente General Juan Domingo Perón 430,
-34.60609,-58.37098,Starbucks,Comida rápida,25 de Mayo 152,
-34.60950,-58.38478,Starbucks,Comida rápida,Avenida de Mayo 1300,
-34.60941,-58.39715,Starbucks,Comida rápida,Avenida Rivadavia 2179,
-34.61147,-58.37871,Starbucks,Comida rápida,Moreno 877,
-34.61706,-58.38192,Starbucks,Comida rápida,Lima 717,
-34.61012,-58.37054,Starbucks,Comida rápida,Adolfo Alsina 300,
-34.67495,-58.45813,Starbucks,Comida rápida,Avenida General Francisco Fernández de La Cruz 4602,
-34.80508,-58.45934,Pizza Full,Comida rápida,Luis De Sarro,
-34.81592,-58.54176,Florida Garden,Comida rápida,Acceso Al Terminal De Exportación Particulares,
-34.60029,-58.38659,Café Martínez,Comida rápida,Uruguay 715,
-34.69860,-58.50871,Dagos,Comida rápida,Tuyutí,
-34.58003,-58.40903,Parolaccia Casa Tua Palermo,Comida rápida,Cerviño 3561,
-34.49319,-58.52960,Mattinata,Comida rápida,Catamarca 2188,
-34.76015,-58.20651,Korner Resto,Comida rápida,Avenida 14 - Juan Domingo Perón 5098,
-34.58648,-58.45501,El Viajero,Comida rápida,Avenida Federico Lacroze 4171,
-34.71107,-58.28325,3 Dragones,Comida rápida,Belgrano 424,
-34.60049,-58.36708,Bice Ristorante,Comida rápida,Juana Manuela Gorriti,
-34.61819,-58.39551,Rincón Norteño,Comida rápida,Avenida Independencia,
-34.70359,-58.31682,Burger King,Comida rápida,Las Flores 43,
-34.70307,-58.31610,Pizzeria Lo+Hot Wilde,Comida rápida,Mariano Moreno 6260,
-34.59370,-58.41424,SushiPop Izakaya,Comida rápida,Avenida Coronel Díaz 1426,
-34.78022,-58.34729,Gomerìa Lucas,Gomerías,Jorge 4531,
-34.79172,-58.31252,Lubricentro Ali,Talleres,Avenida Lacaze,
-34.55797,-58.41153,El Patio,Comida rápida,Avenida Costanera Rafael Obligado,
-34.55746,-58.41234,Moka & Deli,Comida rápida,Avenida Costanera Rafael Obligado,
-34.57780,-58.43822,Lepes,Comida rápida,Nicaragua 6055,
-34.64102,-58.56990,Antoinette,Comida rápida,Leandro N. Alem,
-34.82817,-58.39010,La Nueva Fama,Comida rápida,Carlos Pellegrini,
-34.82788,-58.38844,La Estacion,Comida rápida,Adolfo Alsina,
-34.60176,-58.40365,Lo De Victor,Comida rápida,Paso 610,
-34.53204,-58.47910,Arredondo,Comida rápida,Avenida Maipú,
-34.52293,-58.48397,Fugacheta,Comida rápida,Avenida Maipú 1599,
-34.59694,-58.44215,Lo de Fede,Comida rápida,Avenida Corrientes 5540,
-34.61130,-58.44698,La mejor pizza a la piedra,Comida rápida,Planes 980,
-34.59169,-58.41885,Los Remanseros,Comida rápida,Costa Rica,
-34.58048,-58.41319,Birkin,Comida rápida,República Árabe Siria 3061,
-34.46947,-58.51273,delaEsquina,Comida rápida,Ituzaingó 294,
-34.58556,-58.42563,Social Corazón,Comida rápida,Guatemala 4802,
-34.60160,-58.41543,El Banderín,Comida rápida,Guardia Vieja 3601,
-34.55658,-58.45248,Bartola,Comida rápida,Olazábal,
-34.52032,-58.53030,Fat Track,Comida rápida,Presidente Santiago Derqui 4958,
-34.61430,-58.38303,La Cacerola de Monserrat,Comida rápida,Venezuela,
-34.57388,-58.47317,Rentamoto,Insumos de motos,Holmberg 1936,
-34.81333,-58.53929,McDonald's,Comida rápida,Acceso Al Terminal De Exportación Particulares,
-34.64067,-58.52484,El Ricón de Pablo,Comida rápida,Bermejo,
-34.64103,-58.52503,Sr. Combo,Comida rápida,Carhué 165,
-34.58439,-58.43775,Buenos Aires Verde,Comida rápida,Gorriti 5657,
-34.64044,-58.52620,Cafe Chocolate,Comida rápida,Montiel,
-34.53465,-58.47827,Ramallo Club,Comida rápida,Adolfo Alsina,
-34.78641,-58.45421,Gomería,Gomerías,Ruta De La Tradición,
-34.78663,-58.45404,Taller de GNC,Talleres,Ruta De La Tradición,
-34.59269,-58.42257,Empanadas Don German,Comida rápida,El Salvador,
-34.59298,-58.42279,Taco Box,Comida rápida,Gascón,
-34.55935,-58.45950,Camila,Comida rápida,Blanco Encalada,
-34.55942,-58.45961,Shawarma,Comida rápida,"-34.55942, -58.45961",
-34.55948,-58.45971,Buenas Arepas,Comida rápida,Blanco Encalada 2453,
-34.62057,-58.37138,Café Plaza Dorrego,Comida rápida,Defensa,
-34.60130,-58.47216,Shell,Estaciones de servicio,Punta Arenas,
-34.56543,-58.51837,La Chacha,Comida rápida,50 - Maipú,
-34.61928,-58.37289,Pedro Telmo,Comida rápida,Bolívar 962,
-34.58510,-58.43586,Hell's Palermo,Comida rápida,Humboldt 1654,
-34.42051,-58.57228,Cachete Parador,Comida rápida,Las Casuarinas 228,
-34.61379,-58.44033,El Jardín,Comida rápida,Doctor Juan Felipe Aranguren 614,
-34.61395,-58.44072,Eddie,Comida rápida,Avenida Doctor Honorio Pueyrredón 499,
-34.58765,-58.39968,Delicious Café,Comida rápida,Laprida 2015,
-34.61094,-58.37861,Crepes,Comida rápida,Adolfo Alsina,
-34.57943,-58.43896,El Quinto Cocina Asiática,Comida rápida,Costa Rica 6020,
-34.58463,-58.44936,Feel in pita,Comida rápida,Jorge Newbery 3674,
-34.41973,-58.57991,Costa Sofía,Comida rápida,General Lavalle 369,
-34.59968,-58.43819,El Club de la Empanada,Comida rápida,Avenida Raúl Scalabrini Ortiz 313,
-34.64142,-58.52638,Llajuita,Comida rápida,Montiel,
-34.64068,-58.52644,Miriam,Comida rápida,Montiel,
-34.64075,-58.52644,Bonafide,Comida rápida,Montiel,
-34.64137,-58.52639,Delicias,Comida rápida,Montiel 191,
-34.64147,-58.52638,Las Delicias,Comida rápida,Montiel 197,
-34.58197,-58.44341,El Timón,Comida rápida,Avenida Dorrego,
-34.58211,-58.44355,El Dorrego,Comida rápida,Avenida Dorrego,
-34.59358,-58.62275,Coscolla Neumaticos,Talleres,Avenida Julio Argentino Roca,
-34.64088,-58.52747,Charo,Comida rápida,José León Suárez,
-34.61318,-58.43603,The Coffe Store,Comida rápida,Avellaneda 399,
-34.59829,-58.63566,Neumaticos Hurlingham S.R.L.,Talleres,Avenida Gobernador Valentín Vergara,
-34.59509,-58.63619,Magoo Bodegón,Comida rápida,Avenida Gobernador Valentín Vergara,
-34.61029,-58.37924,Latino sandwich,Comida rápida,Tacuarí,
-34.60926,-58.39621,Tienda de Pizzas & empanadas,Comida rápida,Junín 9,
-34.54047,-58.47432,Mr. Tasty,Comida rápida,Avenida Cabildo,
-34.59296,-58.40302,Norte,Comida rápida,Arenales,
-34.53295,-58.46771,Kansas,Comida rápida,Avenida del Libertador 105,
-34.53394,-58.46817,Muni,Comida rápida,Avenida del Libertador 88,
-34.64036,-58.54330,Mía Pizza,Comida rápida,137 - Avenida Rivadavia,
-34.64096,-58.52767,Jamuy Kayman,Comida rápida,José León Suárez,
-34.64143,-58.52764,Imperial II,Comida rápida,José León Suárez 189,
-34.60609,-58.42437,Italia,Comida rápida,Gascón 495,
-34.60584,-58.42434,El Residente,Comida rápida,Teniente General Juan Domingo Perón 4095,
-34.60582,-58.42505,Ateneo,Comida rápida,Teniente General Juan Domingo Perón,
-34.60582,-58.42562,Piedimonte,Comida rápida,Teniente General Juan Domingo Perón,
-34.60583,-58.42597,Encuentros,Comida rápida,Teniente General Juan Domingo Perón,
-34.61950,-58.37245,Bar! Merci,Comida rápida,Carlos Calvo 455,
-34.63985,-58.53415,Motos Red,Insumos de motos,137 - Avenida Rivadavia,
-34.58830,-58.42959,BNA Banca Digital,Comida rápida,Jorge Luis Borges 1680,
-34.61945,-58.37287,Saigon,Comida rápida,Bolívar 986,
-34.59596,-58.40275,Pizza Alla Pala,Comida rápida,Marcelo T. De Alvear,
-34.60421,-58.40520,Wok Asia,Comida rápida,Avenida Pueyrredón,
-34.58445,-58.43763,Buenos Aires Verde,Comida rápida,Gorriti,
-34.65546,-58.56956,Corsini Empanadas,Comida rápida,Coronel Brandsen 712,
-34.59043,-58.42729,The Burger Company,Comida rápida,Honduras 4733,
-34.60528,-58.38944,Lalo de Buenos Aires,Comida rápida,Montevideo 306,
-34.60605,-58.38512,Paco's,Comida rápida,Talcahuano 236,
-34.61769,-58.41948,Lo de rosendo,Comida rápida,Venezuela,
-34.79875,-58.39107,Filomena,Comida rápida,Esteban Adrogué 1102,
-34.56718,-58.54267,Dirty Burger,Comida rápida,79 - Ayacucho,
-34.57361,-58.44244,Ladobueno,Comida rápida,Jorge Newbery,
-34.58377,-58.44896,Ugarte,Gomerías,Charlone,
-34.57082,-58.44554,Bonafide,Comida rápida,Avenida Federico Lacroze 2459,
-34.58314,-58.45292,Subway,Comida rápida,Roseti,
-34.58430,-58.47799,D'Amore,Comida rápida,Ávalos,
-34.59293,-58.50212,Club Milanesa,Comida rápida,Avenida Salvador María Del Carril,
-34.58988,-58.48623,Taller Beiró,Talleres,Avenida Francisco Beiró,
-34.58853,-58.46918,Del Campo,Comida rápida,Estomba,
-34.59399,-58.50740,4ta Pared,Comida rápida,Habana,
-34.58583,-58.48998,Estación Alberdi,Comida rápida,Avenida Salvador María del Carril 2198,
-34.58774,-58.47086,Restaurante Tato II,Comida rápida,Avenida Estanislao del Campo 1700,
-34.58273,-58.45210,Whoopies,Comida rápida,Charlone,
-34.58232,-58.43411,PRANZO comida por peso PALERMO,Comida rápida,Fitz Roy 1951,
-34.52991,-58.47015,Import Racer,Gomerías,Avenida del Libertador 492,
-34.52961,-58.47033,Polaris,Insumos de motos,Avenida del Libertador 520,
-34.80828,-58.44482,La Ventana,Comida rápida,Boulevard Buenos Aires,
-34.60900,-58.38328,Plaza Asturias,Comida rápida,Avenida de Mayo 1185,
-34.62826,-58.44524,Lo De Abelardo,Comida rápida,José Bonifacio 1301,
-34.61862,-58.39739,Café Bar Cristóbal,Comida rápida,Pasco,
-34.61832,-58.39823,Kalinka Bistró,Comida rápida,Avenida Independencia,
-34.61867,-58.39907,Mistica Pizza & Coffee,Comida rápida,Pichincha,
-34.61868,-58.39880,La Gata Alegría,Comida rápida,Pichincha,
-34.48006,-58.50415,Negri Caffe,Comida rápida,Manzone,
-34.74247,-58.39442,La Matera,Comida rápida,Valentín Vergara,
-34.60290,-58.46533,Bonafide,Comida rápida,Avenida San Martín,
-34.60008,-58.46516,Pito Cuatro,Comida rápida,Cucha Cucha,
-34.48059,-58.50267,Amada,Comida rápida,Eduardo Costa,
-34.83569,-58.46677,Taller Mecanico,Talleres,Avenida Pedro Dreyer,
-34.83568,-58.46673,Taller de Caños de Escapes,Talleres,Avenida Pedro Dreyer,
-34.83537,-58.46613,Gomeria,Talleres,Avenida Pedro Dreyer,
-34.64015,-58.54976,HG Ruedas,Gomerías,Avenida Rivadavia 13020,
-34.55621,-58.45188,Mian,Comida rápida,Olazábal,
-34.58970,-58.41706,Registrado,Comida rápida,Medrano,
-34.58538,-58.43613,Sunae Asian Cantina,Comida rápida,Humboldt,
-34.58898,-58.43063,Amamosla Pizza,Comida rápida,Serrano,
-34.63268,-58.50076,Anibal,Talleres,Morón,
-34.55397,-58.46372,Il Trento,Comida rápida,Avenida Cabildo,
-34.63830,-58.56418,The Coffee Store,Comida rápida,Doctor Raúl Scalabrini Ortiz,
-34.61987,-58.43166,Aires de Campo,Comida rápida,Guayaquil,
-34.62624,-58.43750,Morelia,Comida rápida,San José De Calasanz,
-34.64173,-58.52687,Del Valle,Comida rápida,Ibarrola,
-34.55639,-58.44765,Shanghai Express,Comida rápida,Avenida Del Libertador 6037,
-34.64174,-58.52637,Cabaña,Comida rápida,Montiel,
-34.64173,-58.52682,Chiken Valley,Comida rápida,Ibarrola,
-34.63200,-58.53061,Val-Rod,Talleres,Diagonal 11 - General José María Paz 682,
-34.59453,-58.40257,El Olmo,Comida rápida,Avenida Santa Fe,
-34.60625,-58.39233,El tropezón,Comida rápida,Avenida Callao,
-34.76875,-58.39835,Jarana,Comida rápida,Coronel Pringles,
-34.60419,-58.39376,Havanna,Comida rápida,Riobamba,
-34.59601,-58.53505,La familia,Comida rápida,421 - Juan Bautista Anchordoqui,
-34.60557,-58.43956,Comidas para Llevar Los Chanchitos,Comida rápida,Avenida Ángel Gallardo 601,
-34.54090,-58.47400,Mukimae,Comida rápida,Avenida Cabildo,
-34.64176,-58.52716,Mi Perú,Comida rápida,Ibarrola,
-34.64176,-58.52712,Miriam,Comida rápida,Ibarrola,
-34.64178,-58.52703,Maxxi,Comida rápida,Ibarrola,
-34.63789,-58.36294,La Gran Pocha,Comida rápida,Olavarría,
-34.61699,-58.39256,Encuentro norteño,Comida rápida,Chile,
-34.76250,-58.39664,Sarandi 99,Comida rápida,Sarandi 99,
-34.62549,-58.47767,Lo de Facundo,Comida rápida,Morón,
-34.62426,-58.45437,Licurí,Comida rápida,Yerbal,
-34.59680,-58.46435,Spot,Comida rápida,General Manuel A. Rodríguez,
-34.62904,-58.46285,Mostaza,Comida rápida,Avenida Rivadavia,
-34.62442,-58.45480,El Rápido,Comida rápida,Yerbal,
-34.55577,-58.45041,Sablée,Comida rápida,Montañeses 2284,
-34.57950,-58.42443,El Secreto de Oro,Comida rápida,Avenida Santa Fe 4500,
-34.66827,-58.50736,El puente Chicago,Comida rápida,Avenida de los Corrales,
-34.58073,-58.44213,Salvaje Backery,Comida rápida,Dorrego 1829,
-34.58807,-58.43464,Parrilla Voro,Comida rápida,José Antonio Cabrera,
-34.58776,-58.42768,Bulls bbq smokehouse,Comida rápida,Costa Rica,
-34.72005,-58.26293,Renault,Talleres,Conesa,
-34.64167,-58.56998,Neumáticos Rubén,Talleres,Avenida Rivadavia,
-34.61674,-58.39182,Pizza Alla Pala,Comida rápida,Avenida Entre Ríos 699,
-34.59236,-58.38930,Nataria Portuguesa,Comida rápida,Vicente López 1624,
-34.61554,-58.44909,Full,Comida rápida,Espinosa 605,
-34.64183,-58.52858,Copacabana,Comida rápida,Ibarrola,
-34.64182,-58.52777,Bar La Norita,Comida rápida,Ibarrola,
-34.52526,-58.48329,Vera del río,Comida rápida,Avenida Maipú 1396,
-34.52462,-58.48371,Vivaburga,Comida rápida,Avenida Maipú,
-34.61571,-58.41423,Gallego,Comida rápida,Virrey Liniers,
-34.77381,-58.28209,Demetrio,Comida rápida,Ana María Estevao,
-34.58969,-58.40031,Big Pizza,Comida rápida,Avenida Pueyrredón 1846,
-34.58992,-58.40003,Miro,Comida rápida,Avenida Pueyrredón 1841,
-34.64251,-58.52735,El Sabrosito Perú,Comida rápida,José León Suárez,
-34.64203,-58.52737,El Conejo,Comida rápida,"-34.64203, -58.52737",
-34.64245,-58.52736,El Coco,Comida rápida,José León Suárez,
-34.64250,-58.52758,Rosa Bar,Comida rápida,José León Suárez,
-34.55567,-58.45809,Biblos,Comida rápida,Arcos,
-34.64304,-58.52820,Parrilla Tito 35,Comida rápida,Ventura Bosch,
-34.60809,-58.44636,La 10,Comida rápida,General Martín De Gainza,
-34.60812,-58.44776,Gomeria,Talleres,General Manuel A. Rodríguez,
-34.64182,-58.52610,La Florida,Comida rápida,Montiel,
-34.81107,-58.49260,Gomeria,Talleres,Avenida V. Fair,
-34.83139,-58.49259,Gomeria,Talleres,Ángela González De Barbieri,
-34.64204,-58.52636,El César,Comida rápida,Montiel 237,
-34.57759,-58.53656,Central de Pizzas y Empanadas,Comida rápida,89 - Intendente Alberto Manuel Campos 1966,
-34.63963,-58.53134,La Parrillita,Comida rápida,137 - Avenida Rivadavia,
-34.61106,-58.44310,Café Martínez,Comida rápida,Avenida Doctor Honorio Pueyrredón 796,
-34.61172,-58.44260,La blonde,Comida rápida,Avenida Doctor Honorio Pueyrredón 724,
-34.61207,-58.44236,Cutter's,Comida rápida,Doctor Honorio Pueyrredón,
-34.61362,-58.46600,Taller Balanço motos,Insumos de motos,Boyacá,
-34.55395,-58.44758,River Motors,Talleres,Olazábal,
-34.55406,-58.44824,Corte Comedor,Comida rápida,Migueletes,
-34.79658,-58.41161,la mamma,Comida rápida,San Pablo,
-34.79929,-58.40995,parrilla,Comida rápida,General Frías,
-34.79565,-58.40930,parrilla,Comida rápida,San Pablo,
-34.79984,-58.40916,sin nombre,Comida rápida,General Frías,
-34.58842,-58.43256,Crizia,Comida rápida,Gorriti,
-34.62116,-58.44091,Parrilla Caballito,Comida rápida,Del Barco Centenera 138,
-34.76408,-58.40149,Wanted,Comida rápida,Italia 298,
-34.76661,-58.40201,Club Milanesa,Comida rápida,Sixto Fernández 292,
-34.77441,-58.39411,La Fronterita,Comida rápida,14 de Julio 92,
-34.55466,-58.43922,San Gennaro,Comida rápida,Dragones,
-34.55419,-58.43654,Paru,Comida rápida,Castañeda,
-34.55425,-58.43820,Bataxa,Comida rápida,Ramsay,
-34.50902,-58.49155,La Birra Bar,Comida rápida,Avenida Maipú,
-34.59554,-58.43875,La Birra Bar,Comida rápida,Gurruchaga 729,
-34.58086,-58.45045,La Birra Bar,Comida rápida,Avenida Álvarez Thomas 540,
-34.62038,-58.37212,La Birra Bar,Comida rápida,Don Anselmo Aieta 1083,
-34.56787,-58.45705,Olivia,Comida rápida,Vidal,
-34.60198,-58.37385,Take & Coffee,Comida rápida,San Martín 521,
-34.55232,-58.45763,Champagne Express,Comida rápida,3 De Febrero,
-34.54342,-58.46316,Besares,Comida rápida,Paroissien,
-34.54756,-58.46616,Traiano,Comida rápida,Arcos 3663,
-34.55155,-58.45757,Magoo,Talleres,"-34.55155, -58.45757",
-34.59824,-58.38042,SM Parrilla,Comida rápida,Paraguay,
-34.56652,-58.44735,Nucha,Comida rápida,Zabala,
-34.56769,-58.44735,Rita,Comida rápida,Vuelta de Obligado 1183,
-34.59015,-58.42991,Paul French Gallery,Comida rápida,Gorriti 4865,
-34.63967,-58.36246,Encuentro Nativo,Comida rápida,Magallanes 854,
-34.62740,-58.51994,E Garage,Talleres,Avenida Arregui,
-34.63743,-58.40022,El Buen Gusto,Comida rápida,Luna 100,
-34.62008,-58.43403,Army,Comida rápida,Guayaquil,
-34.61918,-58.43434,Army,Comida rápida,Rosario,
-34.59963,-58.36504,Croque Madame,Comida rápida,Pierina Dealessi 141,
-34.58481,-58.43691,CHIC | Fuegos & Vinos - Parrilla Premium Palermo,Comida rápida,Fitz Roy 1617,
-34.59730,-58.43620,La Esperanza de los Ascurra,Comida rápida,Aguirre,
-34.68578,-58.56158,Ciudad Moto,Insumos de motos,Avenida Brigadier General Juan Manuel De Rosas,
-34.60421,-58.59510,Petit Plaisir,Comida rápida,736 - Rosetti 6273,
-34.65260,-58.50394,KFC,Comida rápida,Avenida Juan Bautista Alberdi 5963,
-34.56121,-58.44345,Azul Café,Comida rápida,Virrey Del Pino 1581,
-34.60350,-58.44417,El Torito de Villa Crespo,Comida rápida,Coronel Apolinario Figueroa 198,
-34.72036,-58.25590,Vannille Café & Pastelería,Comida rápida,Alvear,
-34.72302,-58.26036,La Continental,Comida rápida,Avenida Hipólito Yrigoyen,
-34.72333,-58.25991,Pizzería Rivadavia,Comida rápida,Rivadavia,
-34.72044,-58.25806,Subway,Comida rápida,Nicolás Videla,
-34.72394,-58.25621,Bonafide,Comida rápida,Lavalle,
-34.58122,-58.44057,Los Tatas,Comida rápida,Arévalo,
-34.58109,-58.44041,Bodensee,Comida rápida,Honduras,
-34.72176,-58.25863,Bonafide,Comida rápida,Alsina,
-34.72095,-58.25700,Korner Cafe,Comida rápida,Alsina,
-34.72280,-58.25434,Subway,Comida rápida,Garibaldi,
-34.60199,-58.36958,Solera,Comida rápida,Lavalle,
-34.60195,-58.36928,Tícaro,Comida rápida,Lavalle,
-34.60788,-58.44361,Vikko,Comida rápida,Avenida Díaz Vélez 5499,
-34.62275,-58.47602,Restaurante Yugane,Comida rápida,Páez 3063,
-34.66246,-58.60506,Telepiza,Comida rápida,Juan Maza,
-34.61582,-58.44087,Rinvol,Comida rápida,Neuquén,
-34.66209,-58.51691,Boxes,Talleres,Avenida General Paz,
-34.60892,-58.44939,Lo de Mario,Comida rápida,Avenida Gaona,
-34.59250,-58.40640,El Progreso,Comida rápida,Avenida Santa Fe,
-34.73195,-58.24816,Axion,Estaciones de servicio,Primera Junta,
-34.60778,-58.56233,Café Martínez,Comida rápida,643 - Avenida del Libertador General José de San Martín 2785,
-34.60567,-58.56424,Adela's,Comida rápida,604 - Justo José De Urquiza,
-34.60590,-58.56588,Lo de Carlitos,Comida rápida,604 - Justo José De Urquiza,
-34.60825,-58.56235,Santa Lucía,Comida rápida,643 - Avenida del Libertador General José de San Martín 2819,
-34.58719,-58.43190,Sao Paolo,Comida rápida,Uriarte 1616,
-34.60905,-58.44123,Teglia,Comida rápida,Hidalgo 889,
-34.72782,-58.27845,YPF,Estaciones de servicio,Avenida Rodolfo López,
-34.62034,-58.44124,Roma Espresso,Comida rápida,Avenida Rivadavia,
-34.61582,-58.44325,Pinocho,Comida rápida,Neuquén,
-34.56964,-58.44172,Mezze Delicatessen,Comida rápida,Gorostiaga 2295,
-34.65132,-58.62102,Mostaza,Comida rápida,General Belgrano,
-34.55791,-58.44756,Black Rider,Insumos de motos,Echeverría 1537,
-34.63885,-58.52609,Club Sandwich,Comida rápida,Avenida Rivadavia,
-34.55818,-58.44802,Trak,Comida rápida,Echeverría,
-34.63888,-58.52650,Club Burger,Comida rápida,Avenida Rivadavia,
-34.60665,-58.44946,Crack,Comida rápida,General Manuel A. Rodríguez,
-34.62827,-58.46600,Loriga,Comida rápida,Yerbal 2599,
-34.59295,-58.42832,Barú,Comida rápida,José Antonio Cabrera 4603,
-34.61970,-58.41367,Neumáticos Berelejis,Talleres,México 3376,
-34.61987,-58.41405,Jaimito,Comida rápida,Virrey Liniers 709,
-34.58247,-58.37681,Bar Tia Rosa,Comida rápida,Inmigrantes 1,
-34.62783,-58.39627,Viola Automotores,Talleres,Avenida Juan de Garay 2269,
-34.55526,-58.45390,Tyta,Comida rápida,Múnich,
-34.64834,-58.61953,Mirador Dos,Comida rápida,Presidente Sarmiento,
-34.55461,-58.45476,Venta por Peso,Comida rápida,11 De Septiembre De 1888,
-34.64835,-58.61879,McDonald's,Comida rápida,Presidente Sarmiento,
-34.47567,-58.55592,Quinta El Ombú,Comida rápida,Avenida Sucre,
-34.65289,-58.48439,POLLOS CAMPEON,Comida rápida,Avenida San Juan Bautista de Lasalle 1726,
-34.56793,-58.45766,The Best,Comida rápida,Elcano,
-34.59439,-58.39800,Beio,Comida rápida,Arenales 2198,
-34.64809,-58.61862,El Riel,Comida rápida,Presidente Sarmiento,
-34.56353,-58.43848,Al Zein,Comida rápida,Avenida Federico Lacroze 1660,
-34.55838,-58.44940,Pulpo,Comida rápida,Pasaje Juramento 1700,
-34.55839,-58.44933,Churros,Comida rápida,Pasaje Echeverria 1677,
-34.59717,-58.44741,Nostra,Comida rápida,Murillo,
-34.63328,-58.50427,M&R Repuestos,Talleres,General César Díaz,
-34.63985,-58.53381,Euro Repar,Talleres,137 - Avenida Rivadavia,
-34.79979,-58.44368,Bonanza,Comida rápida,Ruta De La Tradición,
-34.83327,-58.46233,Gomaría Los Chicos,Talleres,Avenida Pedro Dreyer,
-34.55787,-58.44839,Big Pizza,Comida rápida,Montañeses 2031,
-34.67433,-58.50092,Helix Lubricación,Talleres,Avenida General Paz,
-34.58705,-58.48225,Ricardo Cajigal,Talleres,Avenida De Los Incas,
-34.56762,-58.45520,Churros El Topo,Comida rápida,Virrey Del Pino 2617,
-34.67518,-58.56317,Cho,Comida rápida,Doctor Arturo Illia 2398,
-34.56397,-58.60248,La Cubana,Comida rápida,922 - Río de la Plata 9178,
-34.64834,-58.61883,Hamburguesas & Hot Dogs,Comida rápida,Presidente Sarmiento,
-34.63563,-58.59057,Haedo Plaza,Comida rápida,Avenida Presidente Perón,
-34.63073,-58.56106,La Mema,Comida rápida,De Los Derechos Humanos,
-34.54191,-58.47020,Gigi Pappy,Comida rápida,Ramallo,
-34.59391,-58.41837,Steaks by Louis,Comida rápida,Jerónimo Salguero 1410,
-34.55254,-58.42455,El rey de la bondiola,Comida rápida,Avenida Costanera Rafael Obligado,
-34.46482,-58.51081,Bestia,Comida rápida,Primera Junta 702,
-34.59168,-58.38904,Aramburu,Comida rápida,Vicente López 1661,
-34.57813,-58.43742,Aldo's Restoran Vinoteca Palermo,Comida rápida,Arévalo 2032,
-34.63641,-58.55295,Taller integral del automotor,Talleres,288 - Mariano Acosta,
-34.51877,-58.50092,El Golf pizzería,Comida rápida,"-34.51877, -58.50092",
-34.60894,-58.37768,Bullanga,Comida rápida,Avenida de Mayo 798,
-34.66884,-58.31090,Establecimiento del abuelo,Comida rápida,El Ceibal,
-34.59666,-58.56319,Fábrica de Pastas,Comida rápida,Lisandro Medina 1592,
-34.68819,-58.39791,Organización Sur,Talleres,Fray Julián Lagos,
-34.55826,-58.44963,Michi,Comida rápida,"-34.55826, -58.44963",
-34.55828,-58.44957,Feng Wei,Comida rápida,Juramento 1698,
-34.62458,-58.53101,La Retro,Comida rápida,Diagonal 11 - General José María Paz,
-34.55763,-58.44861,Al-Amir,Comida rápida,Montañeses 2073,
-34.54522,-58.48717,Paso & Peso,Comida rápida,Avenida Melián,
-34.55990,-58.45772,Big Dog,Comida rápida,Olazábal 2344,
-34.55849,-58.44570,Baltha,Comida rápida,Mariscal Antonio José De Sucre,
-34.55839,-58.44553,Casa Suri,Comida rápida,"-34.55839, -58.44553",
-34.58779,-58.44267,La Noire,Comida rápida,Bonpland,
-34.59571,-58.41391,Moonay,Comida rápida,Billinghurst 1190,
-34.57413,-58.46082,Empanadas Salteñas,Comida rápida,Zarraga,
-34.58725,-58.42978,Juan Pedro Caballero,Comida rápida,Thames,
-34.61919,-58.37275,Je suis raclette,Comida rápida,Mercado San Telmo,
-34.84804,-58.50587,McDonald's,Comida rápida,"-34.84804, -58.50587",
-34.50622,-58.48004,Al Rayan,Comida rápida,Avenida del Libertador,
-34.50399,-58.48097,La Guitarrita,Comida rápida,Avenida del Libertador 2845,
-34.58220,-58.44204,Cucina Paradiso,Comida rápida,Arévalo,
-34.61754,-58.37636,Nikkai,Comida rápida,Avenida Independencia,
-34.60861,-58.38322,Siete,Comida rápida,Rivadavia,
-34.58749,-58.42975,Arte de Mafia,Comida rápida,El Salvador,
-34.58910,-58.42437,Kusikai Perú,Comida rápida,Malabia 1893,
-34.60118,-58.41696,Parrilla Nico,Comida rápida,Guardia Vieja,
-34.61021,-58.37380,Coffee Place,Comida rápida,Adolfo Alsina 519,
-34.58824,-58.45075,Donnet,Comida rápida,Avenida Jorge Newbery 4081,
-34.58575,-58.44996,Culpina,Comida rápida,Avenida Jorge Newbery 3799,
-34.58317,-58.44807,Ajo Negro,Comida rápida,Avenida Córdoba 6237,
-34.59273,-58.46777,Santa Inés,Comida rápida,Ávalos 360,
-34.59837,-58.45108,Darwin,Comida rápida,Darwin 62,
-34.61181,-58.51750,Subway,Comida rápida,José Pedro Varela 4866,
-34.60224,-58.37648,Gringo,Comida rápida,Lavalle,
-34.61545,-58.38759,Lo Rafael,Comida rápida,México 1501,
-34.61271,-58.37344,Enitma - Café Reserva,Comida rápida,Avenida Belgrano 502,
-34.55389,-58.44982,Tea Connection,Comida rápida,Avenida Del Libertador 6295,
-34.57065,-58.43121,Café Maitre,Comida rápida,Arce 387,
-34.58437,-58.44819,Obrador Las Damas,Comida rápida,Santos Dumont,
-34.81533,-58.48804,Taller Mecánico,Talleres,Antonio Cervetti,
-34.59306,-58.42449,Santa Evita,Comida rápida,Julián Álvarez 1479,
-34.51426,-58.47430,La Malvada,Comida rápida,Juan Díaz de Solís 1880,
-34.64182,-58.52637,Corazón de mi tierra,Comida rápida,Montiel,
-34.60581,-58.42687,Piedimonte Full,Comida rápida,Teniente General Juan Domingo Perón,
-34.81715,-58.47016,La Casa de la Fondue,Comida rápida,"-34.81715, -58.47016",
-34.61050,-58.40748,Lo Del Bachicha,Comida rápida,Catamarca,
-34.58385,-58.42864,La Boqueria,Comida rápida,Soler 5101,
-34.60518,-58.39204,Kentucky,Comida rápida,Avenida Callao,
-34.42166,-58.57620,Lopez May,Comida rápida,Sáenz Peña 1400,
-34.74722,-58.22483,El Gaucho,Comida rápida,Esquel,
-34.80154,-58.39541,La Parri,Comida rápida,Samuel Miguel Spiro 696,
-34.80130,-58.39554,Tirifilo El Bodegón,Comida rápida,Almirante Cordero 694,
-34.60209,-58.41800,Doña,Comida rápida,Humahuaca,
-34.81749,-58.46730,KFC,Comida rápida,Leandro N. Alem,
-34.59382,-58.39558,La Barcelonesa,Comida rápida,Ayacucho,
-34.79370,-58.48177,Gomeria,Talleres,Avenida Luis Vernet,
-34.50806,-58.47860,Orno,Comida rápida,Corrientes 402,
-34.59549,-58.43001,Oh’No! Lulu,Comida rápida,Aráoz 1019,
-34.59779,-58.37949,Mr. Ho,Comida rápida,Paraguay 884,
-34.54959,-58.47324,Jornal,Comida rápida,Avenida García del Río 2802,
-34.59422,-58.42100,Maricafé,Comida rápida,Avenida Honduras 4096,
-34.56442,-58.46305,Caffeine,Comida rápida,Conesa 2199,
-34.56880,-58.43625,Tomasso,Comida rápida,Jorge Newbery 1905,
-34.60075,-58.38843,Awen,Comida rápida,Viamonte,
-34.60083,-58.39087,Dellepiane,Comida rápida,Viamonte,
-34.58015,-58.47101,Deney's Food,Comida rápida,Donado 1314,
-34.57856,-58.47464,Balestrini,Talleres,Ballivián,
-34.75778,-58.27526,KFC,Comida rápida,General Acha,
-34.58706,-58.43277,La Favorita,Comida rápida,Honduras 5288,
-34.58244,-58.44234,"Sí, Pastrón",Comida rápida,Arévalo 1502,
-34.56939,-58.49236,Krozz,Comida rápida,Quesada,
-34.59034,-58.40896,El Sanjuanino,Comida rápida,Sánchez de Bustamante 1788,
-34.60111,-58.39645,Pérez Rodríguez,Talleres,Viamonte,
-34.60105,-58.39576,Whoopies,Comida rápida,Ayacucho,
-34.60116,-58.40246,Facundo,Comida rápida,Larrea,
-34.57520,-58.46013,Pérez-H,Comida rápida,Virrey Avilés,
-34.64848,-58.61999,Papas Terra,Comida rápida,Presidente Sarmiento,
-34.55615,-58.44949,Ma La Tang,Comida rápida,Mendoza,
-34.55648,-58.44952,Royal Mansion,Comida rápida,Montañeses,
-34.63605,-58.36370,La Cancha,Comida rápida,Del Valle Iberlucea,
-34.63925,-58.36168,La Perla,Comida rápida,Avenida Don Pedro de Mendoza 1899,
-34.60239,-58.37379,Café Marini,Comida rápida,San Martín 487,
-34.63825,-58.57360,Franchesco,Comida rápida,Avenida Presidente Perón,
-34.58600,-58.39615,Florencio,Comida rápida,Francisco de Vittoria 2363,
-34.46592,-58.51805,Bodegón El Ribereño,Comida rápida,Chile 193,
-34.44668,-58.53182,Le Coq Doré,Comida rápida,Vito Dumas 321,
-34.63763,-58.36298,La Super Boquense,Comida rápida,Del Valle Iberlucea 1061,
-34.62026,-58.47413,Comacchio,Comida rápida,Avenida Gaona 3495,
-34.61922,-58.37234,El Hornero,Comida rápida,Carlos Calvo,
-34.63300,-58.57318,taller en 2/3,Talleres,3 De Febrero,
-34.57020,-58.43229,Bajan,Comida rápida,Arce 488,
-34.59702,-58.38815,Vanshelato,Comida rápida,Marcelo T. De Alvear,
-34.60349,-58.38073,Tostado Cafe Club,Comida rápida,Avenida Corrientes,
-34.61810,-58.36970,Shell,Estaciones de servicio,Avenida Paseo Colón,
-34.62779,-58.37092,Parrilla 1880,Comida rápida,Defensa 1665,
-34.61961,-58.37161,Cosecha,Comida rápida,Carlos Calvo,
-34.59090,-58.42468,Cartago,Comida rápida,Scalabrini Ortiz 1601,
-34.60784,-58.47870,Brillante,Comida rápida,Álvarez Jonte 2594,
-34.61583,-58.45867,Ugarte,Gomerías,Neuquén 1801,
-34.62001,-58.45687,Pekín,Comida rápida,Aranguren 1803,
-34.59075,-58.42925,Chinofino,Comida rápida,Gorriti 4802,
-34.61679,-58.36306,Il Fiume,Comida rápida,Olga Cossetinni 1651,
-34.56307,-58.46147,Buenos Aires Verde,Comida rápida,Vidal,
-34.58761,-58.39063,La Panera Rosa,Comida rápida,Presidente Roberto M. Ortiz,
-34.60576,-58.40593,Wok Express,Comida rápida,Avenida Pueyrredón,
-34.62843,-58.46458,Pizza Joy,Comida rápida,General José Gervasio Artigas,
-34.62510,-58.44078,La Panera Rosa,Comida rápida,Valle 902,
-34.59819,-58.37679,La Sonada,Comida rápida,Maipú,
-34.58883,-58.39154,Cümen- Cümen,Comida rápida,Guido,
-34.63873,-58.56623,Chimichurri,Comida rápida,Martín Miguel de Güemes 139,
-34.62107,-58.40139,Bar Café La Humedad,Comida rápida,Carlos Calvo 2540,
-34.55687,-58.44782,Tienda de Café,Comida rápida,Avenida Del Libertador 1504,
-34.65417,-58.50426,Arceo,Comida rápida,Murguiondo 1669,
-34.58544,-58.42702,Paquito,Comida rápida,Thames,
-34.63874,-58.36205,Panadería,Comida rápida,General Gregorio Aráoz De Lamadrid,
-34.60853,-58.39186,Coffee Center,Comida rápida,Avenida Callao,
-34.58408,-58.37521,McDonald's,Comida rápida,Rodolfo Walsh,
-34.62503,-58.50242,Maby's,Comida rápida,San Blas 4802,
-34.61978,-58.37033,El Patio de Cabo Verde,Comida rápida,Balcarce,
-34.68631,-58.41235,Quique Mansilla,Talleres,Avenida Bernardino Rivadavia,
-34.60458,-58.39247,Squzi,Comida rápida,Avenida Callao 398,
-34.57100,-58.42220,Lucciano's,Comida rápida,Ciclovía Del Libertador,
-34.59809,-58.44873,Quick Lane,Talleres,Avenida Juan Bautista Justo,
-34.56486,-58.43973,FLP,Comida rápida,Avenida Federico Lacroze,
-34.56576,-58.43731,Casa de Empanadas,Comida rápida,"-34.56576, -58.43731",
-34.56530,-58.44017,Pancho Hot,Comida rápida,Avenida Federico Lacroze 1896,
-34.63443,-58.50640,Entre Amigos,Comida rápida,Avenida Juan Bautista Justo,
-34.62568,-58.48696,Marjos,Comida rápida,Avenida Juan Bautista Justo,
-34.63703,-58.52522,A Todo Ritmo,Comida rápida,Bynon,
-34.56545,-58.43784,Las Palmeras,Comida rápida,Soldado De La Independencia,
-34.55558,-58.46803,Pizza Vegana,Comida rápida,Vidal,
-34.55809,-58.46981,Milenio,Comida rápida,Zapiola,
-34.55952,-58.45977,Lattentate,Comida rápida,Blanco Encalada,
-34.54890,-58.45383,Car Detailing,Talleres,Avenida Guillermo Udaondo,
-34.56936,-58.50828,Taller JC,Talleres,Crisólogo Larralde,
-34.61629,-58.53035,La Esquina de Fátima,Comida rápida,Avenida General Paz,
-34.62588,-58.52979,Gomería,Talleres,Avenida General Paz,
-34.55968,-58.45296,The Coffe Store,Comida rápida,Avenida Juramento 1995,
-34.64456,-58.49584,ByB service,Talleres,Escalada 775,
-34.59471,-58.40207,McDonald's,Comida rápida,Avenida Santa Fe,
-34.58775,-58.48322,Marketcar,Gomerías,Avenida De Los Incas,
-34.60245,-58.50584,Del Popolo,Comida rápida,Ricardo Gutiérrez Sur,
-34.56759,-58.45515,Cümen - Cümen,Comida rápida,Virrey Del Pino,
-34.62420,-58.40701,La Posta,Comida rápida,La Rioja,
-34.58307,-58.47697,Pizza Colli,Comida rápida,Avenida de los Incas 4711,
-34.60893,-58.51654,Manfred,Comida rápida,Avenida Francisco Beiró,
-34.63612,-58.52275,Zion,Comida rápida,Barragán,
-34.56682,-58.45387,La Argentina,Comida rápida,Ciudad de la Paz 1601,
-34.55342,-58.46409,Vai Avanti,Comida rápida,Iberá,
-34.58137,-58.47479,Winer,Comida rápida,Cádiz,
-34.58819,-58.48377,Lubricentro,Talleres,Avenida De Los Incas,
-34.56771,-58.45536,Kaiteki,Comida rápida,Virrey Del Pino,
-34.63735,-58.52260,Tabaré,Comida rápida,Barragán,
-34.61782,-58.52983,Big Pizza,Comida rápida,Avenida Francisco Beiró,
-34.57609,-58.45970,La Guitarrita,Comida rápida,Avenida Elcano,
-34.59806,-58.49888,Taller Integral,Talleres,"-34.59806, -58.49888",
-34.59926,-58.50141,La Mulita,Comida rápida,Avenida Francisco Beiró,
-34.57655,-58.46005,Mi Barrio,Comida rápida,Avenida Elcano,
-34.46488,-58.56875,Gomería La 8,Gomerías,Carlos Casares,
-34.57532,-58.46022,Ròncole,Comida rápida,Virrey Avilés,
-34.64037,-58.53007,El Tigre,Comida rápida,Diagonal 11 - Colectora General José María Paz 85,
-34.59506,-58.49462,Centro Motos Repuestos,Insumos de motos,Avenida Francisco Beiró 2909,
-34.61664,-58.52829,San José,Comida rápida,Víctor Hugo,
-34.58854,-58.48368,San Guche,Comida rápida,Avenida De Los Incas,
-34.63881,-58.52752,El Cabezón,Comida rápida,"-34.63881, -58.52752",
-34.61416,-58.52495,Café Presto,Comida rápida,Avenida Lope De Vega,
-34.63985,-58.53008,Parrilla Tigre,Comida rápida,"-34.63985, -58.53008",
-34.60034,-58.50324,Juanito,Comida rápida,"-34.60034, -58.50324",
-34.61034,-58.51940,Sólo Empanadas,Comida rápida,Avenida Francisco Beiró,
-34.60791,-58.51542,Bonafide,Comida rápida,Avenida Francisco Beiró,
-34.48633,-58.61700,Ugi's,Comida rápida,Avenida Ángel Torcuato de Alvear 2908,
-34.54737,-58.46971,Tomasso,Comida rápida,Avenida Cabildo 3938,
-34.58782,-58.48329,Rombo Los Incas,Talleres,Avenida De Los Incas,
-34.58373,-58.47785,Menzarna,Talleres,Avenida De Los Incas,
-34.58723,-58.48246,Arkoracing,Talleres,Avenida De Los Incas,
-34.58807,-58.48361,Sacabollos,Talleres,Burela,
-34.59959,-58.50132,Big Pizza,Comida rápida,Avenida Francisco Beiró,
-34.61553,-58.52735,Pizza Goll,Comida rápida,Avenida Francisco Beiró,
-34.54771,-58.47752,Automóviles Especiales,Talleres,Zapiola 4192,
-34.54851,-58.48176,Taller Los Hermanos,Talleres,Ruiz Huidobro 3362,
-34.55206,-58.48452,Taller Electromecánico Norberto,Talleres,Vilela 3884,
-34.54863,-58.47334,Taller Vidal,Talleres,Vidal 3851,
-34.55113,-58.47689,Pres-car,Talleres,Manzanares 3237,
-34.55240,-58.46694,Radiadores Daniel,Talleres,Ciudad de la Paz 3287,
-34.54672,-58.47841,El Mejor,Talleres,Ruiz Huidobro 3027,
-34.54617,-58.47972,Taller Correa,Talleres,Correa 3085,
-34.55516,-58.47911,Montero Hermanos,Talleres,Crisólogo Larralde 3650,
-34.55929,-58.45230,Tienda de Café,Comida rápida,Avenida Juramento 1905,
-34.58775,-58.39810,La Plaza,Comida rápida,Juan María Gutiérrez,
-34.57240,-58.45884,Bonafide,Comida rápida,Avenida Elcano 3126,
-34.59908,-58.46450,Taller Rodolfo,Talleres,Maturín,
-34.56720,-58.45490,Miro,Comida rápida,Amenábar,
-34.63933,-58.52663,Empanada Manía,Comida rápida,Avenida Rivadavia,
-34.51065,-58.52654,Tío Coco,Comida rápida,Colectora Panamericana Oeste,
-34.59768,-58.49828,La Cocinita,Comida rápida,Avenida Francisco Beiró,
-34.59770,-58.49833,Sólo Empanadas,Comida rápida,Avenida Francisco Beiró,
-34.65167,-58.61105,johnny,Comida rápida,Feliciano Chiclana,
-34.59816,-58.49908,Vida Sana,Comida rápida,Avenida Francisco Beiró,
-34.65445,-58.52976,Minimarket,Comida rápida,Hernandarias,
-34.61063,-58.41498,Don Ignacio,Comida rápida,Avenida Rivadavia,
-34.60092,-58.37408,La Posada de 1820,Comida rápida,Tucumán,
-34.60088,-58.37381,Bonafide,Comida rápida,Tucumán,
-34.60072,-58.37394,Rialto lV,Comida rápida,San Martín,
-34.61177,-58.42211,Los Orientales,Comida rápida,Avenida Rivadavia,
-34.61018,-58.42447,Rincon Norteño,Comida rápida,Bartolomé Mitre,
-34.58162,-58.47451,Natural Food,Comida rápida,Avenida de los Incas 4512,
-34.57429,-58.45947,Tienda de Cafe,Comida rápida,Superí,
-34.61302,-58.52380,Costumbres al Paso,Comida rápida,Avenida Francisco Beiró,
-34.57771,-58.46833,Ortúzar,Comida rápida,Avenida De Los Incas,
-34.59921,-58.50135,Margarita,Comida rápida,Avenida Francisco Beiró,
-34.55053,-58.47702,Dandy,Comida rápida,Pinto 3880,
-34.54676,-58.47221,Los Amigos de Siempre,Comida rápida,Vilela 2602,
-34.54715,-58.47320,Esteban Chiti,Talleres,Vilela 2710,
-34.63857,-58.52902,Super Papas,Comida rápida,Avenida General Paz,
-34.54726,-58.44761,Champs Elysées,Comida rápida,Almirante Juan Pablo Sáenz Valiente,
-34.55228,-58.46432,Mood,Comida rápida,"-34.55228, -58.46432",
-34.55207,-58.45335,The Coffee Store,Comida rápida,Montañeses,
-34.54907,-58.47313,Espacio García,Comida rápida,Vidal 3801,
-34.54995,-58.45709,Exclusividad,Talleres,Arribeños,
-34.54731,-58.45900,Pani,Comida rápida,Arribeños,
-34.54891,-58.47236,Moshu,Comida rápida,Moldes 3802,
-34.55019,-58.47602,JMD,Talleres,Zapiola 3895,
-34.59736,-58.37830,La Posta de Los Tucu,Comida rápida,Esmeralda,
-34.63927,-58.52621,La Neli,Comida rápida,Avenida Rivadavia,
-34.57838,-58.42534,KFC,Comida rápida,Avenida Santa Fe 4607,
-34.56807,-58.43114,Cerca,Comida rápida,Migueletes 513,
-34.64470,-58.40689,Citadino,Comida rápida,Atuel 608,
-34.55495,-58.47595,La Kitchen,Comida rápida,Núñez 3400,
-34.53084,-58.50655,Lubricentro Florida,Talleres,Esteban Echeverría,
-34.60074,-58.40902,Oh! Brothers,Comida rápida,Tucumán 3099,
-34.63976,-58.53304,Zarpado en Rico,Comida rápida,137 - Avenida Rivadavia,
-34.55453,-58.45607,Usina,Comida rápida,3 De Febrero,
-34.80826,-58.44628,Tertulia,Comida rápida,José Madariaga,
-34.54516,-58.47219,Molina,Comida rápida,Avenida San Isidro Labrador 4251,
-34.54583,-58.47198,Motopro,Talleres,Avenida San Isidro Labrador 4192,
-34.54711,-58.47289,Cafiero,Talleres,Moldes 3977,
-34.62785,-58.46575,Burgers & Hot Dogs,Comida rápida,Pasaje Hugo Del Carril,
-34.59595,-58.51051,Acacia Negra,Comida rápida,Gutenberg,
-34.59559,-58.42002,El Renaciente,Comida rápida,Gorriti,
-34.81820,-58.48348,Taller Mecánico,Talleres,Fernando De Toro,
-34.59450,-58.41407,Bonafide,Comida rápida,De La Cárcova,
-34.59065,-58.42743,Lobo Café,Comida rápida,Honduras 4730,
-34.58872,-58.43066,Diggs,Comida rápida,Serrano 1580,
-34.59750,-58.43565,Zajo,Comida rápida,Aguirre 509,
-34.58631,-58.44067,Malcriada Café,Comida rápida,Bonpland 1367,
-34.64592,-58.59336,Bonafide,Comida rápida,Avenida Rivadavia 16301,
-34.61088,-58.41829,Athos,Comida rápida,Avenida Rivadavia,
-34.60624,-58.41976,Cobin,Comida rápida,Jerónimo Salguero,
-34.58678,-58.41322,Shawami,Comida rápida,Avenida Santa Fe 3405,
-34.60067,-58.42242,Tomasso,Comida rápida,Guardia Vieja,
-34.57147,-58.43345,Talleres Rosedal,Talleres,Ortega Y Gasset,
-34.60053,-58.42148,Servicio Centro,Talleres,Guardia Vieja,
-34.56968,-58.43196,Rosedal,Talleres,Ortega Y Gasset,
-34.59585,-58.43279,Lubricentro Canning,Talleres,Avenida Raúl Scalabrini Ortiz,
-34.59663,-58.43338,Los Leños,Comida rápida,Castillo,
-34.59644,-58.43316,Mill,Comida rápida,Castillo,
-34.55699,-58.44849,Pina,Comida rápida,Juramento 1563,
-34.55742,-58.44878,Oh! Tea,Comida rápida,Montañeses,
-34.60108,-58.52969,La Base Saenz Peña,Comida rápida,416 - Florentino Ameghino,
-34.63853,-58.52902,Ñende Rembi'u Teete,Comida rápida,Avenida General Paz,
-34.58246,-58.49179,Lasa,Estaciones de servicio,Avenida de los Constituyentes 4480,
-34.60073,-58.52600,Locos x la Pizza,Comida rápida,403 - Avenida América 385,
-34.63933,-58.52668,Extremas,Comida rápida,Avenida Rivadavia,
-34.57808,-58.44738,Catalino,Comida rápida,Maure 3126,
-34.62829,-58.38068,Café Martínez,Comida rápida,Brasil 1128,
-34.71543,-58.27622,Daytona Escapes,Talleres,Belgrano 59,
-34.71075,-58.29273,Taller Cerrito,Talleres,Cerrito 317,
-34.57479,-58.45369,La tornería,Comida rápida,Capitán General Ramón Freire 1084,
-34.55542,-58.45073,Bakery,Comida rápida,Montañeses,
-34.60917,-58.37911,Antonio’s Pizza,Comida rápida,Tacuarí 76,
-34.60114,-58.39571,Fugazi,Comida rápida,Ayacucho 684,
-34.58870,-58.44995,Arrabal,Comida rápida,Santos Dumont 4056,
-34.59111,-58.44711,Picarón,Comida rápida,Avenida Dorrego 866,
-34.81303,-58.47096,La Nueva Musel,Comida rápida,Nuestras Malvinas 156,
-34.66003,-58.63055,MG SUSPENSIÓN,Talleres,Avenida Hipólito Yrigoyen 1683,
-34.80072,-58.38489,Ti Amo,Comida rápida,Diagonal Juan B. Toll Y Bernadet,
-34.59983,-58.40098,Ugi's,Comida rápida,Azcuénaga,
-34.59664,-58.43346,Guapa,Comida rápida,Avenida Raúl Scalabrini Ortiz,
-34.60920,-58.41723,Taxi Bar,Comida rápida,Mario Bravo,
-34.55720,-58.46224,Viva La Arepa!,Comida rápida,Ciudad De La Paz,
-34.55920,-58.46123,Epo,Comida rápida,Monroe,
-34.67720,-58.56546,Browni 24,Comida rápida,Doctor Arturo Illia 2690,
-34.58079,-58.40695,Ambar,Comida rápida,Cerviño,
-34.63946,-58.55075,Puntocom,Talleres,Doctor Gabriel Ardoino 1136,
-34.60348,-58.41664,Roses,Comida rápida,Mario Bravo,
-34.60275,-58.41444,Mi Rey,Comida rápida,Sánchez De Bustamante,
-34.64186,-58.57508,Dollar Train,Comida rápida,Avenida Rivadavia 14751,
-34.54195,-58.47376,Empanadas de 10,Comida rápida,Avenida Cabildo,
-34.56609,-58.45616,Brozziano,Comida rápida,La Pampa,
-34.53906,-58.46508,Le Blé,Comida rápida,Ramallo,
-34.80521,-58.34069,La Taba -Asador Criollo,Comida rápida,Deán Funes 495,
-34.71163,-58.28255,Pizzeria Argentina,Comida rápida,9 de Julio,
-34.68345,-58.59310,rotiseria,Comida rápida,Los Andes,
-34.68103,-58.45026,YPF Boxes,Talleres,"-34.68103, -58.45026",
-34.61229,-58.43122,Madre Natura Café,Comida rápida,Bogotá,
-34.51316,-58.52097,YPF,Estaciones de servicio,Acceso Norte,
-34.51303,-58.52235,YPF,Estaciones de servicio,Acceso Norte,
-34.64587,-58.59457,Full,Comida rápida,Avenida Rivadavia 16373,
-34.52549,-58.51968,LS Lubricantes,Talleres,Avenida Bartolomé Mitre,
-34.52463,-58.51229,Neumáticos Ugarte,Gomerías,Gobernador Marcelino Ugarte 3598,
-34.52572,-58.51445,Monster Pizza,Comida rápida,Gobernador Marcelino Ugarte 3802,
-34.52680,-58.51857,Neumáticos Munro,Gomerías,Avenida Bartolomé Mitre,
-34.45590,-58.53516,Don Mateo,Comida rápida,Avenida Presidente Teniente General Juan Domingo Perón 3652,
-34.45597,-58.53507,KrustyKrav Victoria,Comida rápida,Avenida Presidente Teniente General Juan Domingo Perón 3672,
-34.45568,-58.53547,Arana Pizza,Comida rápida,Avenida Presidente Teniente General Juan Domingo Perón 3602,
-34.45557,-58.53562,Lubritecno,Talleres,Avenida Presidente Teniente General Juan Domingo Perón 3598,
-34.45424,-58.53761,Alfi,Comida rápida,Avenida Presidente Teniente General Juan Domingo Perón 3375,
-34.54874,-58.45021,Panga,Comida rápida,"-34.54874, -58.45021",
-34.54408,-58.47483,Demetria,Comida rápida,Ramallo 2626,
-34.54946,-58.45441,Hatsu,Comida rápida,Avenida Del Libertador,
-34.55850,-58.44918,Enri's,Comida rápida,Pasaje Echeverria 1677,
-34.45046,-58.54302,Malevo,Comida rápida,Avenida Presidente Teniente General Juan Domingo Perón 2711,
-34.44817,-58.53828,Sûss Cupcake Café,Comida rápida,Avenida del Libertador 2801,
-34.45105,-58.54200,Autofrance taller oficial Peugeot,Talleres,Avenida Presidente Teniente General Juan Domingo Perón 2827,
-34.64084,-58.56875,Juro Sushi,Comida rápida,Leandro N. Alem,
-34.44754,-58.54148,Suculenta,Comida rápida,Avenida del Libertador 2555,
-34.44705,-58.54714,Mi Gusto,Comida rápida,Avenida Presidente Teniente General Juan Domingo Perón 2240,
-34.52396,-58.48399,Tostado,Comida rápida,General José De San Martín,
-34.59398,-58.50516,CF Moto,Insumos de motos,Pareja,
-34.68449,-58.38600,YPF,Estaciones de servicio,Avenida Teodoro Sánchez De Bustamante,
-34.56555,-58.43640,La Rosa,Comida rápida,Gorostiaga,
-34.43378,-58.56419,Agira,Estaciones de servicio,Avenida Presidente Teniente General Juan Domingo Perón,
-34.60264,-58.37002,Beto 23,Comida rápida,Avenida Leandro N. Alem,
-34.60455,-58.40101,Sabores Express,Comida rápida,Avenida Corrientes,
-34.57402,-58.45528,Shufa,Comida rápida,Capitán General Ramón Freire 1202,
-34.46238,-58.52595,Mangiamo,Comida rápida,Avenida Centenario 1698,
-34.55878,-58.44934,Prensa Café,Comida rápida,Avenida Virrey Vértiz,
-34.51449,-58.52226,Mostaza,Comida rápida,Esteban Echeverría 3750,
-34.52775,-58.50683,Parrilla Los Primos,Comida rápida,Blas Parera,
-34.62346,-58.40087,Muzzarella,Comida rápida,Avenida San Juan,
-34.62352,-58.40141,Mi Fan,Comida rápida,Avenida San Juan,
-34.50667,-58.53582,Pancho Car's,Comida rápida,Avenida Fondo de la Legua 2100,
-34.45919,-58.57178,Parrilla Los Hermanos,Comida rápida,Almirante Blanco Encalada,
-34.45068,-58.57505,Parrilla La Familia,Comida rápida,Falucho 2277,
-34.51141,-58.52204,Indira,Comida rápida,Blas Parera 4081,
-34.62468,-58.40854,Club de Pizzas y Empanadas,Comida rápida,Avenida San Juan,
-34.62067,-58.40093,Talleres Coria,Talleres,"-34.62067, -58.40093",
-34.78099,-58.40596,Chiche inyección y mecánica general,Talleres,Red De Ciclovías Y Bicisendas Municipalidad De Lomas De Zamora (lado Oeste),
-34.49815,-58.51937,Colonial,Comida rápida,Avenida Sir Alexander Fleming 2000,
-34.50067,-58.51801,La Cautiva,Comida rápida,Avenida Sir Alexander Fleming 2300,
-34.45434,-58.53718,Pizzería Vicky,Comida rápida,Avenida Presidente Teniente General Juan Domingo Perón 3402,
-34.45521,-58.53665,Dalone,Comida rápida,Avenida Presidente Teniente General Juan Domingo Perón 3491,
-34.44885,-58.54475,Felix,Comida rápida,Avenida Presidente Teniente General Juan Domingo Perón 2502,
-34.55517,-58.45426,María Antonia,Comida rápida,11 De Septiembre De 1888,
-34.82445,-58.48123,Chapista,Talleres,Mariano Acosta,
-34.81807,-58.48729,Gomeria,Talleres,Tomás Alva Edison,
-34.80141,-58.39529,Federado,Comida rápida,Samuel Miguel Spiro 698,
-34.50145,-58.53966,Bosch Norte,Talleres,Cuyo 3579,
-34.77359,-58.40284,Bubo,Comida rápida,Coronel Suárez,
-34.54997,-58.46673,Boxes,Talleres,Juana Azurduy,
-34.60475,-58.40536,Foodies,Comida rápida,Avenida Pueyrredón,
-34.60380,-58.45355,Bilbo Café,Comida rápida,Doctor Luis Belaustegui 802,
-34.59005,-58.44087,Chuí,Comida rápida,Loyola 1250,
-34.46621,-58.50727,Motín,Comida rápida,Juan Bautista de Lasalle 489,
-34.46159,-58.50765,Sauzalito,Comida rápida,Primera Junta 1094,
-34.57862,-58.48937,Boreal Café,Comida rápida,Altolaguirre 2197,
-34.57522,-58.49584,Los amigos Pizzería,Comida rápida,Nahuel Huapi,
-34.58089,-58.45448,Clandestino,Comida rápida,Giribone 82,
-34.54670,-58.47067,Relojería de Taxi,Talleres,Avenida San Isidro Labrador 4070,
-34.54228,-58.47095,Forma,Comida rápida,Ramallo,
-34.76549,-58.40174,Wagon Diner,Comida rápida,Italia 428,
-34.60533,-58.38546,Club del Progreso,Comida rápida,Sarmiento 1334,
-34.53714,-58.48630,La Sarita,Comida rápida,España 506,
-34.55910,-58.46057,Ramallo Club,Comida rápida,Ciudad De La Paz,
-34.61417,-58.48368,Nissan,Talleres,Camarones,
-34.55993,-58.45984,Lo de Juan,Comida rápida,Ciudad De La Paz,
-34.46342,-58.52424,HS Motos,Insumos de motos,Avenida Centenario 1511,
-34.45813,-58.53133,ISR,Talleres,Avenida Centenario 2321,
-34.59822,-58.43430,Doc Café,Comida rápida,Aráoz 645,
-34.64358,-58.56556,Maledetto Trattoria,Comida rápida,Rosales,
-34.64360,-58.56571,Orale Juanito,Comida rápida,Rosales,
-34.64371,-58.56534,Kona,Comida rápida,Rosales,
-34.64389,-58.56830,Samurai Sushi,Comida rápida,Avellaneda,
-34.45855,-58.53129,Paravano Motos,Talleres,Avenida Centenario 2276,
-34.45455,-58.53691,Motos William,Talleres,Avenida Presidente Teniente General Juan Domingo Perón 3434,
-34.45297,-58.53916,Maxikiosco Pancheria 11-14,Comida rápida,Santamarina 1114,
-34.64382,-58.56685,Salumeria,Comida rápida,Rosales,
-34.64385,-58.56715,Ikkenai Sushi,Comida rápida,Rosales,
-34.67780,-58.56171,McDonald's,Comida rápida,Doctor Ignacio Arieta,
-34.67821,-58.56250,Café Martínez,Comida rápida,Monseñor José Francisco Marcón 3002,
-34.63622,-58.40747,Do Eat,Comida rápida,Rondeau 3091,
-34.60687,-58.55581,La Familia de Caseros,Comida rápida,635 - Suiza,
-34.62564,-58.44528,Napulé,Comida rápida,José A. Terry 300,
-34.59082,-58.42738,Fauna,Comida rápida,Malabia 1578,
-34.61400,-58.36338,Lobo café,Comida rápida,Pierina Dealessi 1330,
-34.70201,-58.44090,La Esquina de Franco,Comida rápida,Larrazábal 2499,
-34.58669,-58.39560,La casa de Greta,Comida rápida,Avenida Pueyrredón 2350,
-34.56476,-58.44471,Gontran Cherrier,Comida rápida,Zabala 1901,
-34.57567,-58.45624,La Noire,Comida rápida,Virrey Loreto 3302,
-34.57902,-58.43939,Sacro,Comida rápida,Costa Rica 6038,
-34.58951,-58.42215,Saigón,Comida rápida,Soler 4388,
-34.59011,-58.42776,Oh Tea!,Comida rápida,Honduras 4787,
-34.47739,-58.50936,Margherita,Comida rápida,Avenida Santa Fe 420,
-34.48797,-58.50117,Havanna,Comida rápida,Avenida Santa Fe 1802,
-34.59572,-58.39753,Havanna,Comida rápida,Junín,
-34.57676,-58.43548,La Garage,Comida rápida,Arévalo 2255,
-34.63817,-58.52640,La Redonda de Liniers,Comida rápida,Francisco De Viedma,
-34.55993,-58.51503,Panchorex,Comida rápida,Rebeca Gerschman,
-34.76429,-58.39977,Storybrooke,Comida rápida,José Eusebio Colombres 187,
-34.59245,-58.39678,Festín,Comida rápida,"-34.59245, -58.39678",
-34.54430,-58.47150,Big Pizza,Comida rápida,Avenida Cabildo,
-34.70166,-58.28194,Da Leo Pizzeria,Comida rápida,Avenida Caseros 1340,
-34.76472,-58.40156,Tea Connection,Comida rápida,Italia 330,
-34.76634,-58.40233,Dean & Dennys,Comida rápida,Italia 491,
-34.57682,-58.47642,Macro Gas,Talleres,Avenida Álvarez Thomas,
-34.62694,-58.44337,Kainos,Comida rápida,Avenida Pedro Goyena,
-34.61571,-58.40117,El Buen Sabor,Comida rápida,Alberti 512,
-34.72111,-58.30315,Gomería Los Quilmes,Talleres,Avenida Los Quilmes,
-34.50178,-58.49533,La Jazmina,Comida rápida,Avenida Maipú 3699,
-34.61010,-58.37249,Furaibo,Comida rápida,Adolfo Alsina 429,
-34.54926,-58.45597,Yapan,Comida rápida,Montañeses,
-34.55880,-58.44867,Preto,Comida rápida,Arribeños,
-34.55869,-58.44887,Hongdae,Comida rápida,Pasaje Echeverria 1677,
-34.58198,-58.44138,Casa Munay,Comida rápida,Gorriti 5996,
-34.55465,-58.49594,Beto,Talleres,Correa,
-34.52797,-58.51953,Listo,Comida rápida,Avenida Vélez Sarsfield 4233,
-34.55469,-58.49412,Cima,Comida rápida,Miller 4312,
-34.55596,-58.46323,Café Martínez,Comida rápida,Avenida Congreso 2492,
-34.57545,-58.44936,Hijos del Mar,Comida rápida,Teodoro García 3000,
-34.55447,-58.45159,Sabores del Bajo,Comida rápida,Montañeses,
-34.54279,-58.47316,Neumáticos Flores,Gomerías,Avenida Cabildo,
-34.61168,-58.39606,El Español,Comida rápida,Adolfo Alsina,
-34.61153,-58.37471,Querandi,Comida rápida,"-34.61153, -58.37471",
-34.56240,-58.45752,Miniko,Comida rápida,Juramento 2465,
-34.56287,-58.45781,La Milanesería,Comida rápida,Juramento 2514,
-34.56246,-58.45721,Brozziano,Comida rápida,Juramento 2460,
-34.64195,-58.49396,Homero Motos,Talleres,Homero,
-34.63981,-58.49717,Talleres Alfa S.A.,Talleres,Rafaela,
-34.64129,-58.49534,Taller Osvaldo,Talleres,Euclides,
-34.73650,-58.32207,Bandera Blanca,Estaciones de servicio,Avenida Zapiola,
-34.55541,-58.44777,La Ventanita,Comida rápida,"-34.55541, -58.44777",
-34.80531,-58.20622,YPF,Estaciones de servicio,Avenida Intendente Nicolás Milazzo,
-34.61705,-58.42430,El Molino Dorado,Comida rápida,Treinta Y Tres Orientales,
-34.63111,-58.62961,El Puente,Comida rápida,Avenida Presidente Perón,
-34.63219,-58.62297,Master Fix,Talleres,Avenida Presidente Perón,
-34.53364,-58.50460,Gomería Don Gino,Gomerías,Esteban Echeverría 1512,
-34.59782,-58.38986,Cafe del medio,Comida rápida,Montevideo 960,
-34.43933,-58.55880,Mostaza,Comida rápida,25 de Mayo 1247,
-34.44208,-58.55705,Crocante,Comida rápida,3 de Febrero 1141,
-34.54576,-58.47269,Morita,Comida rápida,Besares,
-34.61170,-58.44208,Fabric Sushi,Comida rápida,Avenida Doctor Honorio Pueyrredón 703,
-34.60469,-58.38800,Pippo,Comida rápida,Paraná,
-34.59381,-58.43180,Revolver,Comida rápida,Malabia 1150,
-34.83147,-58.47633,Gomería El Gringo,Talleres,Ramón Santamarina,
-34.58299,-58.44161,FRUTO,Comida rápida,José Antonio Cabrera,
-34.57609,-58.42026,FAYER Buenos Aires,Comida rápida,Avenida Cerviño 4417,
-34.71363,-58.53608,El Bodegón de Güemes,Comida rápida,"-34.71363, -58.53608",
-34.68126,-58.57622,Chifu,Comida rápida,Avenida Diego Armando Maradona,
-34.69164,-58.55200,El Tucu,Comida rápida,Avenida Diego Armando Maradona,
-34.46719,-58.55751,El Olivo,Comida rápida,Avenida Uruguay 3408,
-34.60349,-58.39977,Cómo en Casa,Comida rápida,"-34.60349, -58.39977",
-34.59886,-58.39720,Brozziano,Comida rápida,Junín,
-34.60870,-58.40806,Frank,Comida rápida,Bartolomé Mitre,
-34.59941,-58.39763,Lupita Taqueria,Comida rápida,Avenida Córdoba,
-34.59934,-58.39769,Hell´s Pizza,Comida rápida,Avenida Córdoba,
-34.59931,-58.39795,Havanna,Comida rápida,Avenida Córdoba,
-34.59932,-58.39804,Tostado,Comida rápida,Avenida Córdoba,
-34.59933,-58.39813,McDonald's,Comida rápida,Avenida Córdoba,
-34.59937,-58.39821,Bullanga,Comida rápida,Avenida Córdoba,
-34.47156,-58.49226,Toi Perú,Comida rápida,Sebastián Elcano,
-34.62307,-58.41651,Trianon,Comida rápida,Avenida Boedo 845,
-34.62012,-58.37421,Atis,Comida rápida,Perú 1024,
-34.58848,-58.41649,The película,Comida rápida,Charcas 3667,
-34.57379,-58.44696,La parrilla de Rolo,Comida rápida,Avenida Federico Lacroze 2802,
-34.58239,-58.40808,Bodegon Alvear,Comida rápida,Silvio L. Ruggieri 2736,
-34.59435,-58.42622,Electrica pizza,Comida rápida,Julián Álvarez,
-34.81906,-58.46954,Napoli Pizzas,Comida rápida,Coronel Manuel Dorrego,
-34.81836,-58.47043,Rincón Norteño,Comida rápida,Coronel Manuel Dorrego,
-34.81821,-58.47055,La Verdad de la Milanesa,Comida rápida,Coronel Manuel Dorrego,
-34.81792,-58.47079,Montes Hoppiness,Comida rápida,Coronel Manuel Dorrego,
-34.81798,-58.47075,Burgery,Comida rápida,Coronel Manuel Dorrego,
-34.66220,-58.50708,Miguel,Talleres,"-34.66220, -58.50708",
-34.54529,-58.46142,primavera Trujillana,Comida rápida,11 de Septiembre de 1888 3625,
-34.54690,-58.46799,El Chaqueño,Comida rápida,Vuelta De Obligado,
-34.59064,-58.42230,Cristales Pedro,Talleres,Gascón,
-34.60229,-58.39962,ADA,Comida rápida,Tucumán 2300,
-34.60728,-58.41451,Nuestra América,Comida rápida,Teniente General Juan Domingo Perón,
-34.75912,-58.41312,Sabores Caseros,Comida rápida,Francisco Narciso De Laprida,
-34.76371,-58.40639,Pin-Pun,Comida rápida,José Eusebio Colombres,
-34.76339,-58.40652,Confitería Las Vegas,Comida rápida,José Eusebio Colombres,
-34.76674,-58.40701,Brandi,Comida rápida,Vicente Oliden,
-34.61084,-58.44254,Café Lo-Fi,Comida rápida,Arengreen 684,
-34.76646,-58.40641,Olika El Obrador,Comida rápida,Vicente Oliden,
-34.60284,-58.44351,Molino Norteño,Comida rápida,Coronel Apolinario Figueroa,
-34.78976,-58.52357,La Olla,Comida rápida,Alfonsina Storni,
-34.61345,-58.40411,Tequetok,Comida rápida,Moreno 2698,
-34.57552,-58.46266,"EuroCafé, Tienda de Café en Granos, Insumos y Accesorios",Comida rápida,Avenida Forest 1499,
-34.59371,-58.44019,El Mercat Villa Crespo,Comida rápida,Thames,
-34.55379,-58.44977,Big Pons,Comida rápida,Blanco Encalada 1468,
-34.76401,-58.20814,Bonafide,Comida rápida,Diagonal Lisandro de la Torre,
-34.49541,-58.55207,Pizza Kazz,Comida rápida,Avenida Avelino Rolón 202,
-34.68768,-58.47175,Gomeria El colo,Gomerías,Cañada De Gómez,
-34.68772,-58.47195,Electricidad del automovil,Talleres,Cañada De Gómez,
-34.56582,-58.46090,Bee Coffee,Comida rápida,Echeverría 2923,
-34.58767,-58.41757,Fat Broder,Comida rápida,Charcas,
-34.42267,-58.58040,Mostaza,Comida rápida,General Bartolomé Mitre 460,
-34.57357,-58.45615,Brucia,Comida rápida,Capitán General Ramón Freire 1302,
-34.66006,-58.59347,Americos,Comida rápida,Avenida Don Bosco,
-34.49782,-58.55588,Kaucho's,Gomerías,Avenida Avelino Rolón 675,
-34.76566,-58.40239,La Panera Rosa,Comida rápida,Italia,
-34.58104,-58.43873,Benaim Kosher,Comida rápida,Doctor Emilio Ravignani 1780,
-34.60518,-58.59608,Panchería El Tano,Comida rápida,Itacumbú,
-34.61624,-58.43882,Al Karim,Comida rápida,Hidalgo,
-34.58643,-58.42417,Kajue Café,Comida rápida,Guatemala 4665,
-34.57223,-58.45358,Loreto Garden Bar,Comida rápida,Virrey Loreto 2912,
-34.66241,-58.36588,Club Pueblo Unido,Comida rápida,General Lavalle,
-34.58593,-58.42582,Fruto - Café de Especialidad,Comida rápida,Jorge Luis Borges,
-34.61268,-58.36354,Lobo Cafe,Comida rápida,Pierina Dealessi,
-34.41969,-58.57213,Sweet Pepper,Comida rápida,Los Eucaliptos,
-34.51453,-58.48842,Regina,Comida rápida,Avenida Maipú 2299,
-34.55807,-58.44738,Picnic,Comida rápida,Echeverría,
-34.55822,-58.44809,Yuki,Comida rápida,Montañeses 2001,
-34.55872,-58.44850,Aire Acondicionado,Talleres,Echeverría,
-34.71063,-58.49423,Las Chicas de las Tres,Comida rápida,De La Flor,
-34.55565,-58.45056,Piena,Comida rápida,Olazábal,
-34.61137,-58.40564,Anita,Comida rápida,Hipólito Yrigoyen,
-34.61012,-58.36629,puerto cristal,Comida rápida,Avenida Alicia Moreau De Justo,
-34.57129,-58.44583,Tomasso,Comida rápida,Avenida Federico Lacroze 2493,
-34.62087,-58.47421,El Rincón,Comida rápida,Avenida Nazca,
-34.61227,-58.38577,centro basque,Comida rápida,Moreno,
-34.61460,-58.45267,Féca,Comida rápida,Fragata Presidente Sarmiento 801,
-34.62144,-58.36535,porteño,Comida rápida,Avenida Alicia Moreau De Justo,
-34.50132,-58.49611,La Compañía del Buen Sabor,Comida rápida,Avenida Maipú 3798,
-34.73699,-58.41792,Parrilla Los Nonos ll,Comida rápida,Avenida Santa Fe,
-34.57325,-58.44821,Tres,Comida rápida,Teodoro García 2806,
-34.57382,-58.44850,Buffet Club Colegiales,Comida rápida,Teodoro García,
-34.59091,-58.42910,KB Fast Good,Comida rápida,Gorriti 4788,
-34.53012,-58.48058,Fenix,Comida rápida,Avenida Maipú 866,
-34.51532,-58.49416,Ramallo Club,Comida rápida,Gobernador Manuel Ugarte,
-34.62239,-58.48091,G.O.H.,Talleres,Avenida Juan Bautista Justo,
-34.61471,-58.45267,Féca,Comida rápida,Arengreen,
-34.61532,-58.45241,Tauro,Comida rápida,Fragata Presidente Sarmiento 730,
-34.53874,-58.48181,En Frente,Comida rápida,Aristóbulo del Valle 1896,
-34.54336,-58.56204,Deniro Hamburguesería,Comida rápida,63 - Pacífico Rodríguez 5706,
-34.54531,-58.55922,Parrilla Guarani,Comida rápida,130 - San Lorenzo 2699,
-34.55949,-58.44701,Cofi Jaus,Comida rápida,Montañeses 1879,
-34.80967,-58.49154,Burguery Co.,Comida rápida,Avenida V. Fair,
-34.80976,-58.49173,Axion,Estaciones de servicio,Antonio Cervetti,
-34.48913,-58.49952,La Birra Bar Martínez,Comida rápida,General Alvear 81,
-34.65070,-58.61992,Empanando,Comida rápida,"-34.65070, -58.61992",
-34.61577,-58.53720,Shop Del Golf,Comida rápida,307 - Avenida Marcelo Torcuato De Alvear,
-34.55671,-58.46802,Quesada,Comida rápida,Quesada,
-34.50270,-58.54510,Cocina Diaria,Comida rápida,Túpac Amaru,
-34.65074,-58.61992,Mc Postres,Comida rápida,25 De Mayo,
-34.56028,-58.47204,Dicha,Comida rápida,Avenida Congreso,
-34.57345,-58.48719,Cafe de la U,Comida rápida,Avenida Franklin Delano Roosevelt,
-34.55536,-58.46542,Gorrión,Comida rápida,Amenábar 3002,
-34.54558,-58.47732,A Morfar,Comida rápida,Conesa,
-34.55032,-58.47680,Cosecha,Comida rápida,Pinto 3899,
-34.59396,-58.38299,flat&white,Comida rápida,Cerrito 1224,
-34.59646,-58.38717,Rondó Cafe,Comida rápida,Uruguay 1048,
-34.46306,-58.53418,Valentinos - Pizzas y empanadas,Comida rápida,Juan B. Justo 680,
-34.58549,-58.47784,Taller del Temple,Talleres,Arismendi,
-34.58865,-58.47877,Paul Garage,Talleres,Llerena,
-34.57741,-58.47543,Moni,Comida rápida,Urdininea,
-34.63930,-58.53553,Nahuel Motos,Insumos de motos,201 - Avenida Maipú,
-34.48771,-58.49585,Tea Connection Paunero,Comida rápida,General Paunero 2031,
-34.48763,-58.49556,Süss Cupcake Café,Comida rápida,General Paunero 2046,
-34.48727,-58.49558,Don Jose Marisqueria,Comida rápida,General Alvear 423,
-34.48784,-58.49578,Deliclub,Comida rápida,Emilio Lamarca 391,
-34.54964,-58.42577,Garibaldi,Comida rápida,Bicisenda Costanera,
-34.58954,-58.42504,Doña Tota,Comida rápida,Costa Rica,
-34.63810,-58.37456,Los campeones,Comida rápida,Avenida Manuel Augusto Montes De Oca,
-34.54998,-58.46193,Cuadra,Comida rápida,O'Higgins,
-34.55310,-58.43664,Cocina Abierta,Comida rápida,Mariscal Antonio José De Sucre,
-34.55314,-58.43673,Negroni Bistro & Sushi Bar,Comida rápida,Mariscal Antonio José De Sucre,
-34.60512,-58.59604,Sandwich El Tano,Comida rápida,Itacumbú,
-34.46270,-58.50875,Fuegos de Locos X el Asado,Comida rápida,Primera Junta 999,
-34.46717,-58.51466,Manucho,Comida rápida,Primera Junta 311,
-34.59422,-58.37887,La Martona de Arenales,Comida rápida,Arenales 820,
-34.61802,-58.40098,Mundo Cars,Talleres,Alberti,
-34.49765,-58.48872,5ta escencia,Comida rápida,Debenedetti 617,
-34.49671,-58.48994,La Bataraza,Comida rápida,Doctor Guillermo Rawson 3889,
-34.50894,-58.48535,Bocacalle,Comida rápida,Hernán Wineberg 999,
-34.50741,-58.47771,Malagrino,Comida rápida,Corrientes 321,
-34.45023,-58.55091,Fábrica de Pastas La Moderna,Comida rápida,Almirante García Mansilla 2134,
-34.57249,-58.43342,Süss,Comida rápida,"-34.57249, -58.43342",
-34.80564,-58.38253,Alineación Omar,Talleres,Avenida General San Martín 1297,
-34.80603,-58.38332,Galicho,Talleres,Avenida General San Martín 1221,
-34.80551,-58.38228,MyM,Gomerías,Avenida General San Martín 1313,
-34.80540,-58.38205,Ser-Tec,Talleres,Avenida General San Martín,
-34.80542,-58.38142,La Parrillita,Comida rápida,Avenida General San Martín 1402,
-34.80506,-58.38145,Pizzería La Europea,Comida rápida,Avenida General San Martín 1425,
-34.80500,-58.38135,Whisky Motos,Insumos de motos,Avenida General San Martín 1435,
-34.80812,-58.38635,Electro Adrogué,Talleres,Avenida General San Martín 1026,
-34.80822,-58.38716,List Motores,Talleres,Avenida General San Martín 987,
-34.80914,-58.38816,Parabrisas Adrogué,Talleres,Avenida General San Martín 832,
-34.80925,-58.38837,Pizzería Adrogué Sur,Comida rápida,Avenida General San Martín 804,
-34.80154,-58.37442,Lubricentro RyD,Talleres,Avenida General San Martín 1980,
-34.80136,-58.37476,El Garage,Talleres,Avenida General San Martín 1953,
-34.80100,-58.37415,Cibie Adrogué,Talleres,Avenida General San Martín 2001,
-34.80101,-58.37355,Olivares,Talleres,Avenida General San Martín 2064,
-34.80112,-58.37374,Mecánica Adrogué,Talleres,Avenida General San Martín 2022,
-34.80069,-58.37357,Autoradio Quimey,Talleres,Avenida General San Martín 2091,
-34.79940,-58.37131,Seba Suspensión,Talleres,Avenida General San Martín 2253,
-34.40554,-58.61937,Granero,Comida rápida,Olivares,
-34.40672,-58.61983,Burger King Remeros,Comida rápida,Avenida Santa María De Las Conchas,
-34.45993,-58.63343,Mostaza,Comida rápida,Avenida Hipólito Yrigoyen,
-34.79851,-58.36901,1327 Car Detailing,Talleres,Avenida General San Martín 2418,
-34.79783,-58.36849,Lubricentro Calzada,Talleres,Avenida General San Martín 2499,
-34.79745,-58.36790,Encendido Rodalva,Talleres,Avenida General San Martín 2547,
-34.79737,-58.36770,VHB,Talleres,Avenida General San Martín 2563,
-34.79650,-58.36536,Gus-Car,Talleres,Avenida General San Martín 2790,
-34.79616,-58.36541,Chapa y pintura Maxi,Talleres,Avenida General San Martín 2797,
-34.52395,-58.47431,La Estrella,Comida rápida,Tapiales 1136,
-34.52312,-58.47408,Peponne,Comida rápida,Ramón Melgar 744,
-34.55941,-58.44801,Gangnam Street,Comida rápida,Arribeños,
-34.59150,-58.43471,La Bicisenda,Comida rápida,Serrano,
-34.59950,-58.44725,Taller Jaime,Talleres,Muñecas,
-34.55648,-58.45161,Yüt Express,Comida rápida,Arribeños,
-34.42122,-58.58134,Casa Río,Comida rápida,General Lavalle 539,
-34.42143,-58.58160,L'Foret,Comida rápida,General Lavalle 573,
-34.42250,-58.58018,Farina,Comida rápida,General Bartolomé Mitre,
-34.41831,-58.57863,The Corner,Comida rápida,Vivanco,
-34.42131,-58.57171,Bonafide,Comida rápida,Los Mimbres 1,
-34.42020,-58.57303,Mostaza,Comida rápida,Las Casuarinas,
-34.42371,-58.57682,El Bodegón de los Inmigrantes,Comida rápida,Albarellos 1398,
-34.42339,-58.58067,Parrilla Humo,Comida rápida,Enciso 1567,
-34.59490,-58.45098,Open Bar Atlanta,Comida rápida,Avenida Dorrego,
-34.43749,-58.55666,Pizza Nautica,Comida rápida,Doctor San Ginés 801,
-34.52413,-58.47274,Deniro,Comida rápida,Avenida del Libertador 1090,
-34.52292,-58.47295,SushiClub Vicente López,Comida rápida,Avenida del Libertador 1183,
-34.51607,-58.47590,Lo de Carlitos,Comida rápida,Avenida del Libertador 1827,
-34.51610,-58.47501,BA Green,Comida rápida,Presidente Hipólito Yrigoyen 501,
-34.49957,-58.48386,Royal Enfield Vicente López,Insumos de motos,Avenida del Libertador 3304,
-34.61740,-58.40821,Eben Ezer,Comida rápida,La Rioja 599,
-34.60774,-58.38923,Café Bartolomé,Comida rápida,Montevideo,
-34.60670,-58.38918,El nuevo Negrin,Comida rápida,Teniente General Juan Domingo Perón,
-34.60602,-58.38921,Panchos Hot,Comida rápida,Montevideo,
-34.49015,-58.48474,Keif,Comida rápida,Avenida del Libertador 13041,
-34.48980,-58.48474,Rancho 195,Talleres,Avenida del Libertador 13095,
-34.48907,-58.48115,Tribu,Comida rápida,Juan Díaz de Solís,
-34.48712,-58.48552,Motoplex San Isidro,Insumos de motos,Avenida del Libertador 13381,
-34.55955,-58.45749,Olivo,Comida rápida,Olazábal,
-34.66185,-58.51944,Neumatex,Talleres,Avenida General Paz,
-34.48160,-58.49117,PANI Martínez,Comida rápida,Avenida del Libertador 14169,
-34.48177,-58.49100,Pro Motors,Insumos de motos,Avenida del Libertador 14101,
-34.61488,-58.40282,Aroma Amor Café,Comida rápida,Saavedra 436,
-34.61411,-58.40297,Lorenzatti,Talleres,Saavedra,
-34.81312,-58.53997,Outback Steakhouse,Comida rápida,Acceso Al Terminal De Exportación Particulares,
-34.81540,-58.54069,McDonald's,Comida rápida,Acceso Al Terminal De Exportación Particulares,
-34.81399,-58.53889,Outback Steakhouse,Comida rápida,Acceso Al Terminal De Exportación Particulares,
-34.66526,-58.37843,Parrilla El Quincho,Comida rápida,Coronel Charlone,
-34.66549,-58.37824,Panchos 99,Comida rápida,Coronel García,
-34.60165,-58.38797,Import,Comida rápida,Tucumán 1499,
-34.46427,-58.51035,Serafina,Comida rápida,Primera Junta,
-34.46214,-58.50739,Lo de Facu,Comida rápida,Avenida Tiscornia,
-34.81325,-58.54074,Fausto,Comida rápida,Acceso Al Terminal De Exportación Particulares,
-34.81339,-58.54013,Havanna,Comida rápida,Acceso Al Terminal De Exportación Particulares,
-34.57121,-58.44665,Don Matute,Comida rápida,Teodoro García 2502,
-34.58796,-58.43311,Vegan Fox,Comida rápida,Gorriti,
-34.48680,-58.50177,Neumáticos Martínez,Gomerías,Avenida Santa Fe,
-34.49123,-58.59159,Burger King,Comida rápida,Olazábal,
-34.43713,-58.56029,Muzzones,Comida rápida,Avenida Presidente Teniente General Juan Domingo Perón 537,
-34.47184,-58.51527,Mostaza,Comida rápida,Avenida Centenario 302,
-34.46604,-58.52137,Luvricentro Norelf,Talleres,Avenida Centenario 1166,
-34.46562,-58.52132,NeumáticosSan Isidro,Talleres,Avenida Centenario,
-34.44894,-58.53614,Round,Comida rápida,Avenida del Libertador 2899,
-34.52646,-58.48268,chemichaux,Comida rápida,Avenida Maipú,
-34.52939,-58.52226,Café Martínez,Comida rápida,Avenida Vélez Sarsfield 4499,
-34.58055,-58.41097,Havanna,Comida rápida,Cabello,
-34.42971,-58.57162,Don Emilio,Comida rápida,Avenida Daniel M. Cazón,
-34.58465,-58.45296,LABA café,Comida rápida,Fraga 644,
-34.59547,-58.42785,Glumy,Comida rápida,Julián Baltasar Álvarez,
-34.59561,-58.44351,Havana,Comida rápida,Avenida Corrientes,
-34.53059,-58.49710,Ramallo Club,Comida rápida,General Bernardo O'higgins,
-34.52774,-58.49176,Bonafide,Comida rápida,General José De San Martín,
-34.52655,-58.48883,Mi Gusto,Comida rápida,General José de San Martín 1904,
-34.46671,-58.55637,Lo de Facu,Comida rápida,Avenida Uruguay 3250,
-34.78387,-58.40428,Waikiki,Comida rápida,Avenida 9 De Julio,
-34.78400,-58.40389,El Parrillón,Comida rápida,Avenida 9 De Julio,
-34.47687,-58.55508,Dalone Rock,Comida rápida,Avenida Sucre 2251,
-34.60099,-58.39873,Onze,Comida rápida,Viamonte,
-34.60116,-58.39850,Faro de Ons,Comida rápida,Presidente José Evaristo Uriburu,
-34.59989,-58.39884,Cafe Martinez,Comida rápida,Presidente José Evaristo Uriburu,
-34.61189,-58.39344,El Estanque,Comida rápida,Combate De Los Pozos,
-34.47976,-58.57037,Canchera,Comida rápida,Almirante Blanco Encalada 2090,
-34.47901,-58.57083,Seven Eleven,Comida rápida,Ingeniero Marconi 4075,
-34.45220,-58.57434,D&D - 202,Comida rápida,Ex Combatiente Juan Sánchez,
-34.58361,-58.47810,Mabra,Comida rápida,Ávalos,
-34.58390,-58.47834,Boxes,Talleres,Ávalos,
-34.55179,-58.46619,La Unión,Comida rápida,Manuela Pedraza,
-34.55271,-58.47193,Charo,Comida rápida,Núñez,
-34.56099,-58.46428,Pizza Alla Pala,Comida rápida,Avenida Crámer 2491,
-34.56119,-58.46462,Martinez,Comida rápida,"-34.56119, -58.46462",
-34.52117,-58.52343,Don Agüi,Comida rápida,Francisco Borges,
-34.52080,-58.51988,Fénix,Talleres,Mariano Pelliza,
-34.51926,-58.52506,American Diesel,Talleres,Avenida Bartolomé Mitre,
-34.59169,-58.40734,La Panera Rosa,Comida rápida,Agüero,
-34.67257,-58.40762,Burger King,Comida rápida,Avenida Presidente Teniente General Juan Domingo Perón,
-34.67766,-58.40105,Pizzeria La Musa,Comida rápida,Avenida Presidente Bernardino Rivadavia,
-34.67663,-58.40170,Yacaré Plaza,Comida rápida,Avenida Presidente Teniente General Juan Domingo Perón,
-34.67658,-58.40218,Imperio's,Comida rápida,Gobernador Oliden 710,
-34.67681,-58.40260,Kamalka,Comida rápida,Presidente Teniente General Juan Domingo Perón 2204,
-34.67568,-58.40302,Punto Limite,Comida rápida,Avenida Presidente Teniente General Juan Domingo Perón 2277,
-34.67213,-58.40779,Havanna,Comida rápida,Avenida Presidente Teniente General Juan Domingo Perón,
-34.68469,-58.39570,Momsur,Comida rápida,Avenida General José De San Martín,
-34.61426,-58.43797,Café Martínez,Comida rápida,Avenida Acoyte 390,
-34.59016,-58.40723,La palita,Comida rápida,Austria 1800,
-34.60203,-58.42226,Lo de Mary,Comida rápida,Francisco Acuña De Figueroa,
-34.60335,-58.42042,PIN-PUN,Comida rápida,Avenida Corrientes 3966,
-34.66457,-58.59827,Norauto,Talleres,Avenida Don Bosco,
-34.65562,-58.61341,Gulf,Estaciones de servicio,Córdoba,
-34.55610,-58.44942,Ma La Tang,Comida rápida,Mendoza,
-34.61426,-58.36335,La Panera,Comida rápida,Pierina Dealessi 1360,
-34.58427,-58.43811,Korean bbq,Comida rápida,Gorriti 5675,
-34.58317,-58.43573,Agua - Asian Bites,Comida rápida,El Salvador 5632,
-34.54383,-58.46470,Monza,Talleres,Comodoro Martín Rivadavia,
-34.44404,-58.56001,SF,Talleres,9 De Julio,
-34.61681,-58.38602,Gijon,Comida rápida,Chile,
-34.44529,-58.55847,Demons Motorcycles,Talleres,Avenida Hipólito Yrigoyen,
-34.60831,-58.38214,Museo del jamón,Comida rápida,Rivadavia,
-34.60429,-58.44790,La blonde,Comida rápida,Avenida Doctor Honorio Pueyrredón 1443,
-34.61586,-58.45696,Café Veggie,Comida rápida,Neuquén,
-34.65604,-58.52455,Blu,Comida rápida,Avenida Emilio Castro,
-34.49656,-58.53759,El Desembarco,Comida rápida,García Merou,
-34.51042,-58.53299,La Nueva Victoria,Comida rápida,Dorrego,
-34.55500,-58.45183,Zheng em,Comida rápida,Blanco Encalada,
-34.54959,-58.45441,Poké & Roll,Comida rápida,Quesada 1515,
-34.55013,-58.45546,Pibä,Comida rápida,Quesada,
-34.55318,-58.45243,Tribu,Comida rápida,Montañeses,
-34.57390,-58.50634,Mostaza,Comida rápida,Bolivia,
-34.57650,-58.50419,Boa Lua,Comida rápida,Larsen,
-34.57512,-58.50542,Café Artigad,Comida rápida,General José Gervasio Artigas,
-34.62941,-58.51989,La Veredita,Comida rápida,Lisboa,
-34.57773,-58.46017,Positano,Comida rápida,Avenida Elcano,
-34.52971,-58.51583,BBK,Comida rápida,Avenida Bartolomé Mitre,
-34.62474,-58.41590,Kentucky,Comida rápida,Avenida Boedo 944,
-34.62413,-58.44060,Adorado,Comida rápida,Del Barco Centenera,
-34.58857,-58.39199,Veggie Medio Oriente,Comida rápida,Junín,
-34.67019,-58.56186,Urquiza Motos,Insumos de motos,Florencio Varela,
-34.75458,-58.40301,El Nido,Comida rápida,Senador Manuel Castro 478,
-34.64664,-58.50371,Gomería,Talleres,Avenida Emilio Castro,
-34.53458,-58.59626,El Encuentro,Comida rápida,204 - Calle 8,
-34.60852,-58.40766,Brooklin,Comida rápida,Bartolomé Mitre,
-34.60887,-58.40756,Star Bar,Comida rápida,Bartolomé Mitre,
-34.60887,-58.40750,Panchisima,Comida rápida,Bartolomé Mitre,
-34.60853,-58.40805,De la Cité,Comida rápida,Bartolomé Mitre,
-34.60869,-58.40766,De la Cité,Comida rápida,Bartolomé Mitre,
-34.59765,-58.37531,Classic BA,Comida rápida,Florida,
-34.60436,-58.38916,shami shawarma,Comida rápida,Avenida Corrientes 1580,
-34.70185,-58.53236,Mostaza,Comida rápida,"-34.70185, -58.53236",
-34.70189,-58.53222,McDonald's,Comida rápida,"-34.70189, -58.53222",
-34.60372,-58.40543,KFC,Comida rápida,Avenida Pueyrredón,
-34.60347,-58.40536,Soccer Food,Comida rápida,Avenida Pueyrredón,
-34.60870,-58.37913,El Lago,Comida rápida,Tacuari 36,
-34.60607,-58.37947,Hygge Café,Comida rápida,"-34.60607, -58.37947",
-34.59139,-58.42631,Nucha,Comida rápida,Honduras,
-34.59621,-58.42731,La Farola,Comida rápida,Lavalleja,
-34.58732,-58.42815,Raices de Cacao,Comida rápida,Costa Rica 4803,
-34.59768,-58.42648,Accademia,Comida rápida,Pringles,
-34.57949,-58.41538,Borja,Comida rápida,República De La India,
-34.58023,-58.40911,La Causa Nikkei,Comida rápida,Cerviño 3550,
-34.57399,-58.42302,Martinez,Comida rápida,Demaría,
-34.57658,-58.41240,LHarmonie,Comida rápida,Avenida Del Libertador 3118,
-34.57584,-58.42111,Rio Alba,Comida rápida,Fray Justo Santa María De Oro,
-34.56640,-58.45701,Demashk,Comida rápida,"-34.56640, -58.45701",
-34.54472,-58.55855,Tatto Pizza,Comida rápida,61 - Lacroze,
-34.54778,-58.55473,Sushi Pop,Comida rápida,61 - Lacroze,
-34.58905,-58.40920,la Aguada,Comida rápida,Billinghurst,
-34.58488,-58.41189,Vinnie’s,Comida rápida,Julián Baltasar Álvarez 2773,
-34.58320,-58.41532,Edmon,Comida rápida,República Árabe Siria,
-34.58466,-58.41320,Biscottini,Comida rápida,Beruti,
-34.60975,-58.40199,Grandi,Comida rápida,Larrea,
-34.58302,-58.42419,Chacaito,Comida rápida,Thames,
-34.59527,-58.40431,Brozziano,Comida rápida,Ecuador,
-34.57089,-58.43493,Pecar,Comida rápida,República de Eslovenia 1987,
-34.56801,-58.43344,Dos Escudos,Comida rápida,San Benito de Palermo 1695,
-34.58531,-58.42119,Café Martinez,Comida rápida,Armenia,
-34.49764,-58.51974,El Nuevo Mundo de la Pizza,Comida rápida,Avenida Sir Alexander Fleming 1906,
-34.58008,-58.40582,The Food Truck Store,Comida rápida,Bulnes,
-34.56662,-58.43402,Fisher's,Comida rápida,Migueletes,
-34.56693,-58.43306,Casa Isla,Comida rápida,Teniente Benjamín Matienzo,
-34.58070,-58.41978,Croque Madame,Comida rápida,Ciclovía Sarmiento,
-34.58004,-58.41007,Philo,Comida rápida,Raúl Scalabrini Ortiz,
-34.66680,-58.36757,Potatoes deposit,Comida rápida,Colón 876,
-34.64287,-58.52464,La Pilarica,Comida rápida,"-34.64287, -58.52464",
-34.60570,-58.37662,Solo Empanadas,Comida rápida,Maipú 208,
-34.58891,-58.39114,Beijing,Comida rápida,Guido,
-34.61737,-58.37474,Ermak,Comida rápida,Avenida Independencia 626,
-34.59366,-58.54527,Las Delicias de Lourdes,Comida rápida,38 - Hipólito Yrigoyen 5498,
-34.62837,-58.52305,Tienda de café,Comida rápida,"-34.62837, -58.52305",
-34.57869,-58.41299,Take al paso,Comida rápida,Cerviño 3871,
-34.64069,-58.56792,Pompeya,Comida rápida,Leandro N. Alem,
-34.60796,-58.37652,Wok Express,Comida rápida,Maipú,
-34.54919,-58.47380,García del Mar,Comida rápida,Avenida García del Río 2855,
-34.59720,-58.37994,Parrilla Cero 5,Comida rápida,Suipacha 930,
-34.57855,-58.53816,ATE Cell,Talleres,52 - Belgrano 3892,
-34.60932,-58.38297,Teatro Tercer Acto,Comida rápida,Avenida De Mayo,
-34.57797,-58.53610,Re Papa,Comida rápida,89 - Intendente Alberto Manuel Campos 1918,
-34.62829,-58.46464,Costumbres Argentinas,Comida rápida,General José Gervasio Artigas,
-34.57710,-58.54095,El Club de la Milanesa,Comida rápida,56 - Domingo Matheu 3941,
-34.58179,-58.43377,Nacha burritos,Comida rápida,Fitz Roy 1988,
-34.55691,-58.44920,Mi Rey,Comida rápida,Montañeses,
-34.56658,-58.46122,Cielo Azul,Comida rápida,Conesa,
-34.59564,-58.49555,Alma de Gil,Comida rápida,Argerich,
-34.60368,-58.50858,Rincón Norteño,Comida rápida,Avenida Chivilcoy,
-34.59953,-58.48004,Buffalo's,Comida rápida,Basilio Cittadini,
-34.62244,-58.42896,YPF,Estaciones de servicio,Avenida Juan Bautista Alberdi 100,
-34.59662,-58.37511,Murasaki,Comida rápida,Florida 971,
-34.58840,-58.40607,Romario,Comida rápida,Juncal 2864,
-34.71198,-58.28299,Café Sur,Comida rápida,9 de Julio 130,
-34.71196,-58.28309,Akle Taine,Comida rápida,9 de Julio 141,
-34.58430,-58.41963,Toto's,Comida rápida,Armenia,
-34.58445,-58.41940,Chevere,Comida rápida,Armenia,
-34.55970,-58.46447,El Tordo,Comida rápida,Franklin Delano Roosevelt,
-34.60113,-58.39841,Peches Magda,Comida rápida,Viamonte 2190,
-34.62340,-58.47679,Dashimaki,Comida rápida,Ruperto Godoy 770,
-34.60445,-58.39716,Haku Mikhuq,Comida rápida,"-34.60445, -58.39716",
-34.57745,-58.53515,Medialunas Point,Comida rápida,85 - Bonifacini 1902,
-34.58224,-58.53670,Claudio,Talleres,44 - Benito Juárez 4087,
-34.59298,-58.43496,naní,Comida rápida,Gurruchaga,
-34.58546,-58.42298,Cinna coffe &roll,Comida rápida,Paraguay 4387,
-34.58858,-58.43233,Antonietta,Comida rápida,Gorriti,
-34.58034,-58.53445,Santa Maria,Comida rápida,91 - San Martín 1707,
-34.57604,-58.53849,Bocata,Comida rápida,89 - Doctor Ramón Carrillo 2146,
-34.57679,-58.53884,Panchería Mamita's,Comida rápida,91 - San Lorenzo 2115,
-34.61655,-58.50542,Hever,Talleres,Arregui,
-34.54578,-58.46784,Café Nuñez,Comida rápida,Paroissien,
-34.58209,-58.54011,YPF,Estaciones de servicio,Avenida 101 - Doctor Ricardo Balbín 1897,
-34.57308,-58.43929,Il Nostro Café,Comida rápida,Avenida Cabildo 264,
-34.58306,-58.42189,Benigno,Comida rápida,Güemes 4400,
-34.57848,-58.54024,Miara,Comida rápida,54 - Bartolomé Mitre 4002,
-34.57814,-58.54221,Teté,Comida rápida,97 - Félix Ballester 2208,
-34.57866,-58.54047,La Oliva,Comida rápida,54 - Bartolomé Mitre 4034,
-34.60983,-58.38349,Salta el Fuego,Comida rápida,Hipólito Yrigoyen,
-34.60969,-58.38335,El Globo,Comida rápida,Hipólito Yrigoyen 1199,
-34.56656,-58.54306,New Time,Comida rápida,70 - La Crujía 3267,
-34.58103,-58.53493,Pancheria,Comida rápida,44 - Benito Pablo Juárez,
-34.59229,-58.42880,Bodegón Nuñez,Comida rápida,José Antonio Cabrera,
-34.58685,-58.39949,Café Gutierrez,Comida rápida,"-34.58685, -58.39949",
-34.60993,-58.37499,Brozziano,Comida rápida,Perú,
-34.61259,-58.37608,Woke,Comida rápida,Avenida Belgrano 695,
-34.60946,-58.38551,JC,Comida rápida,Avenida de Mayo,
-34.60874,-58.38211,Ugi's,Comida rápida,Lima,
-34.61543,-58.38179,Azteca,Comida rápida,Lima 603,
-34.60591,-58.41996,The Coffee Store,Comida rápida,Teniente General Juan Domingo Perón,
-34.60717,-58.42006,Lo de Fran,Comida rápida,Jerónimo Salguero 302,
-34.58825,-58.41938,The Coffee Store,Comida rápida,Paraguay,
-34.60432,-58.37047,La Recova,Comida rápida,Avenida Leandro N. Alem,
-34.57365,-58.53026,San Roque,Comida rápida,48 - Estrada 3003,
-34.54148,-58.47436,Pizza Gigante,Comida rápida,Avenida San Isidro Labrador,
-34.47164,-58.52417,La Buena Vida,Comida rápida,Don Bosco,
-34.57423,-58.48669,Mostaza,Comida rápida,Avenida Triunvirato 4714,
-34.61832,-58.43608,Mostaza,Comida rápida,Avenida Rivadavia,
-34.60943,-58.39866,Mostaza,Comida rápida,Avenida Rivadavia,
-34.56156,-58.45809,La Artesana,Comida rápida,Mendoza,
-34.56468,-58.51428,Chegusán,Comida rápida,1 - Avenida de los Constituyentes 1774,
-34.58360,-58.41852,Mojo,Comida rápida,Armenia,
-34.56752,-58.51636,GNC Galileo,Talleres,Avenida 44 - Presidente Arturo Umberto Illia 1471,
-34.58136,-58.37935,Paraje Kue,Comida rápida,Yaguareté 730,
-34.58667,-58.41434,Pizza Data,Comida rápida,Julián Álvarez 2489,
-34.58143,-58.38069,Lourdes,Comida rápida,Pasaje Atacama 804,
-34.56413,-58.57435,YPF,Estaciones de servicio,Diagonal 101 - Doctor Ricardo Balbín 5002,
-34.59350,-58.42511,Juani Café,Comida rápida,Gorriti 4399,
-34.60044,-58.49535,El Antojo,Comida rápida,Tinogasta 3174,
-34.56350,-58.43882,La Cafería,Comida rápida,Avenida Federico Lacroze,
-34.56344,-58.43877,Rock & Donuts,Comida rápida,Avenida Federico Lacroze,
-34.59927,-58.44744,Evolution,Talleres,Muñecas,
-34.57038,-58.44528,Confitería Ritz,Comida rápida,Avenida Federico Lacroze 2425,
-34.57270,-58.44670,Monti,Comida rápida,Avenida Federico Lacroze 2699,
-34.77666,-58.26492,Galpon,Comida rápida,Avenida Calchaquí,
-34.77823,-58.26357,Metejon,Comida rápida,"-34.77823, -58.26357",
-34.79240,-58.24910,Taller Mecánico,Talleres,Avenida 21 - Doctora Julieta Lanteri,
-34.79314,-58.24984,Taller de Elásticos Santiago,Talleres,Beata Claudina Thevenet,
-34.79088,-58.24837,VR2,Talleres,Calle 104,
-34.69260,-58.33192,Troilo,Comida rápida,Darwin,
-34.78123,-58.41427,Pizza Time,Comida rápida,Juan B. Vago,
-34.58256,-58.37931,Sabores Intensos,Comida rápida,Islas Galápagos,
-34.55442,-58.46076,Lev-Val,Talleres,Congreso,
-34.55357,-58.45911,La Panchita,Comida rápida,Congreso 2049,
-34.55535,-58.44528,Cuervo,Comida rápida,Juramento 1248,
-34.55572,-58.44633,Kia Service,Talleres,Juramento 1373,
-34.55523,-58.44421,Proline Service S.R.L.,Talleres,Artilleros,
-34.41704,-58.57180,Havanna,Comida rápida,Astillero Parodi,
-34.64474,-58.59072,Testa Di Leone,Comida rápida,Pasaje La Porteña,
-34.58740,-58.52771,Navacar,Talleres,24 - República De Israel,
-34.60223,-58.37399,Mercado del Centro,Comida rápida,San Martín 498,
-34.57876,-58.40953,Lharmonie,Comida rápida,Juan Francisco Seguí 3615,
-34.58904,-58.39390,Quotidiano - Bar de Pasta,Comida rápida,Vicente López,
-34.60223,-58.37234,Núvola Centro,Comida rápida,Reconquista 479,
-34.58941,-58.44539,Anchoita,Comida rápida,Juan Ramírez de Velasco 1520,
-34.55868,-58.44916,Joy,Comida rápida,Pasaje Echeverría,
-34.58654,-58.44524,Garcia Castro,Comida rápida,Avenida Dorrego 1311,
-34.58217,-58.41320,Halcom,Comida rápida,"Ugarteche 2886,2888",
-34.58275,-58.41398,GUT,Comida rápida,Ugarteche 2810,
-34.58135,-58.42212,Waffles Coffee,Comida rápida,Thames,
-34.58175,-58.37946,Chiki Pizza,Comida rápida,Carlos Humberto Perette 737,
-34.57892,-58.42532,Milanga & Co,Comida rápida,Avenida Santa Fe 4600,
-34.55901,-58.44881,Café Registrado,Comida rápida,Avenida Virrey Vértiz 1987,
-34.58624,-58.42407,Osteria Raggio,Comida rápida,Gurruchaga 2121,
-34.58392,-58.41851,Carneros,Comida rápida,Armenia 2479,
-34.58332,-58.42101,Cafeto,Comida rápida,Güemes 4299,
-34.55199,-58.45203,Air Coffee,Comida rápida,Avenida Del Libertador,
-34.58202,-58.42112,Verm y Cheli,Comida rápida,Jorge Luis Borges 2482,
-34.63741,-58.56655,Estación de Café,Comida rápida,Cervantes 486,
-34.58899,-58.55525,Shell,Estaciones de servicio,"-34.58899, -58.55525",
-34.55777,-58.45061,Archi,Comida rápida,Via Viva Barrio Chino,
-34.55752,-58.45103,Brochette City,Comida rápida,Via Viva Barrio Chino,
-34.55782,-58.45075,Café 2D,Comida rápida,Via Viva Barrio Chino,
-34.54226,-58.47352,La Payada,Comida rápida,Arias,
-34.55768,-58.45099,Havanna,Comida rápida,Via Viva Barrio Chino,
-34.55762,-58.45086,Dumpling Pong,Comida rápida,Via Viva Barrio Chino,
-34.59435,-58.37989,Fenicia,Comida rápida,Suipacha 1183,
-34.58257,-58.42138,Impanato,Comida rápida,Jorge Luis Borges 2445,
-34.62389,-58.44081,Rosatto,Comida rápida,Del Barco Centenera 401,
-34.60307,-58.42078,Sabores Express,Comida rápida,Avenida Corrientes 3981,
-34.56466,-58.45576,Caffe Nascosto,Comida rápida,Ciudad de la Paz 1883,
-34.55853,-58.44917,Orei,Comida rápida,Pasaje Echeverria 1677 8,
-34.75667,-58.40010,Caviahue,Comida rápida,Manuel Acevedo 331,
-34.57280,-58.55207,Puma,Estaciones de servicio,Avenida 101 - Doctor Ricardo Balbín,
-34.55782,-58.45052,Fubao,Comida rápida,Via Viva Barrio Chino,
-34.55759,-58.45091,Endivia,Comida rápida,Via Viva Barrio Chino,
-34.55765,-58.45081,Peko Peko,Comida rápida,Via Viva Barrio Chino,
-34.55756,-58.45096,By Papas,Comida rápida,Via Viva Barrio Chino,
-34.58635,-58.56044,Shell,Estaciones de servicio,Avenida 64 - Presidente Juan Domingo Perón,
-34.58521,-58.41118,Café Martínez,Comida rápida,"-34.58521, -58.41118",
-34.63869,-58.52809,Nuevo Caminito,Comida rápida,Doctor Ángel Honorio Roffo,
-34.54718,-58.55548,La Dionisia,Comida rápida,61 - Lacroze,
-34.78055,-58.33742,Gomería El Paisa,Gomerías,Tierra Del Fuego,
-34.78341,-58.34175,Pizzería Los Tres Chiflados,Comida rápida,Alberto Williams,
-34.78087,-58.33722,Hamburguesería Punto Sur,Comida rápida,Avenida General San Martín 4914,
-34.47001,-58.52190,Pizzería Chulo's,Comida rápida,Monseñor Alberti,
-34.63632,-58.57688,Pizzería El Dibu,Comida rápida,General Juan Gelly y Obes 850,
-34.57020,-58.44478,Antica Berna,Comida rápida,Avenida Cabildo 800,
-34.58451,-58.43607,El Galpón De Tacuara,Comida rápida,Honduras 5560,
-34.55771,-58.45071,Chicken Club,Comida rápida,Via Viva Barrio Chino,
-34.55744,-58.45117,Pescadito,Comida rápida,Via Viva Barrio Chino,
-34.57158,-58.52339,La Tranquera,Comida rápida,53 - Gutiérrez,
-34.58185,-58.43589,Cachito Premium,Comida rápida,Costa Rica 5702,
-34.60461,-58.44628,Cachito Premium,Comida rápida,Coronel Apolinario Figueroa 399,
-34.60689,-58.41873,La Blanquita (Nacional y Popular),Comida rápida,Bulnes 338,
-34.61034,-58.46663,Cachito Premium,Comida rápida,Andrés Lamas 1621,
-34.53953,-58.47502,Panchos Raimundo,Comida rápida,Avenida Cabildo,
-34.64206,-58.56570,Sabores Express,Comida rápida,Avenida de Mayo 125,
-34.63545,-58.57558,Arroba Pizza,Comida rápida,Estanislao del Campo 730,
-34.79457,-58.36189,Ten tate,Comida rápida,Doctor Omar Jorge Marucco,
-34.79496,-58.36159,Mamá Olga,Comida rápida,Doctor Omar Jorge Marucco,
-34.79446,-58.36173,Las Medialunas del Abuelo,Comida rápida,Avenida General San Martín,
-34.79374,-58.36045,Capitán Pollo,Comida rápida,Avenida General San Martín,
-34.79522,-58.35743,Garibaldi,Comida rápida,Colón,
-34.79333,-58.35972,Pizzería Pepas,Comida rápida,Avenida General San Martín,
-34.79234,-58.35794,Mr. Pollo,Comida rápida,Avenida General San Martín,
-34.79103,-58.35625,Lubricentro El Triunfo,Talleres,Avenida General San Martín,
-34.79095,-58.35609,Aldorado,Comida rápida,Avenida General San Martín,
-34.79101,-58.35558,Las recetas de Sofía,Comida rápida,Avenida General San Martín,
-34.79044,-58.35451,Pizzería,Comida rápida,Avenida General San Martín,
-34.78394,-58.34342,Parrilla,Comida rápida,Avenida General San Martín,
-34.58493,-58.41872,Hi coffee,Comida rápida,Güemes,
-34.76937,-58.32589,Autoscaner,Talleres,Avenida Donato Álvarez 2298,
-34.59282,-58.40314,Sultan,Comida rápida,Arenales,
-34.56798,-58.50608,Bilbo,Comida rápida,Crisólogo Larralde 6293,
-34.58765,-58.43200,De Niro,Comida rápida,Honduras,
-34.57236,-58.43069,Vaffanculo cantina italiana,Comida rápida,Báez,
-34.57624,-58.43938,Cuadra,Comida rápida,Concepción Arenal 2629,
-34.57847,-58.42607,Parri Point,Comida rápida,Avenida Santa Fe 4640,
-34.58313,-58.44474,Rondinella,Comida rápida,Avenida Álvarez Thomas,
-34.57228,-58.43154,Gökotta,Comida rápida,"-34.57228, -58.43154",
-34.61114,-58.36367,Havanna,Comida rápida,Olga Cossettini 1151,
-34.56242,-58.57983,Gulf,Estaciones de servicio,Avenida 101 - Doctor Ricardo Balbín,
-34.55609,-58.41450,Havanna,Comida rápida,Avenida Costanera Rafael Obligado,
-34.55614,-58.41436,Le Pain Quotidien,Comida rápida,Avenida Costanera Rafael Obligado,
-34.55631,-58.41393,Hard Rock Cafe,Comida rápida,Avenida Costanera Rafael Obligado,
-34.55759,-58.41176,Tostado Cafe Club,Comida rápida,Avenida Costanera Rafael Obligado,
-34.55595,-58.41479,Club Milanesa,Comida rápida,Avenida Costanera Rafael Obligado,
-34.55720,-58.41241,McDonald's,Comida rápida,Avenida Costanera Rafael Obligado,
-34.55695,-58.41286,Starbucks,Comida rápida,Avenida Costanera Rafael Obligado,
-34.55706,-58.41279,Mostaza,Comida rápida,Avenida Costanera Rafael Obligado,
-34.55563,-58.41583,Havanna,Comida rápida,Avenida Costanera Rafael Obligado,
-34.60195,-58.37267,Plus Ultra,Comida rápida,Lavalle,
-34.59392,-58.41410,Carbonetti,Comida rápida,Avenida Coronel Díaz 1423,
-34.60364,-58.44913,Darién,Comida rápida,Avenida Doctor Honorio Pueyrredón 1534,
-34.58263,-58.42370,Dequichen,Comida rápida,Thames 2326,
-34.60001,-58.44945,Alberto Cars,Talleres,Escalada De San Martín,
-34.57864,-58.46719,Don Chicho,Comida rápida,Zarraga,
-34.58538,-58.42065,Vivant,Comida rápida,Charcas,
-34.58612,-58.41959,Pizza Pala,Comida rápida,Charcas,
-34.58612,-58.42011,Woopies,Comida rápida,Malabia,
-34.57749,-58.40318,Dashi,Comida rápida,San Martín De Tours,
-34.61061,-58.37497,Lo de nico,Comida rápida,Perú,
-34.60924,-58.37341,Pertutti,Comida rápida,Avenida Hipólito Yrigoyen 500,
-34.55698,-58.45198,Miyaki,Comida rápida,Via Viva Barrio Chino,
-34.60859,-58.52158,Dulces Tentaciones,Comida rápida,Pedro Morán,
-34.60776,-58.52087,La Unión,Comida rápida,Avenida Lastra,
-34.60662,-58.52240,Deniro,Comida rápida,Nueva York,
-34.58814,-58.42325,Puerto,Comida rápida,Soler,
-34.58790,-58.42525,Casa Dingo,Comida rápida,Armenia 1908,
-34.58751,-58.42461,Urban Jazz Pizza,Comida rápida,Armenia 1986,
-34.58487,-58.41992,Fabrica de Sandwiches Renata 1,Comida rápida,Armenia 2367,
-34.58466,-58.41964,La Pecera,Comida rápida,Güemes,
-34.58729,-58.42337,Moshu Treehouse,Comida rápida,Guatemala 4570,
-34.58451,-58.41176,Tomasso,Comida rápida,Juncal,
-34.59167,-58.41780,Lievito madre,Comida rápida,Soler,
-34.58452,-58.41342,Republica,Comida rápida,"-34.58452, -58.41342",
-34.57002,-58.50872,El Ombú,Comida rápida,Avenida De Los Constituyentes,
-34.59720,-58.37872,Tanta,Comida rápida,Esmeralda 938,
-34.61088,-58.43040,Black Clover,Comida rápida,"-34.61088, -58.43040",
-34.60273,-58.39704,Bi-Won,Comida rápida,Junín 548,
-34.67296,-58.57430,Telepizza,Comida rápida,Jean Jaurès,
-34.67343,-58.57414,Mecánico,Talleres,Mariano Santamaría,
-34.55620,-58.44984,Weiss,Comida rápida,Montañeses,
-34.63369,-58.50013,La Buena Onda II,Comida rápida,Lope De Vega,
-34.63316,-58.50024,Flor - Tom,Comida rápida,Lope De Vega,
-34.55696,-58.45204,Limitless,Comida rápida,Via Viva Barrio Chino,
-34.55734,-58.45154,Ñato,Comida rápida,Via Viva Barrio Chino,
-34.61426,-58.47276,Mastersmotos,Insumos de motos,Avenida Juan Bautista Justo,
-34.59493,-58.44487,Rocket,Insumos de motos,Avenida Juan Bautista Justo,
-34.63354,-58.52148,Mostaza,Comida rápida,Avenida Juan Bautista Justo,
-34.55855,-58.44823,Shawarma Qatar,Comida rápida,Echeverría 1618,
-34.59664,-58.43361,Sampa,Comida rápida,Avenida Raúl Scalabrini Ortiz 769,
-34.59190,-58.41233,Panera Rosa,Comida rápida,Avenida Coronel Díaz 1699,
-34.58905,-58.41031,Dandy,Comida rápida,Avenida Santa Fe 3202,
-34.59209,-58.41297,Neumacenter,Talleres,General Lucio Norberto Mansilla,
-34.55690,-58.45787,Tomasso,Comida rápida,"-34.55690, -58.45787",
-34.55667,-58.45742,F. Cester e Hijos,Talleres,Monroe,
-34.58820,-58.44694,Hobby,Comida rápida,Guevara 91,
-34.66786,-58.60255,Zona Gastronómica,Comida rápida,Avenida Don Bosco,
-34.68366,-58.61958,Parrilla Hu,Comida rápida,"-34.68366, -58.61958",
-34.60811,-58.37772,Merengue,Comida rápida,Rivadavia,
-34.59440,-58.42451,KOI Dumplings,Comida rápida,Lavalleja 1387,
-34.60874,-58.37928,Goya,Comida rápida,Tacuarí,
-34.60886,-58.37646,Havanna,Comida rápida,Chacabuco,
-34.60915,-58.38051,Mostaza,Comida rápida,Avenida De Mayo 984,
-34.61027,-58.37237,La Puerto Rico,Comida rápida,Adolfo Alsina 416,
-34.58777,-58.42650,Adorado,Comida rápida,Gurruchaga 1875,
-34.55684,-58.45222,Mila & Philly,Comida rápida,Via Viva Barrio Chino,
-34.40187,-58.63739,Kansas,Comida rápida,Avenida Agustín M. García,
-34.58076,-58.41335,Casa Saenz,Comida rápida,República Árabe Siria 3045,
-34.57917,-58.41278,Paru Deli,Comida rápida,Cerviño 3812,
-34.55705,-58.45185,Gota,Comida rápida,Via Viva Barrio Chino,
-34.58021,-58.40917,Lattente,Comida rápida,Cerviño,
-34.65182,-58.61970,Delva,Comida rápida,Nuestra Señora del Buen Viaje 792,
-34.60862,-58.38340,Hispano,Comida rápida,"-34.60862, -58.38340",
-34.58070,-58.41047,Tostado,Comida rápida,Cabello,
-34.58063,-58.41042,Bibis,Comida rápida,Raúl Scalabrini Ortiz 3114,
-34.58917,-58.42410,Portus Specialty Coffee,Comida rápida,Nicaragua 4484,
-34.58088,-58.41202,Villalobos,Comida rápida,Ugarteche 3035,
-34.55225,-58.46839,Rita,Comida rápida,Amenábar 3361,
-34.58838,-58.41664,Sushiclub,Comida rápida,Charcas,
-34.58717,-58.41711,Taquito,Comida rápida,Aráoz,
-34.55728,-58.45145,Nekofi,Comida rápida,Via Viva Barrio Chino,
-34.58753,-58.41395,Cafe Armenio,Comida rápida,Jerónimo Salguero,
-34.57288,-58.54439,Moto Flash,Insumos de motos,Avenida 64 - Presidente Juan Domingo Perón 3023,
-34.57288,-58.54458,Tomasetto Achille,Talleres,Avenida 64 - Presidente Juan Domingo Perón,
-34.57344,-58.54506,Lubricentro Fugazi,Talleres,Avenida 64 - Presidente Juan Domingo Perón 3909,
-34.63884,-58.52808,Pancho Villa,Comida rápida,Doctor Ángel Honorio Roffo,
-34.63886,-58.52835,La Positiva,Comida rápida,Doctor Ángel Honorio Roffo,
-34.58845,-58.41208,Tomasso,Comida rápida,Bulnes 1972,
-34.59035,-58.41715,Tomasso,Comida rápida,Jerónimo Salguero,
-34.59067,-58.41672,Picaro,Comida rápida,Paraguay,
-34.58752,-58.42001,Pollos,Comida rápida,Avenida Raúl Scalabrini Ortiz,
-34.58697,-58.41913,Empanadas,Comida rápida,Avenida Raúl Scalabrini Ortiz,
-34.58907,-58.41876,Lepa,Comida rápida,Julián Baltasar Álvarez,
-34.58826,-58.41972,Big Pizza,Comida rápida,Paraguay 4024,
-34.55862,-58.44926,Yatai Yatoi,Comida rápida,Pasaje Echeverría,
-34.66837,-58.56782,Café Martínez,Comida rápida,Venezuela,
-34.62302,-58.39768,Sunra Vehiculos Electricos,Insumos de motos,Avenida San Juan,
-34.66404,-58.53955,La Artesanal,Comida rápida,Avenida Enrique Mosconi,
-34.65347,-58.51823,Tostado Cafe Club,Comida rápida,Avenida Emilio Castro,
-34.67147,-58.56360,La Esquina De La Facu,Comida rápida,Florencio Varela,
-34.65588,-58.52340,Café Martínez,Comida rápida,Fragata Trinidad,
-34.55687,-58.45236,Hattogu,Comida rápida,Via Viva Barrio Chino,
-34.59955,-58.56143,Axion,Estaciones de servicio,643 - Avenida del Libertador General José de San Martín 1934,
-34.57812,-58.42492,Big Pizza,Comida rápida,Godoy Cruz,
-34.59471,-58.53835,Autoradio Da-Na,Talleres,22 - Rodríguez Peña,
-34.64323,-58.49753,GPS Taller - Los amigos,Talleres,Escalada 587,
-34.60094,-58.54773,Super Kiosco,Comida rápida,425 - Rodríguez Peña,
-34.64333,-58.49741,El Rey del Pollo,Comida rápida,Av. Emilio Castro 5101,
-34.58925,-58.41258,La Palita,Comida rápida,Bulnes 1905,
-34.59139,-58.41466,Camila,Comida rápida,Bulnes 1757,
-34.56199,-58.54932,New Alem,Comida rápida,Diagonal 78 - Leandro N. Alem,
-34.56204,-58.54924,Huaral Sushi,Comida rápida,79 - Ayacucho 3486,
-34.60279,-58.51255,Devoto Panchos,Comida rápida,Ricardo Gutiérrez Sur,
-34.59001,-58.42408,NYC,Comida rápida,Costa Rica,
-34.57819,-58.42499,Don Diego,Comida rápida,Godoy Cruz,
-34.66061,-58.62430,Dirección Hidraulica SPR,Talleres,Avenida Hipólito Yrigoyen,
-34.55708,-58.45180,Cruz Omakase,Comida rápida,Via Viva Barrio Chino,
-34.60261,-58.48868,Punto de Partida,Comida rápida,Avenida Nazca 2893,
-34.55174,-58.43734,Boxes,Talleres,"-34.55174, -58.43734",
-34.50469,-58.53539,Gomería 24hs,Gomerías,Cochabamba 3266,
-34.55871,-58.44911,Hongdae,Comida rápida,Pasaje Echeverría,
-34.58208,-58.40681,Havana,Comida rápida,Cabello,
-34.58185,-58.40741,Totem,Comida rápida,Cabello 3266,
-34.58155,-58.40842,Rotisserie,Comida rápida,Cabello,
-34.46630,-58.50714,Blu,Comida rápida,Juan Bautista de Lasalle 441,
-34.46635,-58.50699,Comité Wine & Food,Comida rápida,Juan Bautista de Lasalle 437,
-34.62015,-58.44171,Empanadas El Rufián,Comida rápida,Rojas,
-34.44164,-58.55607,Gran Sport,Comida rápida,Constitución,
-34.54683,-58.46544,Traiano,Comida rápida,Arcos 3663,
-34.81267,-58.49031,Gomería,Talleres,Antonio Cervetti,
-34.50396,-58.56170,Dufourc,Talleres,José Maria Verduga,
-34.45943,-58.52006,Boretto,Comida rápida,Florentino Ameghino,
-34.56726,-58.54295,Lola's & Pepe's,Comida rápida,79 - Ayacucho 2864,
-34.61012,-58.42265,El Patio de Mingo,Comida rápida,Bartolomé Mitre 3986,
-34.55517,-58.45097,Nemoral,Comida rápida,Montañeses 2342,
-34.58609,-58.42194,Big Pizza,Comida rápida,Armenia 2211,
-34.58555,-58.42325,Coffee Street,Comida rápida,Paraguay 4400,
-34.60441,-58.39023,Passagem Oculta,Comida rápida,Avenida Corrientes,
-34.58027,-58.43821,Arena café,Comida rápida,Costa Rica 5954,
-34.60419,-58.40520,Sabores Express,Comida rápida,Avenida Pueyrredón 529,
-34.77578,-58.40564,Caruso Suspensión,Talleres,Avenida Hipólito Yrigoyen,
-34.52660,-58.57314,YPF,Estaciones de servicio,Diagonal 190 - Brigadier General Juan Manuel De Rosas,
-34.59338,-58.41360,Yerman,Comida rápida,Avenida Coronel Díaz 1491,
-34.59213,-58.41254,La Pesceria,Comida rápida,Avenida Coronel Díaz 1651,
-34.58408,-58.40642,Nutra,Comida rápida,Avenida Coronel Díaz 2477,
-34.58218,-58.40587,Primo,Comida rápida,Cabello 3119,
-34.58203,-58.40638,Mishiguene,Comida rápida,Cabello 3181,
-34.58139,-58.40839,IVO,Comida rápida,Cabello 3375,
-34.62726,-58.52052,Molina,Comida rápida,Lisboa,
-34.62682,-58.51830,Olimpo,Comida rápida,Arregui,
-34.62284,-58.52184,Arbol de Café,Comida rápida,Cortina 2006,
-34.61993,-58.51833,MAGA,Comida rápida,Juan Esteban Martínez,
-34.61962,-58.51795,Bonafide,Comida rápida,Nogoyá,
-34.62602,-58.52044,El Parrilón de Versailles,Comida rápida,Ruiz de los Llanos 1410,
-34.57485,-58.57377,Listo,Comida rápida,133 - Moreno 4247,
-34.58157,-58.43546,Casa Suculenta,Comida rápida,Bonpland 1920,
-34.61229,-58.52146,Alma Canella,Comida rápida,Cervantes,
-34.59527,-58.37449,Travel Studio,Comida rápida,San Martín,
-34.62457,-58.52804,Grupo Moto E,Insumos de motos,Gallardo,
-34.59391,-58.52833,Naturgy,Estaciones de servicio,10 - República Del Líbano,
-34.59911,-58.36439,Jisu,Comida rápida,Mariquita Sánchez De Thompson,
-34.48070,-58.50635,Bulldog,Comida rápida,Avenida Santa Fe,
-34.58027,-58.54474,Cajas Automáticas,Talleres,56 - Domingo Matheu 4427,
-34.59414,-58.40240,Bonafide,Comida rápida,Avenida Pueyrredón,
-34.59193,-58.40286,Romario,Comida rápida,Beruti,
-34.59243,-58.41049,Delicias,Comida rápida,Sánchez de Bustamante 1605,
-34.59213,-58.40296,Oviedo,Comida rápida,Beruti,
-34.59224,-58.40273,Toller kaffeë,Comida rápida,Ecuador,
-34.62799,-58.43499,Bellagamba,Comida rápida,Avenida Directorio,
-34.62502,-58.36104,Le Pain Quotidien,Comida rápida,Avenida Don Pedro de Mendoza 90,
-34.59669,-58.38042,Seven Days,Comida rápida,Marcelo T. De Alvear,
-34.59657,-58.38089,El Bar de Mon,Comida rápida,Marcelo T. De Alvear,
-34.59590,-58.38128,Luxushi,Comida rápida,Carlos Pellegrini,
-34.59949,-58.38799,Sempre,Comida rápida,Avenida Córdoba,
-34.59663,-58.39202,TequeRock,Comida rápida,Rodríguez Peña,
-34.59125,-58.40382,Usina Cafetera,Comida rápida,Beruti 2751,
-34.58720,-58.49969,Sam Jorge,Comida rápida,Vallejos,
-34.59382,-58.40340,Tienda de Empanadas,Comida rápida,Ecuador 1417,
-34.58358,-58.39975,Tupé Parrilla,Comida rápida,Tagle 2621,
-34.60088,-58.51219,Let it V,Comida rápida,Mercedes,
-34.60315,-58.38505,Cucina de Santo,Comida rápida,Talcahuano 475,
-34.55688,-58.45216,Bao Burger,Comida rápida,Via Viva Barrio Chino,
-34.55689,-58.45232,Tayaki,Comida rápida,Via Viva Barrio Chino,
-34.55701,-58.45193,Escandaloso,Comida rápida,Via Viva Barrio Chino,
-34.51812,-58.56882,Sadar,Talleres,Diagonal 190 - Brigadier General Juan Manuel de Rosas,
-34.58879,-58.41387,Nucha,Comida rápida,Vidt 1988,
-34.58665,-58.41392,Mr. Tasty,Comida rápida,Avenida Santa Fe 3476,
-34.58663,-58.41395,Santiago,Comida rápida,Avenida Santa Fe,
-34.57399,-58.45899,La ventana,Comida rápida,Virrey Avilés,
-34.59607,-58.37731,Croque Madame,Comida rápida,Avenida Santa Fe 750,
-34.59300,-58.39718,Sasha,Comida rápida,Juncal 2110,
-34.54396,-58.53738,Venus,Talleres,25 - General Güemes,
-34.59234,-58.38509,Porongo,Comida rápida,Presidente Quintana 48,
-34.60179,-58.43348,Cantegril,Comida rápida,Avenida Corrientes 4800,
-34.60465,-58.42425,San Marino,Comida rápida,Gascón,
-34.59840,-58.37503,Café,Comida rápida,Florida,
-34.59950,-58.43893,Burger King,Comida rápida,Avenida Corrientes 5217,
-34.60422,-58.41440,Alcalá,Comida rápida,Sánchez De Bustamante,
-34.60572,-58.41506,Sanata Bar,Comida rápida,Sarmiento,
-34.57972,-58.41432,La empanaderia,Comida rápida,Cabello,
-34.58663,-58.41158,La Payuca,Comida rápida,Arenales,
-34.58710,-58.41132,Los Amigos,Comida rápida,Arenales 3422,
-34.58438,-58.43611,La Editorial Bistró,Comida rápida,Honduras 5582,
-34.58557,-58.42726,La Porta Nera,Comida rápida,Thames 1971,
-34.59841,-58.43454,Doc.cafe,Comida rápida,Aráoz 645,
-34.58825,-58.63117,Los Pinos,Comida rápida,Avenida Arturo Jauretche 947,
-34.61030,-58.44369,Martinelli Café,Comida rápida,Avenida Doctor Honorio Pueyrredón 874,
-34.58846,-58.38626,Tegui Barra,Comida rápida,Rodríguez Peña 1973,
-34.59952,-58.43425,Croque Madame Vila Crespo,Comida rápida,Julián Álvarez 596,
-34.60018,-58.37894,Morfi Express,Comida rápida,Viamonte,
-34.55655,-58.45981,Vedra,Comida rápida,Vuelta de Obligado 2613,
-34.56788,-58.45518,Point,Comida rápida,Virrey Del Pino,
-34.64982,-58.51501,San Cayetano,Comida rápida,Pilar,
-34.48928,-58.62276,KFC,Comida rápida,Avenida Ángel Torcuato de Alvear 2404,
-34.48899,-58.62237,Kentucky,Comida rápida,Avenida Ángel Torcuato de Alvear 2423,
-34.41846,-58.57191,Vitajugos,Comida rápida,Los Ceibos,
-34.58446,-58.44958,Lardito,Comida rápida,Jorge Newbery 3655,
-34.59211,-58.41453,Yuzu,Comida rápida,Paraguay,
-34.58682,-58.41691,Mi Taragui,Comida rápida,Aráoz,
-34.58629,-58.41617,Sandwich,Comida rápida,Aráoz 2430,
-34.59009,-58.41691,Guimpi,Comida rápida,Jerónimo Salguero,
-34.58763,-58.41825,Barev,Comida rápida,Aráoz 2272,
-34.61916,-58.37259,Tapas De Lucía,Comida rápida,Bolívar,
-34.56694,-58.55122,Cafe Siboney,Comida rápida,78 - Leandro N. Alem,
-34.56688,-58.55120,La Caserita,Comida rápida,78 - Leandro N. Alem,
-34.58903,-58.44605,Ipolitina pizza,Comida rápida,Avenida Dorrego,
-34.46217,-58.56315,Pizza Thai,Comida rápida,Patricias Argentinas,
-34.46352,-58.56986,Taller Cali,Talleres,Ex Combatiente Juan Sánchez,
-34.54434,-58.43240,Ribs Al Río — Patio Costanera Norte,Comida rápida,Avenida Costanera Rafael Obligado,
-34.57925,-58.43920,Oli Café,Comida rápida,Costa Rica 6020,
-34.56567,-58.56078,Haagen Ram,Gomerías,101 - 9 de Julio 4084,
-34.44093,-58.55859,Lo de Carlitos,Comida rápida,3 de Febrero 951,
-34.82822,-58.49791,Chapa y Pintura Lau-Max,Talleres,Las Cina Cinas,
-34.82792,-58.49767,Gomería,Talleres,Máximo Paz,
-34.58362,-58.42274,Masago Sushi,Comida rápida,Jorge Luis Borges 2335,
-34.59744,-58.37994,Avocado Republic,Comida rápida,Suipacha 920,
-34.58445,-58.42413,Cantones,Comida rápida,Jorge Luis Borges 2210,
-34.60679,-58.37510,Green Eat,Comida rápida,Florida 102,
-34.59048,-58.43605,Falafelandia,Comida rápida,Avenida Córdoba,
-34.61960,-58.37387,La Zarpada,Comida rápida,Carlos Calvo 581,
-34.60483,-58.39003,Let it V,Comida rápida,Avenida Corrientes 1660,
-34.57679,-58.43410,Ganesha - Arts & Pizza,Comida rápida,Paraguay 5519,
-34.57273,-58.43019,El Estanciero,Comida rápida,"-34.57273, -58.43019",
-34.58801,-58.42252,pret a porter,Comida rápida,Guatemala,
-34.59677,-58.42435,A Fuego Fuerte,Comida rápida,Estado de Palestina 1167,
-34.70924,-58.49721,Tienda el tano,Comida rápida,De La Raíz,
-34.70982,-58.49348,Rosa de Saron,Comida rápida,Del Cultivo,
-34.70970,-58.49161,Lo de nico,Comida rápida,Del Fruto,
-34.45657,-58.53543,Taller Chamuel,Talleres,Avenida Uruguay 1146,
-34.55278,-58.48174,Manteca negra,Comida rápida,García Del Río,
-34.58379,-58.39222,La Fernetería,Comida rápida,Avenida Presidente Figueroa Alcorta,
-34.59001,-58.42270,Taj Mahal,Comida rápida,Nicaragua,
-34.56632,-58.41802,Roldán,Comida rápida,"-34.56632, -58.41802",
-34.55371,-58.43697,Bollito,Comida rápida,Castañeda,
-34.60723,-58.46214,Di Mamma,Comida rápida,Avenida Juan Bautista Justo,
-34.55072,-58.46338,Piedra Pasillo al Fondo,Comida rápida,Campos Salles 2145,
-34.46306,-58.52968,La Cabrera,Comida rápida,Gervasio Posadas,
-34.55107,-58.53002,René,Comida rápida,Diagonal 76 - Juan Martín Campos,
-34.50703,-58.51760,Confitería Paraná,Comida rápida,Paraná 3374,
-34.60904,-58.38356,Alameda,Comida rápida,Salta,
-34.41450,-58.58578,La Chispa,Comida rápida,Alsina,
-34.58971,-58.43048,Loving hunt,Comida rápida,Gorriti,
-34.61024,-58.40038,El Rebenque de Omar,Comida rápida,Matheu 24,
-34.58768,-58.41061,Whoopies,Comida rápida,Avenida Santa Fe 3253,
-34.58801,-58.39100,La Parolaccia,Comida rápida,Presidente Roberto M. Ortiz,
-34.57931,-58.41496,Doxa,Comida rápida,Cabello,
-34.75131,-58.61869,Rusticco Bar,Comida rápida,Intendente Federico Pedro Russo 4481,
-34.64662,-58.59704,Antitesis,Comida rápida,Avenida Rivadavia,
-34.64635,-58.59485,La Mutisia,Comida rápida,Avenida Rivadavia,
-34.59143,-58.39176,Croque Madame Colégio Escribanos,Comida rápida,Avenida Callao 1540,
-34.60545,-58.39044,Z • T,Comida rápida,Sarmiento 1677,
-34.60388,-58.38950,Venezolano,Comida rápida,Montevideo 426,
-34.60766,-58.38935,Futuro Veggie,Comida rápida,Montevideo,
-34.60577,-58.38941,La Nueva Lucas,Comida rápida,Montevideo 276,
-34.60351,-58.38953,"Parilla ""La Original """,Comida rápida,Montevideo 462,
-34.60421,-58.38779,Freddo,Comida rápida,Avenida Corrientes,
-34.60799,-58.38920,Comida por Peso,Comida rápida,Montevideo,
-34.60396,-58.38778,Palita,Comida rápida,Avenida Corrientes 1489,
-34.60598,-58.39085,Restaurante Bodega Campo,Comida rápida,Rodríguez Peña 264,
-34.60383,-58.38951,Cümen - Cümen,Comida rápida,Montevideo 446,
-34.60104,-58.38967,Al Zein - Empanadas Árabes,Comida rápida,Montevideo 678,
-34.59353,-58.38567,Clorindo Café,Comida rápida,Talcahuano 1261,
-34.62192,-58.43688,Molly's,Comida rápida,Riglos 299,
-34.62684,-58.44241,Cucina Paradiso,Comida rápida,Nicolás E. Videla,
-34.62763,-58.44711,Sócrates,Comida rápida,Avenida Pedro Goyena,
-34.59012,-58.43184,Negro,Comida rápida,José Antonio Cabrera 4977,
-34.60190,-58.38959,Lua Café,Comida rápida,Montevideo 596,
-34.63933,-58.36434,Cantina Patio La Boca,Comida rápida,General Gregorio Aráoz De Lamadrid 843,
-34.57320,-58.41115,Selena Café,Comida rápida,Avenida Adolfo Berro 3900,
-34.62090,-58.44093,Tienda De Café,Comida rápida,Del Barco Centenera 104,
-34.62803,-58.45057,The Coffee Store,Comida rápida,Avenida Pedro Goyena 1601,
-34.62499,-58.44184,Nucha,Comida rápida,Valle 1002,
-34.61994,-58.43744,Havanna,Comida rápida,Riglos 105,
-34.58812,-58.40986,Quotidiano Bar De Pastas,Comida rápida,"-34.58812, -58.40986",
-34.57423,-58.43283,ParrilhaSecreTITO,Comida rápida,Avenida Dorrego 2720,
-34.59052,-58.44055,Franca,Comida rápida,Darwin 1111,
-34.62815,-58.40014,Don Alberti,Comida rápida,Alberti,
-34.77364,-58.40499,Sabor Colonial II,Comida rápida,Avenida Hipólito Yrigoyen,
-34.61035,-58.43560,Amelia,Comida rápida,Campichuelo 599,
-34.58325,-58.42445,Vinnies,Comida rápida,Thames 2274,
-34.64406,-58.37506,Motoshop 16,Talleres,Benito Quinquela Martín,
-34.56803,-58.45183,Café Sur,Comida rápida,Ciudad de la Paz 1403,
-34.56881,-58.45198,Arredondo,Comida rápida,Virrey Arredondo 2562,
-34.58182,-58.43711,Namida,Comida rápida,El Salvador 5783,
-34.61176,-58.52837,El Pancho Caliente,Comida rápida,Avenida Lope De Vega,
-34.55578,-58.45593,Premium Service,Talleres,Monroe,
-34.55596,-58.45580,Rochino,Comida rápida,Av. Monroe 1964,
-34.60239,-58.37962,Sabores Express,Comida rápida,Lavalle 800,
-34.60371,-58.46225,Café Martínez,Comida rápida,Avenida San Martín 2494,
-34.60175,-58.46875,Tomasso,Comida rápida,Avenida San Martín,
-34.60278,-58.46444,La Corona,Comida rápida,Avenida San Martín,
-34.55758,-58.44865,Nagare,Comida rápida,Montañeses,
-34.61864,-58.37663,Hiro,Comida rápida,Estados Unidos 756,
-34.56601,-58.54401,Rover Service,Talleres,79 - Ayacucho 2983,
-34.57641,-58.53812,Salamanca,Comida rápida,89 - Doctor Ramón Carrillo 2102,
-34.58085,-58.53887,Cafeína,Comida rápida,97 - Santiago de Liniers 4108,
-34.61024,-58.43577,Amelia,Comida rápida,Campichuelo,
-34.55680,-58.45229,Al-Amir,Comida rápida,Via Viva Barrio Chino,
-34.55775,-58.45088,Royal Gourmet,Comida rápida,Via Viva Barrio Chino,
-34.55692,-58.45228,Ramen Dong,Comida rápida,Via Viva Barrio Chino,
-34.64633,-58.63613,Axion,Estaciones de servicio,Presidente Sarmiento 2003,
-34.62776,-58.48991,El Viejo Bodegón,Comida rápida,Avenida Gaona 4794,
-34.62760,-58.48958,Destak,Talleres,Avenida Gaona,
-34.58903,-58.42859,Fuego Pizza del Mundo,Comida rápida,Gurruchaga 1632,
-34.81693,-58.47213,Aloha Sushi,Comida rápida,Avenida Dardo Rocha,
-34.60311,-58.45240,Sicilia,Comida rápida,Doctor Luis Belaustegui 700,
-34.61740,-58.40931,San Jorge,Comida rápida,General Urquiza,
-34.58409,-58.42552,Tintico,Comida rápida,Thames 2174,
-34.55015,-58.47516,Casamanza,Comida rápida,Conesa 3802,
-34.55079,-58.47423,Toust,Comida rápida,Jaramillo,
-34.55628,-58.48176,Café Martínez,Comida rápida,Doctor Rómulo Naón 3656,
-34.55673,-58.48264,Raines,Comida rápida,Crisólogo Larralde,
-34.47243,-58.49314,Bike & Coffe,Comida rápida,Juan Díaz De Solís,
-34.51601,-58.48840,D'Lucky,Comida rápida,Carlos Villate,
-34.57298,-58.45668,La Sorellina Pizza Bar,Comida rápida,Capitán General Ramón Freire 1393,
-34.61291,-58.37727,Parodi pizzería,Comida rápida,Avenida Belgrano 782,
-34.59136,-58.38002,GITAN Café,Comida rápida,Arroyo 889,
-34.58221,-58.44102,Las Flores,Comida rápida,Gorriti 5870,
-34.60323,-58.46294,Pizzería Corrientes,Comida rápida,Avenida San Martín 2601,
-34.60887,-58.37414,Rooftop Plaza de Mayo,Comida rápida,Hipólito Yrigoyen 560 8vo,
-34.68153,-58.57507,Dona,Talleres,Avenida Diego Armando Maradona,
-34.58211,-58.41312,La Gran Flauta,Comida rápida,Ugarteche,
-34.58757,-58.42205,Mikhuna,Comida rápida,Malabia,
-34.61751,-58.52988,Vitolo,Comida rápida,Avenida Francisco Beiró,
-34.61533,-58.52710,Dr Papa,Comida rápida,Avenida Francisco Beiró,
-34.59276,-58.38469,Amayta Pâtisserie,Comida rápida,Juncal 1207,
-34.61993,-58.40295,Renault Minuto,Talleres,Estados Unidos,
-34.60812,-58.40688,Stazione Della Pizza,Comida rápida,Teniente General Juan Domingo Perón,
-34.62272,-58.39366,Miramar,Comida rápida,"-34.62272, -58.39366",
-34.58568,-58.47826,La Tía Meche,Comida rápida,Bauness,
-34.57261,-58.49585,Obra,Comida rápida,Burela,
-34.58291,-58.45114,Georgie’s,Comida rápida,Charlone,
-34.58181,-58.42234,Foodies,Comida rápida,Thames 2451,
-34.58263,-58.42722,Comida Arabe,Comida rápida,Fray Justo Santa María de Oro 2197,
-34.58405,-58.42719,Merienda,Comida rápida,Uriarte 2106,
-34.58294,-58.42783,Auslander,Comida rápida,Fray Justo Santa María De Oro,
-34.58280,-58.42770,Piccolina,Comida rápida,Fray Justo Santa María de Oro 2150,
-34.58257,-58.42749,Katsu,Comida rápida,Fray Justo Santa María de Oro 2188,
-34.60289,-58.37801,Pizza Napolitana Furore,Comida rápida,Esmeralda 451,
-34.60484,-58.38947,Mango,Comida rápida,Montevideo 354,
-34.60376,-58.38473,Puny,Comida rápida,Avenida Corrientes 1269,
-34.58046,-58.43416,Nila,Comida rápida,Bonpland,
-34.58159,-58.43374,Fric Rot,Talleres,"-34.58159, -58.43374",
-34.57820,-58.41177,Mero,Comida rápida,República Árabe Siria,
-34.58010,-58.41179,Sedai,Comida rápida,Ugarteche,
-34.58091,-58.40974,Kopi,Comida rápida,Monseñor Vicente Faustino Zazpe,
-34.54029,-58.46038,Buffet Arriba,Comida rápida,Comodoro Martín Rivadavia,
-34.45210,-58.53967,El Bodegón de Abril,Comida rápida,Avenida Presidente Teniente General Juan Domingo Perón,
-34.58953,-58.52659,El Encuentro,Comida rápida,18 - Murature,
-34.59232,-58.52569,Aurelia,Comida rápida,97 - Victorino De La Plaza,
-34.59484,-58.52792,Parrilla Don Omar,Comida rápida,8 - Miguel De Azcuénaga,
-34.59290,-58.38762,Crisol,Comida rápida,Juncal,
-34.59200,-58.38940,El Correo,Comida rápida,Pasaje Suizo,
-34.59176,-58.38965,Mooi,Comida rápida,Vicente López,
-34.59227,-58.38907,Philo,Comida rápida,Vicente López 1621,
-34.59169,-58.38973,Le Maulin de la Fleur,Comida rápida,Rodríguez Peña,
-34.59201,-58.39014,Al Arabe,Comida rápida,"-34.59201, -58.39014",
-34.59254,-58.39060,BigPizza,Comida rápida,Rodríguez Peña,
-34.60443,-58.42423,El Italiano,Comida rápida,Sarmiento,
-34.58595,-58.42606,Yenny café/libros,Comida rápida,Jorge Luis Borges,
-34.56710,-58.44544,Manifiesto por el Café,Comida rápida,Aguilar,
-34.60947,-58.37830,ABRA Cultural,Comida rápida,Hipólito Yrigoyen 840,
-34.56886,-58.42588,Tribuna Oficial,Comida rápida,Avenida Del Libertador,
-34.61588,-58.44558,Centro,Comida rápida,Doctor Juan Felipe Aranguren 928,
-34.49913,-58.51930,Lo de Mary,Comida rápida,Avenida Sir Alexander Fleming 2099,
-34.55609,-58.44990,Liangliang Barbecue,Comida rápida,Montañeses,
-34.56785,-58.44604,Don Blanco,Comida rápida,Arcos,
-34.61613,-58.37457,Saeta,Comida rápida,Perú,
-34.57680,-58.57405,M&M,Talleres,100 - Alvear,
-34.59260,-58.52907,Casa Blanca,Comida rápida,14 - Espora,
-34.59650,-58.37838,Fa Song Song,Comida rápida,Esmeralda 993,
-34.55529,-58.45088,La Panera Rosa,Comida rápida,Montañeses,
-34.47948,-58.57075,Alo's Bistro,Comida rápida,Almirante Blanco Encalada 2120,
-34.59681,-58.53830,Gomeria 3 de Febrero,Talleres,422 - José E. Batallán 3588,
-34.59346,-58.53653,YPF Boxes,Talleres,113 - General Lamadrid,
-34.59413,-58.53686,Parador 115,Comida rápida,22 - Rodríguez Peña,
-34.55613,-58.45190,Mr. Ho,Comida rápida,Arribeños 2310,
-34.56628,-58.47989,Burma,Comida rápida,Nahuel Huapi,
-34.56799,-58.48274,Dolce Danito,Comida rápida,Nahuel Huapi,
-34.58172,-58.42563,Seattle,Comida rápida,Charcas 4625,
-34.59075,-58.42914,Joy,Comida rápida,"-34.59075, -58.42914",
-34.54865,-58.45914,Vereda Adentro,Comida rápida,Campos Salles,
-34.60993,-58.51871,Nani,Comida rápida,Avenida Francisco Beiró,
-34.58867,-58.48443,Los Incas,Gomerías,Bucarest,
-34.59898,-58.39319,C y M Llibros,Comida rápida,Avenida Callao,
-34.61005,-58.47101,Ifigenia Café Literario,Comida rápida,General César Díaz 2249,
-34.56245,-58.60148,Parrilla El 22 R8,Comida rápida,Avenida Eva Duarte De Perón,
-34.56816,-58.55807,El Arte del Neumático,Gomerías,88 - Azopardo,
-34.56384,-58.57320,Los Tres Chiflados,Comida rápida,Avenida 101 - Doctor Ricardo Balbín,
-34.58170,-58.53314,Ergus,Talleres,91 - General San Martín,
-34.57701,-58.54640,Gaby Air,Talleres,Avenida 101 - Doctor Ricardo Balbín,
-34.59913,-58.40378,Motostock,Insumos de motos,Avenida Pueyrredón,
-34.59922,-58.40381,La Cuadra,Insumos de motos,"-34.59922, -58.40381",
-34.56627,-58.43562,Alamesa Resto,Comida rápida,Maure 1653,
-34.47778,-58.59516,Melé Fuegos,Comida rápida,Doctor René Favaloro,
-34.53649,-58.54608,YPF GNC Peaguda Losada,Estaciones de servicio,Montes de Oca 6897,
-34.53676,-58.53993,El Sol,Comida rápida,Avenida Vélez Sarsfield 6081,
-34.59753,-58.37886,Bagels & Bagels,Comida rápida,"-34.59753, -58.37886",
-34.59153,-58.37536,Vickin,Comida rápida,Avenida Doctor José María Ramos Mejía 1450,
-34.59135,-58.37477,Central,Comida rápida,Avenida Doctor José María Ramos Mejía,
-34.59639,-58.37619,Toki,Comida rápida,Marcelo T. De Alvear,
-34.60485,-58.40247,Sabores Express,Comida rápida,Avenida Corrientes 2510,
-34.58390,-58.52901,Bar Avenida,Comida rápida,Avenida 85 - Libertador General San Martín,
-34.59134,-58.43025,Parrilla Tiempos de Reencuentro,Comida rápida,José Antonio Cabrera 4801,
-34.59128,-58.37809,Costumbres Criollas,Comida rápida,Esmeralda 1392,
-34.58986,-58.40412,República del Fuego,Comida rápida,Juncal 2682,
-34.58968,-58.56380,R&R,Talleres,Avenida 64 - Presidente Juan Domingo Perón 6192,
-34.62771,-58.52145,Seventys,Comida rápida,Avenida Arregui,
-34.58762,-58.41961,Pizza Goll,Comida rápida,Avenida Raúl Scalabrini Ortiz,
-34.60421,-58.38749,Olympo Sky Bar,Comida rápida,Avenida Corrientes 1464,
-34.60068,-58.36909,Havanna,Comida rápida,Torre Bouchard Plaza,
-34.56990,-58.52042,Donut Makers,Comida rápida,45 - Güiraldes,
-34.57131,-58.52217,Company Glass,Talleres,Avenida 44 - Presidente Arturo Umberto Illia 2300,
-34.54660,-58.46367,BUNA Cafe de Especialidad,Comida rápida,Crisólogo Larralde 1959,
-34.57938,-58.40771,Biblos,Comida rápida,Jerónimo Salguero 2814,
-34.57992,-58.40747,La Stampa,Comida rápida,Jerónimo Salguero,
-34.54616,-58.48788,Mostaza,Comida rápida,Vedia,
-34.54593,-58.48788,Burger King,Comida rápida,Vedia,
-34.54653,-58.48842,McCafé,Comida rápida,Vedia,
-34.54642,-58.48854,McDonald's,Comida rápida,Vedia,
-34.54629,-58.48849,KFC,Comida rápida,Vedia,
-34.54605,-58.48840,Wendy's,Comida rápida,Vedia,
-34.54649,-58.48848,Havanna,Comida rápida,Vedia,
-34.70197,-58.50948,SM Patiserie,Comida rápida,Donovan 1497,
-34.55022,-58.45787,L´Aperó,Comida rápida,Iberá 1800,
-34.51448,-58.48901,Forno,Comida rápida,"-34.51448, -58.48901",
-34.55041,-58.45515,Otaku,Comida rápida,Montañeses,
-34.54999,-58.45526,Kopi,Comida rápida,Montañeses 2905,
-34.60311,-58.41117,McDonald's,Comida rápida,"-34.60311, -58.41117",
-34.60325,-58.41087,Tostado,Comida rápida,"-34.60325, -58.41087",
-34.60325,-58.41074,Havanna,Comida rápida,Avenida Corrientes 3247,
-34.60374,-58.41079,Havanna,Comida rápida,Avenida Corrientes,
-34.56335,-58.55669,McDonald's,Comida rápida,95 - San Lorenzo 3773,
-34.56317,-58.55655,Gourmet,Comida rápida,95 - San Lorenzo 3773,
-34.57710,-58.58031,Octubre,Comida rápida,800 - Triunvirato (tf) / 141 - Avenida Triunvirato (gsm),
-34.62537,-58.44350,Salve Cocina,Comida rápida,Emilio Mitre 301,
-34.62495,-58.44154,Fabric Sushi,Comida rápida,Valle 985,
-34.60841,-58.40692,Brooklyn,Comida rápida,Bartolomé Mitre,
-34.60839,-58.40665,Pancho Market,Comida rápida,Bartolomé Mitre,
-34.59330,-58.40165,Honorio,Comida rápida,Arenales,
-34.59038,-58.40028,Simonetta,Comida rápida,French,
-34.53850,-58.50718,La Tranquera,Comida rápida,Avenida Bartolomé Mitre 1209,
-34.67661,-58.53385,Specia,Comida rápida,Necochea,
-34.79149,-58.24244,Diésel Belgrano,Talleres,Calle 23,
-34.79142,-58.24260,LJ,Gomerías,Camino General Belgrano,
-34.60828,-58.40690,Bartolo,Comida rápida,"-34.60828, -58.40690",
-34.56534,-58.43593,Del turista,Comida rápida,Migueletes 987,
-34.63423,-58.62921,Havanna,Comida rápida,Boulevard Brigadier General Juan Manuel De Rosas 658,
-34.56369,-58.43723,Boxes,Talleres,Avenida Olleros,
-34.59172,-58.38974,Le Molin de la Fleur,Comida rápida,Vicente López 1699,
-34.60178,-58.40457,Shami,Comida rápida,Tucumán,
-34.59544,-58.40348,Ramallo Club,Comida rápida,Charcas,
-34.60820,-58.40657,Frank,Comida rápida,Teniente General Juan Domingo Perón,
-34.60830,-58.40630,El Rey del Choripan,Comida rápida,Avenida Pueyrredón,
-34.60876,-58.40625,Pizzería Sarmiento,Comida rápida,Bartolomé Mitre,
-34.60856,-58.40627,El Show de las Papas Fritas,Comida rápida,Avenida Pueyrredón,
-34.60833,-58.40669,Pizzas Por Porción,Comida rápida,Teniente General Juan Domingo Perón,
-34.55737,-58.45150,Data,Comida rápida,Via Viva Barrio Chino,
-34.60832,-58.40661,El Clásico,Comida rápida,Avenida Pueyrredón,
-34.60830,-58.40670,Le Chic,Comida rápida,Teniente General Juan Domingo Perón,
-34.60789,-58.40684,Salteñas El Conejo,Comida rápida,Teniente General Juan Domingo Perón,
-34.60824,-58.40670,Estación de Papas,Comida rápida,Teniente General Juan Domingo Perón,
-34.56342,-58.43756,Sunra,Insumos de motos,Avenida Del Libertador,
-34.63077,-58.36189,Pappini,Talleres,Juan Manuel Blanes,
-34.74331,-58.39181,Tienda de Café,Comida rápida,Maipú 298,
-34.74175,-58.39159,Che Mono,Comida rápida,Belgrano 1646,
-34.54575,-58.48795,Tostado,Comida rápida,Vedia,
-34.67887,-58.57936,Ya&Ca,Comida rápida,Virrey Cisneros 3606,
-34.75081,-58.58481,Cafetería Express ''Cortez'',Comida rápida,Avenida Presidente Néstor Carlos Kirchner,
-34.75056,-58.58594,Pierluiggi Pizzerias,Comida rápida,Honorio Luque,
-34.75053,-58.58620,The Roxy,Comida rápida,Olegario Victor Andrade,
-34.75028,-58.58628,El Porteño Fast Food,Comida rápida,Honorio Luque,
-34.57484,-58.44119,Dorina,Comida rápida,Ciudad De La Paz,
-34.57248,-58.44278,Cafecito,Comida rápida,Zapata 500,
-34.57000,-58.43569,Foodies,Comida rápida,Báez 720,
-34.61175,-58.37329,Tienda de Empanadas,Comida rápida,Bolívar 330,
-34.61042,-58.37338,El Nacional,Comida rápida,Bolívar,
-34.61195,-58.37344,Nica,Comida rápida,Bolívar,
-34.59067,-58.39742,ROUX,Comida rápida,Peña 2300,
-34.59060,-58.39728,Amano,Comida rápida,Peña,
-34.75122,-58.58563,The Roxy,Comida rápida,Avenida Presidente Néstor Carlos Kirchner,
-34.52424,-58.54664,CocoFest,Comida rápida,Manuela Pedraza 4095,
-34.65855,-58.42516,Rohuel,Gomerías,Charrúa & Avenida Intendente Francisco Rabanal,
-34.65936,-58.42445,Lions Bar Cafe,Comida rápida,Charrúa & Berón de Astrada,
-34.65928,-58.42321,Casa de Comida '' La Flaca '',Comida rápida,Matanza 3683,
-34.66141,-58.42622,Acer-Car,Talleres,Ferré & O'Gorman,
-34.66136,-58.42791,La Dolly,Comida rápida,Berón de Astrada & Carlos Berg,
-34.59293,-58.42276,Felipe Cocina Porteña,Comida rápida,Gascón 1488,
-34.58057,-58.41325,Lobo Cafe,Comida rápida,República Árabe Siria 3045,
-34.60547,-58.40585,Ricati,Comida rápida,Valentín Gómez,
-34.59627,-58.40320,Tomasso,Comida rápida,Avenida Pueyrredón,
-34.66031,-58.42826,Embragues y Frenos '' Nardi '',Talleres,Avenida Intendente Francisco Rabanal 2286,
-34.61093,-58.40591,La Perlita,Comida rápida,Avenida Jujuy 74,
-34.60235,-58.40475,Sabor Nativo,Comida rápida,"-34.60235, -58.40475",
-34.59959,-58.40394,RPM,Insumos de motos,Avenida Pueyrredón,
-34.56562,-58.43539,Fresca,Comida rápida,Migueletes 921,
-34.58951,-58.37321,KFC,Comida rápida,Avenida Doctor José María Ramos Mejía 1552,
-34.58227,-58.40184,Dandy,Comida rápida,Sánchez De Bustamante,
-34.59188,-58.40003,Borja,Comida rápida,Juncal,
-34.59255,-58.39891,La Voluntad,Comida rápida,Juncal,
-34.61092,-58.40901,La Conga,Comida rápida,La Rioja 39,
-34.50884,-58.52417,McDonald's,Comida rápida,Paraná 3745,
-34.50854,-58.52322,Burger King,Comida rápida,Paraná 3745,
-34.50749,-58.52392,Havanna,Comida rápida,"-34.50749, -58.52392",
-34.54610,-58.48827,Möoi,Comida rápida,Vedia,
-34.54610,-58.48769,Import Coffee Co.,Comida rápida,Avenida Melián,
-34.56688,-58.46226,El gordo vegano,Comida rápida,Echeverría 3078,
-34.64137,-58.56428,Sabores Express,Comida rápida,Bolívar 59,
-34.62392,-58.42761,Chisap Fiesta,Comida rápida,Avenida La Plata,
-34.62427,-58.42718,Jiro Sushi caballito,Comida rápida,Avenida La Plata,
-34.62417,-58.42721,Benelli Oficial Cycles Motoshop,Insumos de motos,Avenida La Plata,
-34.62629,-58.42067,Pesqueira S.R.L Neumáticos,Gomerías,Avenida San Juan,
-34.62177,-58.42488,AGP-BIKES,Talleres,Avenida Independencia,
-34.62191,-58.42540,TALLER BENITO - Electricidad del Automovil,Talleres,Avenida Independencia,
-34.62034,-58.42827,GM Motos,Talleres,Avenida La Plata,
-34.61750,-58.42888,Pizzeria La Guitarrita | Caballito,Comida rápida,Avenida La Plata,
-34.62189,-58.41626,Sabores Express,Comida rápida,Avenida Boedo,
-34.62219,-58.41663,Havanna,Comida rápida,Avenida Boedo,
-34.62333,-58.41647,Café Margot,Comida rápida,Avenida Boedo 857,
-34.62135,-58.41668,Big Pizza,Comida rápida,Avenida Boedo,
-34.62229,-58.41663,Monti Bar de Pastas - Boedo,Comida rápida,Estados Unidos,
-34.62266,-58.41799,PANE,Comida rápida,Estados Unidos,
-34.59314,-58.39698,Riche,Comida rápida,Juncal,
-34.62145,-58.42063,Oliva Pizza y Empanadas,Comida rápida,Castro,
-34.60334,-58.42083,Imperio Cocina Porteña,Comida rápida,Avenida Medrano,
-34.55199,-58.46134,Osa Negra,Comida rápida,Iberá,
-34.55303,-58.46332,Ladobueno,Comida rápida,Vuelta De Obligado,
-34.55354,-58.45965,Barú,Comida rápida,Arcos,
-34.52761,-58.55017,Urquiza Motos,Insumos de motos,Avenida Bernardo Ader 4081,
-34.59043,-58.40067,Harper Juice,Comida rápida,Avenida Pueyrredón,
-34.62758,-58.44684,Orgullo Restaurante Goyena,Comida rápida,Puan,
-34.59925,-58.40415,Ciclofox,Insumos de motos,Avenida Pueyrredón 940,
-34.59028,-58.40060,Bao Kitchen,Comida rápida,Avenida Pueyrredón,
-34.57845,-58.42612,Lucky Coffee,Comida rápida,Avenida Santa Fe 4640,
-34.61824,-58.41836,Auto Italia,Talleres,Colombres,
-34.64315,-58.39679,Taller,Talleres,Ingreso Local,
-34.56996,-58.43564,Las Cañitas Colombia,Comida rápida,Báez 720,
-34.53273,-58.54124,Neumáticos Marchionno,Gomerías,Montes de Oca 3302,
-34.56625,-58.43463,La Colorada,Comida rápida,Migueletes,
-34.63091,-58.46986,Burger King,Comida rápida,Avenida Rivadavia,
-34.62836,-58.44674,Mac PANCHO,Comida rápida,Puan,
-34.62830,-58.44677,Al Rayan,Comida rápida,Puan,
-34.59630,-58.37836,La Parrilla,Comida rápida,Marcelo T. De Alvear,
-34.60015,-58.37812,Culto,Comida rápida,Esmeralda,
-34.57781,-58.40276,La Dolfina,Comida rápida,Avenida Presidente Figueroa Alcorta,
-34.57720,-58.40528,Petit green,Comida rápida,Jerónimo Salguero 3069,
-34.58025,-58.40901,BFresh,Comida rápida,Cerviño,
-34.52727,-58.55031,Big Pizza,Comida rápida,Paraná 6590,
-34.61937,-58.37243,Hierro Parrilla San Telmo,Comida rápida,Bolívar 970,
-34.58326,-58.40369,Dante en Verona,Comida rápida,Billinghurst,
-34.59953,-58.40392,Ciclofox,Insumos de motos,Avenida Pueyrredón,
-34.80970,-58.17386,Shell,Estaciones de servicio,Colectora Autopista Buenos Aires - Mar del Plata,
-34.60965,-58.38352,El Imparcial,Comida rápida,Salta,
-34.59944,-58.40390,Extreme,Insumos de motos,Avenida Pueyrredón,
-34.59282,-58.40145,Rotisería Bethel,Comida rápida,Avenida Pueyrredón,
-34.59934,-58.40386,Urbano,Insumos de motos,Avenida Pueyrredón,
-34.59948,-58.40391,MotoVerde,Insumos de motos,Avenida Pueyrredón,
-34.59255,-58.39840,Crecia,Comida rápida,Juncal 2179,
-34.56191,-58.45608,Starbucks,Comida rápida,Avenida Juramento 2360,
-34.58371,-58.40122,Deluca,Comida rápida,Pereyra Lucena,
-34.59364,-58.40559,Cabana,Comida rápida,Tomás Manuel de Anchorena 1372,
-34.60820,-58.44478,Olinda,Comida rápida,Avenida Doctor Honorio Pueyrredón 1057,
-34.57050,-58.43371,Don Pilo,Comida rápida,Báez,
-34.50553,-58.58940,ACA,Estaciones de servicio,Camino Parque Del Buen Ayre,
-34.50565,-58.59014,ACA,Estaciones de servicio,"-34.50565, -58.59014",
-34.59244,-58.40128,Tomasso,Comida rápida,Beruti,
-34.62567,-58.43105,Café Registrado,Comida rápida,Avenida Pedro Goyena,
-34.62691,-58.44313,I AM BARISTA,Comida rápida,Emilio Mitre,
-34.78385,-58.52877,Los Pinos,Comida rápida,Avenida Ingeniero Fernández García,
-34.59075,-58.40230,Moire,Comida rápida,Tomás Manuel de Anchorena 1716,
-34.60440,-58.46422,Sueña,Comida rápida,Avenida Teniente General Donato Álvarez,
-34.60430,-58.46404,The Coffee Store,Comida rápida,Camarones,
-34.60119,-58.46077,Café de los Patriotas,Comida rápida,Cucha Cucha,
-34.60276,-58.45952,Big Pizza,Comida rápida,Espinosa,
-34.60104,-58.46074,Liz Cafe,Comida rápida,Cucha Cucha,
-34.61056,-58.39527,Casa,Comida rápida,Hipólito Yrigoyen,
-34.60439,-58.40526,Apalapapa,Comida rápida,Avenida Pueyrredón,
-34.57408,-58.50665,McDonald's,Comida rápida,Bolivia,
-34.59722,-58.37832,Moliere,Comida rápida,Esmeralda,
-34.58258,-58.49160,Pizzería El Corte,Comida rápida,Avenida de los Constituyentes 4454,
-34.63581,-58.60395,Open Haedo,Comida rápida,Avenida Presidente Perón 2994,
-34.82134,-58.46106,La Curaduría,Comida rápida,Manuel Belgrano,
-34.59593,-58.39252,Roseta Cuccina Italiana,Comida rápida,Avenida Santa Fe 1736,
-34.58896,-58.40279,Kellers,Comida rápida,French,
-34.58710,-58.40264,Kopi,Comida rápida,Austria 2225,
-34.58772,-58.40008,Prida,Comida rápida,Laprida,
-34.60175,-58.38254,Tango Porteño,Comida rápida,Cerrito 570,
-34.58197,-58.41335,Angus Brother,Comida rápida,Avenida General Las Heras,
-34.59888,-58.40403,Fábrica de Pizzas,Comida rápida,Avenida Pueyrredón,
-34.55893,-58.44875,Ultramarinos,Comida rápida,"-34.55893, -58.44875",
-34.55840,-58.44926,Pony Pizza,Comida rápida,Pasaje Echeverria 1677 25,
-34.70847,-58.63903,Taller de Chapa y Pintura,Talleres,Hipólito Bouchard,
-34.67680,-58.56499,YPF,Comida rápida,Doctor Arturo Illia,
-34.67672,-58.56488,YPF,Estaciones de servicio,Monseñor José Francisco Marcón,
-34.82061,-58.46518,Los Chicos,Comida rápida,Leandro N. Alem,
-34.82391,-58.48021,Pizza Bari,Comida rápida,Mariano Acosta,
-34.82380,-58.47406,Lo de Carlitos,Comida rápida,Avenida Enrique Santamarina,
-34.82200,-58.47111,Lo de Yerard,Comida rápida,Avenida Enrique Santamarina,
-34.82161,-58.46960,Gomería Otero,Talleres,General Lavalle,
-34.82085,-58.46840,Moto Zuni,Insumos de motos,Coronel Manuel Dorrego,
-34.66687,-58.41498,Tropical 2,Comida rápida,Avenida Presidente Teniente General Juan Domingo Perón,
-34.50098,-58.64387,Adorado,Comida rápida,Avenida Ángel Torcuato de Alvear 319,
-34.58983,-58.40451,Martina,Comida rápida,Agüero,
-34.67179,-58.45251,Dr. Papa,Comida rápida,Monster,
-34.60012,-58.40411,Deja Vu,Comida rápida,Avenida Pueyrredón,
-34.81194,-58.47689,Electricidad del Automotor,Talleres,Juan Recarte,
-34.47189,-58.51336,Preto coffee,Comida rápida,Cosme Beccar,
-34.81476,-58.46789,Dinkel Delicias,Comida rápida,General Las Heras,
-34.81804,-58.46637,Ugi’s,Comida rápida,Doctor Emilio Cardeza,
-34.81609,-58.46861,Extremas,Comida rápida,Leandro N. Alem,
-34.57850,-58.42599,BrOzziano,Comida rápida,Avenida Santa Fe 4632,
-34.57853,-58.42593,Asiática,Comida rápida,Avenida Santa Fe,
-34.60528,-58.37897,Central de Pizzas & Empanadas,Comida rápida,Avenida Presidente Roque Sáenz Peña 884,
-34.63143,-58.44313,Molina,Comida rápida,Baldomero Fernández Moreno 1144,
-34.63144,-58.44386,Podio,Comida rápida,Hortiguera,
-34.63056,-58.44394,Polvorín,Comida rápida,Gregorio De Laferrere,
-34.81477,-58.46568,Lo De Dione,Comida rápida,Hipólito Yrigoyen,
-34.62360,-58.45471,Coffelovers Roasters,Comida rápida,Teniente General Donato Álvarez,
-34.62339,-58.45456,Dirty Dogo,Comida rápida,Bacacay,
-34.62334,-58.45445,Miss Arepas,Comida rápida,Bacacay,
-34.62344,-58.45468,Asia Box,Comida rápida,Bacacay,
-34.62337,-58.45451,Pinches Tacos,Comida rápida,Bacacay,
-34.62346,-58.45473,Sabores de Oriente,Comida rápida,Bacacay,
-34.62331,-58.45436,Farinatta,Comida rápida,Bacacay,
-34.62350,-58.45486,Parrilla Asame Mucho,Comida rápida,Bacacay,
-34.59135,-58.39814,Almacén de Pizzas,Comida rápida,Azcuénaga,
-34.54103,-58.48971,El Rafa,Comida rápida,"-34.54103, -58.48971",
-34.53873,-58.48436,El Bodegón de Florida,Comida rápida,Francisco Narciso De Laprida,
-34.59778,-58.39478,Porta,Comida rápida,Riobamba,
-34.59480,-58.42690,Luna Cafe,Comida rápida,Julián Baltasar Álvarez,
-34.81540,-58.43111,Spot,Comida rápida,Antonio Sastre,
-34.80583,-58.43954,Full,Comida rápida,Santa Catalina,
-34.56949,-58.43538,Big Pizza,Comida rápida,Báez 709,
-34.61680,-58.38578,El Mazacote,Comida rápida,San José,
-34.61170,-58.39355,Horus,Comida rápida,Adolfo Alsina,
-34.61767,-58.38598,Morena,Comida rápida,San José,
-34.61148,-58.39047,Alsina,Comida rápida,Adolfo Alsina,
-34.60641,-58.40608,A la Papa,Comida rápida,Sarmiento,
-34.57343,-58.43223,TodoBrasa,Comida rápida,Arévalo,
-34.81804,-58.48720,Bunker,Comida rápida,Tomás Alva Edison,
-34.80688,-58.47358,Taller de Radiadores,Talleres,Avenida Nicolás Bruzone,
-34.60097,-58.44024,4 Angelitos,Comida rápida,Avenida Raúl Scalabrini Ortiz,
-34.59095,-58.42532,Pizzelar,Comida rápida,Avenida Raúl Scalabrini Ortiz,
-34.59098,-58.42539,Kanji,Comida rápida,"-34.59098, -58.42539",
-34.61184,-58.39607,Sólo Empanadas,Comida rápida,Adolfo Alsina,
-34.61473,-58.39028,Argos,Comida rápida,Venezuela 1699,
-34.61396,-58.39626,Macondo,Comida rápida,Rincón,
-34.65636,-58.44628,Buffet Laly,Comida rápida,Avenida Ana María Janer,
-34.60954,-58.37375,Pick & Go Café,Comida rápida,Avenida Presidente Julio A. Roca 512,
-34.66222,-58.42996,GTA Inyección Electronica,Talleres,Berón de Astrada & Pedernera,
-34.66187,-58.42933,Sport Chino,Talleres,Berón de Astrada 2429,
-34.66245,-58.43043,Servicio Integral de Reparación Edgar,Talleres,Berón de Astrada 2523,
-34.55344,-58.46219,Popeye,Comida rápida,Cuba,
-34.61875,-58.52880,Planet Roll,Comida rápida,Irigoyen,
-34.55411,-58.46048,Mr. Falafel,Comida rápida,Cuba,
-34.81691,-58.46391,Caffetos,Comida rápida,Doctor Emilio Cardeza,
-34.81701,-58.46409,Lo de Cata,Comida rápida,Doctor Emilio Cardeza,
-34.63370,-58.35509,Bodegon La buena medida,Comida rápida,Suárez,
-34.59437,-58.38452,Debra,Comida rápida,Arenales 1201,
-34.58211,-58.42684,Freda,Comida rápida,Fray Justo Santa María de Oro 2215,
-34.63923,-58.36210,Don Benito,Comida rápida,Caminito,
-34.62360,-58.40910,Panchosky,Comida rápida,General Urquiza,
-34.58268,-58.42862,San Guchero,Comida rápida,Godoy Cruz 2317,
-34.58272,-58.42866,Café Martínez,Comida rápida,Godoy Cruz 2307,
-34.66933,-58.43480,Parrilla del Seba,Comida rápida,Avenida Pergamino,
-34.59396,-58.43997,Rivka's,Comida rápida,Thames,
-34.59394,-58.43999,Remo,Comida rápida,Thames,
-34.57017,-58.42134,Mooi,Comida rápida,Avenida Infanta Isabel,
-34.57056,-58.42178,Ribs Al Rio,Comida rápida,Paseo de los Justos,
-34.61174,-58.42140,Central de Pizzas y Empanadas,Comida rápida,Avenida Rivadavia 3934,
-34.59240,-58.40418,Nucha,Comida rápida,Tomás Manuel De Anchorena,
-34.58514,-58.42338,Cumen-Cumen,Comida rápida,Paraguay,
-34.58671,-58.42174,"Maxi Kiosko ""Bien Porteño """,Comida rápida,Paraguay 4240,
-34.58974,-58.41751,Anitta,Comida rápida,"-34.58974, -58.41751",
-34.59340,-58.41191,Raul,Comida rápida,"-34.59340, -58.41191",
-34.59382,-58.41219,Maga,Comida rápida,Sánchez De Bustamante,
-34.59220,-58.41055,Kismet,Comida rápida,"-34.59220, -58.41055",
-34.51519,-58.52241,Neumáticos Performance Center,Gomerías,Capitán Justo Germán de Bermúdez 4320,
-34.80273,-58.44903,Iupy,Comida rápida,Almafuerte,
-34.57655,-58.53157,Bonafide,Comida rápida,79 - 25 de Mayo 1800,
-34.57063,-58.44543,Empanadas Artesanales,Comida rápida,Avenida Federico Lacroze,
-34.58782,-58.45244,Cafeto,Comida rápida,Maure,
-34.60007,-58.46527,AyF,Talleres,Cucha Cucha,
-34.59150,-58.40379,Otaku Sushi Libre,Comida rápida,Beruti,
-34.59193,-58.40317,Vinnie's,Comida rápida,Beruti,
-34.54439,-58.47673,Robledo,Comida rápida,Crámer,
-34.66298,-58.43871,Cafe-Bar Sol de Mayo,Comida rápida,Avenida Lafuente & Tabaré,
-34.59563,-58.38291,Selema,Comida rápida,Avenida Santa Fe,
-34.59866,-58.38111,Jussto,Comida rápida,Carlos Pellegrini,
-34.59601,-58.38289,La Cueva del Oso,Comida rápida,Cerrito,
-34.59597,-58.38289,Studio Cat Café,Comida rápida,Cerrito,
-34.59444,-58.42458,Al Bacio,Comida rápida,Lavalleja,
-34.60468,-58.44009,Maratona Café Club,Comida rápida,Ferrari 302,
-34.58485,-58.39988,Juan Valdéz Café,Comida rápida,Austria,
-34.61852,-58.43058,Comida por Peso,Comida rápida,Rosario 149,
-34.59351,-58.39933,Lattente,Comida rápida,Azcuénaga 1284,
-34.56711,-58.44237,Hands & Coffee,Comida rápida,Avenida Federico Lacroze,
-34.56762,-58.44237,Voraz,Comida rápida,Avenida Federico Lacroze,
-34.60628,-58.40572,La Americana,Comida rápida,Avenida Pueyrredón,
-34.60338,-58.44065,Moksha café & vermú,Comida rápida,Leopoldo Marechal 1305,
-34.59201,-58.40354,La Carlota,Comida rápida,Tomás Manuel de Anchorena 1573,
-34.65230,-58.46426,Moreno Food Station,Comida rápida,Terminal Dellepiane Planta Baja,
-34.55996,-58.44636,Taré,Comida rápida,Montañeses 1813,
-34.58564,-58.39375,Bacara,Comida rápida,Avenida Pueyrredón,
-34.64456,-58.56595,APOLONIA PIZZA Y PASTA,Comida rápida,Espora 261,
-34.58054,-58.43721,Let it V,Comida rápida,Costa Rica 5865,
-34.58570,-58.42773,Puro Bistro,Comida rápida,Thames,
-34.54679,-58.47864,Rosie,Comida rápida,Ruiz Huidobro,
-34.58643,-58.45262,Café del Ciclista,Comida rápida,Avenida Forest 455,
-34.57366,-58.47424,KOI Dumplings,Comida rápida,Donado 2007,
-34.59346,-58.39581,Tentazioni,Comida rápida,Juncal 2002,
-34.59902,-58.39719,Bagels&Bagels,Comida rápida,"-34.59902, -58.39719",
-34.59298,-58.39729,Gout,Comida rápida,Juncal 2124,
-34.55856,-58.47549,Cherbel,Talleres,Avenida Doctor Ricardo Balbín,
-34.55830,-58.47534,Charlie,Talleres,Avenida Doctor Ricardo Balbín,
-34.55784,-58.47721,Fiat Saavedra,Talleres,Avenida Doctor Ricardo Balbín,
-34.55922,-58.47316,Ada Racing,Talleres,Avenida Doctor Ricardo Balbín,
-34.55979,-58.47182,Ja Motos,Insumos de motos,Avenida Doctor Ricardo Balbín,
-34.56299,-58.46157,Pasta,Comida rápida,Vidal,
-34.56888,-58.43472,Copy Club,Comida rápida,Teniente Benjamín Matienzo 1805,
-34.59032,-58.58951,El Quebracho,Comida rápida,834 - Avenida Presidente Juan Domingo Perón 6611,
-34.57864,-58.43178,Buo,Comida rápida,Bonpland 5299,
-34.58109,-58.43293,Orlandito Coffee,Comida rápida,Fitz Roy 2076,
-34.63336,-58.51373,La Negra Cata,Comida rápida,Avenida Juan Bautista Justo,
-34.59432,-58.39843,Giuseppe Vicenti,Comida rápida,Arenales 2221,
-34.59049,-58.40678,Ambar,Comida rápida,Arenales,
-34.58849,-58.40494,La Morena,Comida rápida,Austria 2032,
-34.58759,-58.40466,Olivino,Comida rápida,French,
-34.59444,-58.39459,Social,Comida rápida,Riobamba,
-34.59508,-58.39449,Tonico,Comida rápida,Riobamba 1171,
-34.59353,-58.39416,Kopi,Comida rápida,Juncal 1891,
-34.59494,-58.39447,Grillo,Comida rápida,Riobamba,
-34.59450,-58.39613,Romario,Comida rápida,Arenales,
-34.62369,-58.45295,Margal,Comida rápida,Yerbal 1617,
-34.57849,-58.42655,Mostaza,Comida rápida,Avenida Juan Bautista Justo 606,
-34.63601,-58.55642,Lubricentro Lucato,Talleres,Avenida Gaona 1837,
-34.60001,-58.37634,Otra Pasta,Comida rápida,Viamonte,
-34.59397,-58.39985,Suship,Comida rápida,Arenales,
-34.59696,-58.39469,Luqet,Comida rápida,Riobamba,
-34.60206,-58.39566,Tarzan,Comida rápida,Tucumán,
-34.60227,-58.39565,Graziano,Comida rápida,Tucumán,
-34.60208,-58.39717,Ohana,Comida rápida,Tucumán,
-34.60213,-58.39864,MARAL,Comida rápida,Tucumán,
-34.60223,-58.39741,4090,Comida rápida,Tucumán 2142,
-34.60089,-58.40334,Zman,Comida rápida,Viamonte,
-34.59283,-58.40311,Trak,Comida rápida,Arenales,
-34.59652,-58.40294,Rivero,Comida rápida,General Lucio Norberto Mansilla,
-34.48488,-58.59266,Le Pain Quotidien,Comida rápida,Calle Don Francisco,
-34.56078,-58.45220,Pain de Jour Gluten Free,Comida rápida,Echeverría,
-34.62313,-58.47973,Le Ble,Comida rápida,Avenida Gaona,
-34.51454,-58.48999,CASA II,Comida rápida,Juan de Garay 2303,
-34.53837,-58.47653,Sabores Express,Comida rápida,Juan Zufriategui,
-34.57294,-58.43211,Piani,Comida rápida,"-34.57294, -58.43211",
-34.49625,-58.49765,Green Factory,Comida rápida,Avenida Santa Fe 2726,
-34.59532,-58.40119,Magnolias,Comida rápida,Larrea 1063,
-34.55700,-58.45521,Pulso,Comida rápida,Blanco Encalada,
-34.59391,-58.40370,BIG Pizza,Comida rápida,Avenida Santa Fe,
-34.59525,-58.40116,BigPizza,Comida rápida,Larrea,
-34.59659,-58.40277,Brera,Comida rápida,General Lucio Norberto Mansilla,
-34.62183,-58.37706,Mr. Cook,Comida rápida,Piedras,
-34.55916,-58.45647,Bandol,Comida rápida,Olazábal 2210,
-34.57316,-58.43842,El Hornito Santiagueño,Comida rápida,Santos Dumont 2395,
-34.67841,-58.52635,K-rne Burger,Comida rápida,Helguera,
-34.59711,-58.40197,Toro Café,Comida rápida,Larrea,
-34.56664,-58.45176,Havanna,Comida rápida,Avenida Cabildo,
-34.58850,-58.40072,Sweety,Comida rápida,Peña,
-34.59346,-58.40462,Costumbres Argentinas,Comida rápida,Avenida Santa Fe,
-34.60883,-58.40687,Frank,Comida rápida,Bartolomé Mitre,
-34.64222,-58.59210,La Casita de Haedo,Comida rápida,Caseros 209,
-34.58918,-58.40364,Tomasso,Comida rápida,Agüero,
-34.58942,-58.40391,Warren,Comida rápida,Agüero 1921,
-34.58771,-58.40199,Brozziano,Comida rápida,Agüero,
-34.58840,-58.40256,Bicho,Comida rápida,Agüero,
-34.58929,-58.40377,Patronus,Comida rápida,Agüero 1947,
-34.62804,-58.41731,Gomeria Servicom,Gomerías,Constitución,
-34.45303,-58.61583,Kanade Sushi,Comida rápida,Alfredo Palacios,
-34.60952,-58.51807,Havanna,Comida rápida,Desaguadero,
-34.57586,-58.45915,Cigaló,Comida rápida,Olaguer Y Virrey Feliú,
-34.60746,-58.51469,Mi Gusto,Comida rápida,Avenida Francisco Beiró,
-34.57719,-58.46747,Calmo,Comida rápida,Avenida De Los Incas,
-34.59395,-58.39175,Owl,Comida rápida,Juncal 1693,
-34.63392,-58.52135,Pizza Libre,Comida rápida,Avenida Juan Bautista Justo,
-34.61868,-58.37289,Estación Colombia,Comida rápida,Bolívar,
-34.61885,-58.37308,Nica,Comida rápida,Bolívar,
-34.61877,-58.37288,Pes,Comida rápida,Bolívar,
-34.62225,-58.41663,Big Pizza,Comida rápida,Avenida Boedo,
-34.62198,-58.41487,El K-Maron,Comida rápida,Maza,
-34.50767,-58.53601,Boxes,Talleres,Luis María Drago,
-34.61445,-58.50355,Molina,Comida rápida,Sanabria,
-34.61127,-58.50894,Tartinas,Comida rápida,Manuel Solá,
-34.61095,-58.50895,Que Sabores,Comida rápida,Segurola,
-34.57055,-58.47607,The Coffee Store,Comida rápida,Avenida Olazábal,
-34.57714,-58.48728,Pizza Viva,Comida rápida,Avenida Olazábal,
-34.47621,-58.49968,Fabric sushi,Comida rápida,Perú,
-34.45214,-58.61535,Parrilla El Gaucho,Comida rápida,Lisandro de la Torre 530,
-34.56300,-58.45368,Enitma,Comida rápida,Mariscal Antonio José de Sucre 2271,
-34.57125,-58.41370,El Sol de Palermo,Comida rápida,Senderos para ciclistas,
-34.58864,-58.40544,Sid cafe,Comida rápida,Juncal,
-34.64839,-58.62092,Central de Pizzas & Empanadas,Comida rápida,Presidente Sarmiento 894,
-34.59199,-58.40309,Jay's,Comida rápida,Beruti 2640,
-34.58759,-58.40154,Aromas,Comida rápida,Agüero 2157,
-34.58900,-58.40747,La Argentina,Comida rápida,Sánchez De Bustamante,
-34.58937,-58.40415,Fea,Comida rápida,Agüero 1918,
-34.58884,-58.40861,Vinnie's,Comida rápida,Arenales,
-34.60046,-58.38671,Don Shawarma,Comida rápida,Uruguay 707,
-34.58208,-58.53391,Tecno-oil,Talleres,93 - Doctor Manuel Rouco,
-34.55956,-58.45951,Hit,Comida rápida,Blanco Encalada,
-34.40488,-58.62084,Morita,Comida rápida,Avenida Santa María De Las Conchas,
-34.57882,-58.46471,Tulio,Comida rápida,Estomba,
-34.57915,-58.43036,Ludlow Coffee House,Comida rápida,Fitz Roy,
-34.55949,-58.45449,Sushiclub,Comida rápida,Arcos 2191,
-34.56065,-58.45486,Asgard Cafe,Comida rápida,Cuba,
-34.48882,-58.62263,Yeca,Comida rápida,Reynoso,
-34.61355,-58.47229,Bronx Coffee Bar,Comida rápida,Avenida Juan Bautista Justo,
-34.60689,-58.46146,Shangai Express,Comida rápida,Almirante Francisco José Seguí,
-34.62242,-58.39137,Tomasso,Comida rápida,Avenida Entre Ríos,
-34.56838,-58.44847,Super Pollo,Comida rápida,Avenida Cabildo,
-34.62165,-58.39137,Puma,Estaciones de servicio,Humberto I 1102,
-34.55282,-58.42408,Parrilla Jose Luis,Comida rápida,Avenida Costanera Rafael Obligado,
-34.55300,-58.42340,La Abuela Lidia,Comida rápida,Avenida Costanera Rafael Obligado,
-34.59434,-58.40628,Aurum,Comida rápida,Tomás Manuel de Anchorena 1290,
-34.61593,-58.37318,Pizzeria Sebastian,Comida rápida,Bolívar 689,
-34.61788,-58.37299,El Desembarco,Comida rápida,Bolívar 862,
-34.53605,-58.47707,Triple X,Comida rápida,Avenida Maipú,
-34.53685,-58.47714,Central,Comida rápida,Avenida Maipú,
-34.60188,-58.37682,La Replica,Comida rápida,Maipú,
-34.58651,-58.40655,Barine,Comida rápida,French 3096,
-34.58617,-58.40666,Bonafide,Comida rápida,French,
-34.58663,-58.40642,Nucha,Comida rápida,French,
-34.58780,-58.40433,Romo,Comida rápida,French,
-34.58783,-58.40465,Jiro Sushi,Comida rápida,French,
-34.58955,-58.38408,Alma,Comida rápida,Posadas,
-34.56268,-58.45173,Chantilly,Comida rápida,Arcos,
-34.59678,-58.40187,Lo de Jota,Comida rápida,Larrea,
-34.55882,-58.54824,Pizzeria Piccirillo,Comida rápida,88 - Jujuy 95,
-34.54597,-58.45856,Müsa,Comida rápida,Avenida Del Libertador,
-34.54512,-58.46030,White Coffee,Comida rápida,Crisólogo Larralde,
-34.64130,-58.52887,Sabor Andino,Comida rápida,Avenida General Paz,
-34.81468,-58.48889,Taller Mecánico,Talleres,Antonio Cervetti,
-34.81477,-58.48851,Churreria,Comida rápida,Antonio Cervetti,
-34.61230,-58.38612,La Vegana,Comida rápida,Moreno 1400,
-34.57719,-58.43044,Big Pizza,Comida rápida,Bonpland 2468,
-34.59365,-58.40477,La Paloma,Comida rápida,Avenida Santa Fe,
-34.54871,-58.46866,Big Pizza,Comida rápida,Avenida Cabildo,
-34.45284,-58.61535,Neumaticos Las Antenas,Gomerías,Alfredo Palacios,
-34.56676,-58.45187,Tanti,Comida rápida,Virrey Olaguer y Feliú 2414,
-34.57807,-58.42773,Big Pizza,Comida rápida,Humboldt 2490,
-34.59836,-58.39328,Negresco Bistró,Comida rápida,Avenida Callao,
-34.59179,-58.39164,Starbucks,Comida rápida,General Las Heras 1799,
-34.58003,-58.43035,Le Petit Rose,Comida rápida,Paraguay,
-34.60860,-58.43738,Mostaza,Comida rápida,Avenida Leopoldo Marechal,
-34.66397,-58.43853,Parrilla ''El Tata'',Comida rápida,Avenida Intendente Francisco Rabanal 3085,
-34.63125,-58.46648,Josefa,Comida rápida,Culpina 95,
-34.58624,-58.40078,Limbo,Comida rápida,Juan María Gutiérrez,
-34.58664,-58.40025,Vuka,Comida rápida,Agüero 2293,
-34.60344,-58.43264,Onno,Comida rápida,Río de Janeiro,
-34.59396,-58.42932,Milapizza,Comida rápida,Avenida Raúl Scalabrini Ortiz,
-34.60836,-58.46445,Mi Gusto,Comida rápida,Avenida Juan Bautista Justo 4551,
-34.59483,-58.39239,Vinnie's,Comida rápida,Arenales,
-34.60624,-58.44112,Salute Garibaldi,Comida rápida,Avenida Ángel Gallardo,
-34.60590,-58.44092,Sanguche,Comida rápida,Avenida Ángel Gallardo,
-34.60589,-58.44088,Tekeditos,Comida rápida,Avenida Ángel Gallardo,
-34.60634,-58.44026,Pizza Nova,Comida rápida,Acoyte 1034,
-34.60639,-58.43882,Furia,Comida rápida,Avenida Leopoldo Marechal 1002,
-34.58698,-58.40369,Rincon Norteno,Comida rápida,Bollini,
-34.58679,-58.40349,Fede,Comida rápida,Bollini,
-34.60859,-58.46417,Libertad,Comida rápida,Avenida Juan Bautista Justo,
-34.58451,-58.43413,Two Churros,Comida rápida,El Salvador 5466,
-34.63201,-58.50099,El Club de la Milanesa,Comida rápida,Avenida Lope De Vega 609,
-34.59911,-58.45094,3D Products,Talleres,Avenida Juan Bautista Justo 3199,
-34.61514,-58.37436,Simik,Comida rápida,Perú 614,
-34.61510,-58.37436,Central de Empanadas y Pizzas,Comida rápida,Perú 614,
-34.60345,-58.37994,Fabric,Comida rápida,Avenida Corrientes 927,
-34.60272,-58.43322,Lorenzo,Comida rápida,Río de Janeiro,
-34.60256,-58.43324,Tomasso Empanadas,Comida rápida,Juan Ramírez de Velasco,
-34.60283,-58.43386,Giusseppe Vicenti,Comida rápida,Avenida Ángel Gallardo,
-34.60288,-58.43366,KDE Empanadas y pizzas,Comida rápida,Avenida Ángel Gallardo,
-34.60177,-58.43389,Bar de Bandera,Comida rápida,Teniente General Eustaquio Frías 390,
-34.60002,-58.43686,El Nilo,Comida rápida,Vera 390,
-34.60069,-58.43602,Terranova,Comida rápida,Julián Álvarez,
-34.58736,-58.40744,Tilo,Comida rápida,Billinghurst,
-34.58956,-58.40129,Sabores,Comida rápida,French 2649,
-34.60451,-58.40687,Brazziano,Comida rápida,Avenida Corrientes,
-34.61654,-58.37035,Je suis Lacan,Comida rápida,San Lorenzo,
-34.58925,-58.41681,Bankedo Plaza,Comida rápida,Avenida Medrano 1906,
-34.81930,-58.48974,Gomeria,Talleres,"-34.81930, -58.48974",
-34.58076,-58.42933,Clout,Comida rápida,Paraguay,
-34.59769,-58.43551,Quilla Cafe,Comida rápida,Avenida Raúl Scalabrini Ortiz,
-34.81808,-58.46324,Lo de Lito,Comida rápida,Boulevard Buenos Aires,
-34.82650,-58.47970,Taller de Radiadores,Talleres,Avenida Enrique Santamarina,
-34.82785,-58.47898,Lubricentro,Talleres,Intendente Juan Italiani,
-34.82683,-58.47970,Taller de Electricdad Italo,Talleres,Ramón Santamarina,
-34.58324,-58.42602,Orso Cafe,Comida rápida,Paraguay,
-34.81315,-58.48968,Electricidad del Automotor,Talleres,Antonio Cervetti,
-34.61778,-58.37081,La parri,Comida rápida,Doctor José M. Giuffra,
-34.58783,-58.40653,Tomasso,Comida rápida,Juncal,
-34.58917,-58.40500,Parrilla las Tablas,Comida rápida,Juncal 2774,
-34.80285,-58.47890,Lo de Seba,Comida rápida,Nuestras Malvinas,
-34.79865,-58.47230,Majo Casa de Comidas,Comida rápida,Ingeniero Huergo,
-34.60401,-58.45808,Tunel Cafe,Comida rápida,Avenida Juan Bautista Justo,
-34.58648,-58.43655,Taller Barceló,Talleres,Avenida Juan Bautista Justo,
-34.58916,-58.39960,Monet,Comida rápida,Peña,
-34.61046,-58.37760,Viejo Alsina Bodegón,Comida rápida,Adolfo Alsina,
-34.55715,-58.41260,La Cabrera,Comida rápida,Avenida Costanera Rafael Obligado,
-34.59931,-58.39783,Chimi & Churri,Comida rápida,Avenida Córdoba,
-34.63400,-58.52206,Thunder,Talleres,Avenida Juan Bautista Justo,
-34.63345,-58.51347,Big Pizza,Comida rápida,Avenida Juan Bautista Justo,
-34.58311,-58.43235,Boxes,Talleres,Avenida Juan Bautista Justo,
-34.62555,-58.48667,Triton,Talleres,Avenida Juan Bautista Justo,
-34.45275,-58.61514,Solo Moto,Insumos de motos,Alfredo Palacios,
-34.61386,-58.39020,Havanna,Comida rápida,Avenida Belgrano 1696,
-34.55693,-58.45210,Primi,Comida rápida,Via Viva Barrio Chino,
-34.61618,-58.43215,Shami,Comida rápida,Avenida Rivadavia,
-34.59985,-58.39926,Work Express,Comida rápida,Avenida Córdoba,
-34.61607,-58.43179,Kentuchy,Comida rápida,Avenida Rivadavia,
-34.60308,-58.39184,Ricas Empanadas,Comida rápida,Lavalle,
-34.58029,-58.43563,La Pulpería de Francisco,Comida rápida,Ángel Justiniano Carranza,
-34.58022,-58.43586,Cinna,Comida rápida,Ángel Justiniano Carranza,
-34.58460,-58.43862,Craft Vegan Bakery,Comida rápida,Bonpland,
-34.58443,-58.43841,Elocuente Cafe y Libros,Comida rápida,Bonpland,
-34.58367,-58.43759,Bao Kitchen,Comida rápida,Bonpland,
-34.58187,-58.43552,Dulce Chatlotte,Comida rápida,Bonpland,
-34.58455,-58.43879,Paraiso,Comida rápida,Bonpland,
-34.58480,-58.42229,Sienmesage,Comida rápida,Gurruchaga,
-34.58319,-58.43355,Kefi,Comida rápida,Humboldt 1920,
-34.58395,-58.43596,Big Pons,Comida rápida,Fitz Roy,
-34.58508,-58.43917,Buro Arbol,Comida rápida,José Antonio Cabrera 5700,
-34.60084,-58.43453,Boiro,Comida rápida,Juan Ramírez de Velasco,
-34.64745,-58.56575,Carmen,Comida rápida,Necochea 710,
-34.58933,-58.44517,Parrilla Lo de Susy,Comida rápida,Juan Ramírez de Velasco,
-34.59000,-58.43222,Dopo Café y Vino,Comida rápida,José Antonio Cabrera 5002,
-34.60994,-58.36344,Bharat,Comida rápida,Olga Cossetini 1124,
-34.60187,-58.49430,Havanna,Comida rápida,Nazarre,
-34.60169,-58.49448,El Café de la Abuela,Comida rápida,Padre Vicente Rigoni,
-34.60174,-58.49433,El Huevo de Oro,Comida rápida,Padre Vicente Rigoni,
-34.64227,-58.59720,Pizza Pazza,Comida rápida,Primera Junta 292,
-34.57399,-58.50647,Bonafide,Comida rápida,Bolivia,
-34.52297,-58.48459,Nuevo Apolo,Comida rápida,Avenida Maipú 1602,
-34.51304,-58.48963,Extremas,Comida rápida,Avenida Maipú 2410,
-34.51977,-58.48624,La fábrica,Comida rápida,Italia,
-34.58902,-58.42965,Lado V,Comida rápida,Honduras 4969,
-34.56686,-58.46223,Saborcito Casero,Comida rápida,Echeverría 3062,
-34.67988,-58.47794,Viva Lugano,Comida rápida,Avenida Riestra 6058,
-34.67905,-58.47632,La Ventanita,Comida rápida,Cafayate 4299,
-34.81545,-58.47085,Alto Morfi,Comida rápida,Vicente López Y Planes,
-34.62062,-58.47902,Asia Motor,Talleres,Avenida Juan Bautista Justo,
-34.63406,-58.52142,Pancho Estadio,Comida rápida,Álvarez Jonte,
-34.61941,-58.47795,Pellicciari,Talleres,Avenida Juan Bautista Justo,
-34.60234,-58.43027,Reggina,Comida rápida,Avenida Corrientes 4602,
-34.59626,-58.44967,Parrilla,Comida rápida,Humboldt 239,
-34.82362,-58.47368,Full,Comida rápida,Avenida Enrique Santamarina,
-34.81840,-58.46943,La Nueva Musel,Comida rápida,Mariano Acosta,
-34.56941,-58.43342,HIT,Comida rápida,Arce,
-34.59247,-58.56102,YPF,Estaciones de servicio,643 - Avenida Del Libertador General José De San Martín,
-34.57359,-58.49090,Coffee Bar Rosa,Comida rápida,Doctor Pedro Ignacio Rivera,
-34.59995,-58.50195,Sargantana,Comida rápida,Avenida Francisco Beiró,
-34.63990,-58.56532,Sabores Express,Comida rápida,9 de Julio,
-34.58966,-58.42694,Tomate,Comida rápida,El Salvador 4676,
-34.58211,-58.42541,Salgado Alimentos,Comida rápida,Charcas,
-34.59079,-58.47749,Fauno´ss,Comida rápida,Las Indias,
-34.59035,-58.47888,Organ&co,Comida rápida,Barzana,
-34.60291,-58.36681,Sorrento,Comida rápida,Juana Manuela Gorriti,
-34.57559,-58.43450,Cofi & Window,Comida rápida,Viaducto Carranza,
-34.57645,-58.43248,Brozziano,Comida rápida,Avenida Santa Fe 5146,
-34.60268,-58.36702,China,Comida rápida,Avenida Alicia Moreau de Justo,
-34.54811,-58.46850,Juan Valdez Café,Comida rápida,Avenida Cabildo 3787,
-34.59415,-58.49231,First Padel Center,Comida rápida,Túnel Gustavo Cerati,
-34.56729,-58.45614,Mojo,Comida rápida,José Hernández,
-34.61567,-58.52705,Comida por Peso,Comida rápida,Avenida Francisco Beiró,
-34.59721,-58.49809,Sushi Pop,Comida rápida,Avenida Francisco Beiró,
-34.59218,-58.39359,Oss,Comida rápida,José A. Pacheco de Melo 1860,
-34.59992,-58.39274,Disfruty,Comida rápida,Avenida Callao,
-34.59509,-58.38444,Import Coffee Co.,Comida rápida,Libertad,
-34.55012,-58.46441,Cupan,Comida rápida,Cuba,
-34.60365,-58.37819,Import Coffee Co,Comida rápida,Esmeralda,
-34.55634,-58.44772,Forno,Comida rápida,Avenida Del Libertador,
-34.57959,-58.47166,El Boliche de Nico,Comida rápida,Avenida De Los Incas,
-34.58082,-58.47384,Tomasso,Comida rápida,Lugones,
-34.79964,-58.39045,La Delfina,Comida rápida,Pellerano 775,
-34.62461,-58.37262,Zavalia,Comida rápida,Bolívar,
-34.63396,-58.53317,Parrilla Homero Simpson,Comida rápida,226 - Juan José Castelli,
-34.57731,-58.43058,Allungata,Comida rápida,Bonpland 2444,
-34.41476,-58.58268,Juanna's,Comida rápida,Paseo Victorica,
-34.42147,-58.57453,La Casa Isleña,Comida rápida,Sarmiento,
-34.41194,-58.58745,La Serena,Comida rápida,Virgilio Tedín,
-34.48638,-58.61714,Porco Motos,Insumos de motos,Juan De Garay,
-34.41710,-58.57186,Pescadito,Comida rápida,Astillero Parodi,
-34.41925,-58.57979,Palas,Comida rápida,General Lavalle,
-34.41483,-58.58253,El Muelle,Comida rápida,Paseo Victorica 278,
-34.42099,-58.57243,Punta Alta,Comida rápida,Los Sauces,
-34.42056,-58.57339,Waffles del Mundo,Comida rápida,Perú,
-34.42030,-58.57393,Waffles del Mundo,Comida rápida,Brasil,
-34.42041,-58.57343,Barba,Comida rápida,Sarmiento,
-34.41883,-58.57179,La Vieja del Puerto,Comida rápida,Las Casuarinas,
-34.61097,-58.37494,Quinta Caraná,Comida rápida,Perú,
-34.41872,-58.57714,La Isla,Comida rápida,Vivanco,
-34.41996,-58.57861,Delos Coffee House,Comida rápida,General Bartolomé Mitre,
-34.42005,-58.57861,Orly,Comida rápida,"-34.42005, -58.57861",
-34.64079,-58.56407,Bonafide,Comida rápida,Avenida Rivadavia,
-34.58128,-58.40618,Esquina Cortes,Comida rápida,Cerviño,
-34.58088,-58.40666,Vinnie's,Comida rápida,Cerviño,
-34.58103,-58.40633,The coffee store,Comida rápida,Cerviño,
-34.59885,-58.41747,Calma Chica,Comida rápida,Bulnes,
-34.59731,-58.42450,Full City Coffeehouse,Comida rápida,Avenida Córdoba,
-34.59001,-58.43232,Dopo Cafe,Comida rápida,José Antonio Cabrera,
-34.41225,-58.58488,Isla Bruma,Comida rápida,"-34.41225, -58.58488",
-34.60181,-58.40938,Catulo Tango,Comida rápida,Zelaya,
-34.61931,-58.37239,The Market Burger,Comida rápida,Carlos Calvo,
-34.67083,-58.52551,Lo + Burger,Comida rápida,Hornos,
-34.68098,-58.53781,La Posta de Brandsen,Comida rápida,"-34.68098, -58.53781",
-34.59865,-58.54563,MAGIA,Comida rápida,427 - Pío XII 1696,
-34.68124,-58.57849,Meraki,Comida rápida,Avenida Diego Armando Maradona,
-34.64192,-58.56516,Mostaza,Comida rápida,Belgrano,
-34.60326,-58.45632,Ghirardelli Café | Café de Especialidad,Comida rápida,Avenida Juan Bautista Justo 4428,
-34.59805,-58.36520,Llama Coffee Roasters,Comida rápida,Cecilia Grierson,
-34.59509,-58.42287,Café Botanico,Comida rápida,Gascón,
-34.59014,-58.42968,tealosophy,Comida rápida,Gorriti,
-34.76252,-58.17965,Axion,Estaciones de servicio,Autopista Doctor Ricardo Balbín,
-34.76235,-58.17835,Axion,Estaciones de servicio,Autopista Doctor Ricardo Balbín,
-34.55604,-58.44994,Soho Club,Comida rápida,Montañeses 2225,
-34.59588,-58.37860,Huacho,Comida rápida,Esmeralda 1050,
-34.61052,-58.37337,Vegabundo,Comida rápida,Bolívar,
-34.61142,-58.37247,Van Wivh,Comida rápida,Moreno,
-34.58961,-58.42519,Martinelli,Comida rápida,Malabia 1779,
-34.64594,-58.59161,Sabores Express,Comida rápida,Avenida Rivadavia 16164,
-34.59902,-58.42370,Dafne,Comida rápida,Rocamora,
-34.42177,-58.57984,McDonald's,Comida rápida,General Bartolomé Mitre,
-34.60083,-58.39147,Parrilla Pena,Comida rápida,Rodríguez Peña 682,
-34.58361,-58.40467,El Hornito Santiagueño,Comida rápida,Avenida General Las Heras,
-34.57519,-58.53260,Lo de Carlitos,Comida rápida,79 - 25 De Mayo,
-34.57666,-58.53842,Salon Independencia,Comida rápida,54 - Bartolomé Mitre,
-34.51794,-58.52149,Alfa,Talleres,Domingo De Acassuso,
-34.58965,-58.42524,Avila,Comida rápida,Malabia,
-34.66333,-58.36487,Valence,Comida rápida,Adolfo Alsina,
-34.56883,-58.46074,Barro Café,Comida rápida,Zapiola,
-34.42176,-58.57547,Conventillo de Tigre,Comida rápida,Sáenz Peña,
-34.42192,-58.57521,Orilla Brava,Comida rápida,Sáenz Peña,
-34.42476,-58.56844,Albardón,Comida rápida,San Juan,
-34.84004,-58.18827,Mostaza,Comida rápida,Rotonda Juan María Gutiérrez,
-34.67782,-58.55973,Sabores Express,Comida rápida,Almafuerte 3128,
-34.68156,-58.55667,Sabores Express,Comida rápida,Doctor Ignacio Arieta 3477,
-34.58763,-58.52524,Urquiza Motos,Insumos de motos,Avenida 85 - Libertador General San Martín 758,
-34.63719,-58.40841,Bodegón El Globito,Comida rápida,"-34.63719, -58.40841",
-34.64316,-58.39714,Comedor Concentración,Comida rápida,Platea Norte Jorge Newbery Planta Alta,
-34.61091,-58.38040,Club Café,Comida rápida,Bernardo De Irigoyen,
-34.61139,-58.38041,Chori 33,Comida rápida,Bernardo De Irigoyen,
-34.60926,-58.38050,Campaso,Comida rápida,Bernardo De Irigoyen,
-34.58795,-58.40222,Viva la Arepa,Comida rápida,Agüero,
-34.65255,-58.63649,Dushi-Sushi,Comida rápida,Bartolomé Mitre 2186,
-34.65106,-58.64202,Mostaza,Comida rápida,Gobernador Inocencio Arias 2369,
-34.60308,-58.37534,Mostaza,Comida rápida,Florida,
-34.56264,-58.45342,La Panera Rosa,Comida rápida,Cuba,
-34.52486,-58.48534,Emilia,Comida rápida,General José de San Martín 1602,
-34.52567,-58.48310,El Desembarco,Comida rápida,Avenida Maipú,
-34.59641,-58.40469,Tori Tori,Comida rápida,Ecuador 1175,
-34.59542,-58.40437,Dulce Hora,Comida rápida,Ecuador,
-34.59264,-58.40365,Monti,Comida rápida,Arenales,
-34.59220,-58.40453,Don Pilo,Comida rápida,Arenales,
-34.59773,-58.40183,La bomba,Comida rápida,Paraguay,
-34.59637,-58.39867,Vinnie's,Comida rápida,Presidente José Evaristo Uriburu,
-34.59368,-58.39766,Todo Tartas,Comida rápida,Presidente José Evaristo Uriburu,
-34.58931,-58.39636,La Lenita,Comida rápida,Azcuénaga,
-34.61147,-58.52061,Todo Brasas,Comida rápida,Coronel Ramón Lista,
-34.61397,-58.52482,Antonino,Comida rápida,Avenida Lope De Vega,
-34.58546,-58.45436,Parrilla Mi Sueño,Comida rápida,Avenida Federico Lacroze 4037,
-34.58870,-58.39442,Mwafi,Comida rápida,Presidente José Evaristo Uriburu,
-34.58831,-58.39575,Empa's,Comida rápida,Azcuénaga,
-34.58245,-58.42846,Cinna,Comida rápida,Godoy Cruz,
-34.59419,-58.46861,Tita la vedette,Comida rápida,Paz Soldán,
-34.57978,-58.43852,El colmo,Comida rápida,Costa Rica,
-34.59458,-58.39976,Sushi Rock,Comida rápida,Azcuénaga,
-34.59466,-58.39978,Natu&Co,Comida rápida,Azcuénaga 1144,
-34.59479,-58.40489,La Brochette,Comida rápida,Charcas 2671,
-34.59525,-58.40397,Olivia,Comida rápida,Charcas,
-34.58744,-58.54035,Gomería,Talleres,111 - Pergamino,
-34.55454,-58.45342,Casa Sandwich,Comida rápida,Monroe,
-34.55440,-58.45358,Escapes Le Mans,Talleres,Monroe,
-34.55458,-58.45349,Big Pizza,Comida rápida,Monroe,
-34.56049,-58.47185,Big Pizza,Comida rápida,Avenida Congreso,
-34.56431,-58.47944,Full,Comida rápida,Avenida Congreso,
-34.57423,-58.50236,Full Clean,Talleres,Avenida de los Constituyentes 5690,
-34.54171,-58.49109,Cafe Dellape,Comida rápida,Francisco Narciso de Laprida 2601,
-34.66390,-58.44434,"Pizzería ""La Gran Vía""",Comida rápida,Rodrigo De Triana,
-34.66478,-58.44073,"Comedor Comunitario ""Las Abuelas""",Comida rápida,Tabaré,
-34.66564,-58.43998,La Parrillita de Roca,Comida rápida,Avenida Intendente Francisco Rabanal,
-34.66645,-58.44086,Taller Soldati,Talleres,Avenida Coronel Roca,
-34.66592,-58.44180,Distinto's Beer & Burger,Comida rápida,Avenida Mariano Acosta 3620,
-34.66585,-58.44193,Las Marinas,Comida rápida,Avenida Mariano Acosta,
-34.66521,-58.44270,Gustoso Argentina,Comida rápida,Avenida Mariano Acosta,
-34.66420,-58.44395,Pizzería Patila,Comida rápida,Avenida Mariano Acosta,
-34.60398,-58.46114,Bonafide,Comida rápida,Avenida San Martín 2368,
-34.67795,-58.53508,Panchitos,Comida rápida,Alvear 3924,
-34.67810,-58.53627,Prepizzas Artesanales,Comida rápida,Catriel,
-34.67831,-58.53198,Pizza X Metro,Comida rápida,Necochea,
-34.62537,-58.52683,Avellino Villa Real,Comida rápida,Nogoyá 6099,
-34.47786,-58.52980,Fama,Comida rápida,Avenida Andrés Rolón 458,
-34.53131,-58.46645,Shami,Comida rápida,Juan Carlos Cruz,
-34.53145,-58.46633,Il vero Oriente,Comida rápida,Juan Carlos Cruz,
-34.58786,-58.44459,Naranjo,Comida rápida,Ángel Justiniano Carranza,
-34.81428,-58.53838,Burger King,Comida rápida,Acceso Al Terminal De Exportación Particulares,
-34.81608,-58.54212,La Panera Rosa,Comida rápida,Acceso Al Terminal De Exportación Particulares,
-34.56448,-58.47540,Rómulo,Comida rápida,Doctor Rómulo Naón,
-34.57482,-58.46330,Latter,Comida rápida,Avenida De Los Incas,
-34.58109,-58.42475,Gustó Café,Comida rápida,Darregueyra 2394,
-34.60919,-58.51247,Bendito Pizza,Comida rápida,Simbrón,
-34.56140,-58.46538,Moratín,Comida rápida,"-34.56140, -58.46538",
-34.56441,-58.46998,La Casa de Maga,Comida rápida,Avenida Monroe,
-34.61667,-58.37017,Huacho Fuegos,Comida rápida,San Lorenzo,
-34.58449,-58.46652,El Sol,Comida rápida,Tronador,
-34.57088,-58.61515,Luis,Talleres,954 - Avenida Presidente Juan Domingo Perón 9611,
-34.61597,-58.44901,El viejo Buzon,Comida rápida,Neuquén 1100,
-34.61601,-58.44919,Casa Luis Taperia,Comida rápida,Espinosa,
-34.61589,-58.44653,rotiseria del gordo,Comida rápida,Neuquén,
-34.55859,-58.44906,Panchorno,Comida rápida,Pasaje Echeverria 1677,
-34.60610,-58.45449,Malavuena,Comida rápida,Pujol 1500,
-34.63322,-58.63252,Galpón 5,Talleres,Avenida Presidente Perón,
-34.58894,-58.39401,Fabric,Comida rápida,Vicente López 2050,
-34.58963,-58.39535,La Coqueta,Comida rápida,Presidente José Evaristo Uriburu,
-34.59105,-58.40201,Kersen,Comida rápida,Juncal,
-34.57859,-58.53444,Radiadores Vona,Talleres,46 - Abraham Lincoln 3655,
-34.57704,-58.53260,Radiadores Raul,Talleres,46 - Abraham Lincoln,
-34.57664,-58.53177,Sushi Pop,Comida rápida,46 - Abraham Lincoln,
-34.54606,-58.47017,Café Registrado,Comida rápida,Vilela,
-34.55098,-58.46927,La Rossi Maniera,Comida rápida,Amenábar 3501,
-34.55024,-58.47277,Burgafast,Comida rápida,Jaramillo 2822,
-34.55617,-58.45356,Kuro Kuma,Comida rápida,Via Viva Barrio Chino,
-34.57915,-58.46594,Café Bar Oriente,Comida rápida,Avenida Álvarez Thomas 1800,
-34.65512,-58.34085,The Marine Bar,Comida rápida,Juan Díaz de Solís 1775,
-34.60319,-58.37657,Panera Rosa Corrientes,Comida rápida,Avenida Corrientes 699,
-34.65379,-58.47407,Yiyo El Zeneize,Comida rápida,Avenida Eva Perón 4402,
-34.60072,-58.39227,Via 71,Comida rápida,Viamonte 1771,
-34.57869,-58.46030,El Armenio,Comida rápida,Avenida Elcano 3618,
-34.58678,-58.43107,Dora,Comida rápida,Uriarte,
-34.59123,-58.62519,Delhia,Comida rápida,Avenida Julio Argentino Roca,
-34.59114,-58.62579,Candela,Comida rápida,Avenida Julio Argentino Roca,
-34.59040,-58.62633,Weimburg,Comida rápida,Avenida Julio Argentino Roca,
-34.81807,-58.46374,Bahia Bonita,Comida rápida,Boulevard Buenos Aires 192,
-34.83312,-58.50052,Taller Mecánico Leo,Talleres,José Ingenieros,
-34.61464,-58.44042,Rincón Norteño,Comida rápida,Avellaneda,
-34.61347,-58.43663,Taco God,Comida rápida,Avellaneda 421,
-34.54448,-58.43935,Comedor Pab 1,Comida rápida,Intendente Güiraldes 2160,
-34.54413,-58.44016,Cafeteria Pabellón 2,Comida rápida,Reforma Universitaria De 1918,
-34.60156,-58.51244,Casa Lucca,Comida rápida,Asunción 4167,
-34.60129,-58.51206,Betular,Comida rápida,Mercedes 3900,
-34.56338,-58.45714,Tomasso,Comida rápida,Ciudad De La Paz,
-34.61419,-58.43763,Black Clover,Comida rápida,Avenida Acoyte,
-34.55649,-58.45284,Mamly,Comida rápida,Via Viva Barrio Chino,
-34.55626,-58.45324,Krop,Comida rápida,Via Viva Barrio Chino,
-34.55635,-58.45323,Mahjong,Comida rápida,Via Viva Barrio Chino,
-34.55590,-58.45374,Blanco 1807,Comida rápida,Blanco Encalada,
-34.55593,-58.45381,Ogham,Comida rápida,Via Viva Barrio Chino,
-34.55609,-58.45195,Poky,Comida rápida,Arribeños 2310,
-34.55599,-58.45173,Yes! Ramen,Comida rápida,Arribeños,
-34.55592,-58.45207,Monza,Talleres,Arribeños,
-34.55854,-58.45578,Jimena Fuster,Comida rápida,Olazábal,
-34.59799,-58.41716,Tostado,Comida rápida,Avenida Córdoba 3598,
-34.61249,-58.44069,Vagabondo,Comida rápida,"-34.61249, -58.44069",
-34.57340,-58.41330,El Águila I,Comida rápida,"-34.57340, -58.41330",
-34.61742,-58.47570,Pizzería El Reloj,Comida rápida,Avenida Juan Bautista Justo 5653,
-34.74419,-58.39194,Balcarce,Comida rápida,Belgrano 1436,
-34.61577,-58.51978,El Gaucho,Comida rápida,Tinogasta,
-34.60543,-58.43927,Havanna,Comida rápida,Avenida Ángel Gallardo 591,
-34.60245,-58.44228,Arepas Club by Changir,Comida rápida,Avenida Warnes 379,
-34.57922,-58.47028,Taco Loco,Comida rápida,Avenida De Los Incas,
-34.57357,-58.44269,Frank's Grill,Comida rápida,"-34.57357, -58.44269",
-34.60903,-58.48312,Costumbres Argentinas,Comida rápida,Avenida Nazca,
-34.63111,-58.46929,Tomasso,Comida rápida,Avenida San Pedrito,
-34.57599,-58.44817,Fiorentina,Comida rápida,Zapiola,
-34.62943,-58.46548,Café Martínez,Comida rápida,Avenida Rivadavia 7099,
-34.62855,-58.46618,Nápoli vs Tucumán,Comida rápida,Yerbal,
-34.57204,-58.44591,Central,Comida rápida,Avenida Federico Lacroze,
-34.62326,-58.47280,Criollos,Comida rápida,Felipe Vallese,
-34.58075,-58.45093,Tienda de Empanadas,Comida rápida,Avenida Federico Lacroze,
-34.61346,-58.47959,Martínez,Comida rápida,Alejandro Magariños Cervantes,
-34.55358,-58.45006,Aire Libre,Comida rápida,Avenida Del Libertador 6327,
-34.61426,-58.47896,Tienda de Café,Comida rápida,General César Díaz,
-34.64633,-58.62021,Nos Vemos,Comida rápida,General Machado 829,
-34.60287,-58.37960,Ugi's,Comida rápida,Suipacha,
-34.60150,-58.37825,Gaudi,Comida rápida,Esmeralda,
-34.60134,-58.37876,Altitud,Comida rápida,Tucumán,
-34.60144,-58.37810,Ginko,Comida rápida,Esmeralda,
-34.60374,-58.38001,Cic,Comida rápida,Avenida Corrientes,
-34.60149,-58.37810,Sherman's Coffe,Comida rápida,Esmeralda,
-34.58193,-58.46133,La Kitchen,Comida rápida,Roseti,
-34.57735,-58.45753,Bodegón Colegiales,Comida rápida,Virrey Loreto,
-34.57830,-58.44980,Café Sur,Comida rápida,Avenida Federico Lacroze,
-34.58485,-58.45437,Ugi's,Comida rápida,Avenida Forest 615,
-34.59596,-58.39735,Veggie club,Comida rápida,Junín,
-34.54202,-58.47318,La Forneria,Comida rápida,Avenida Cabildo,
-34.58754,-58.44620,Mandi Cafe,Comida rápida,Fraga 30,
-34.59175,-58.39814,Costanzo,Comida rápida,Azcuénaga 1493,
-34.64874,-58.53733,Lubricentro Santoro,Talleres,Carlos Pellegrini,
-34.48065,-58.62290,Sole Dueñas Patisserie & Coffee,Comida rápida,Avenida Boulogne Sur Mer,
-34.59552,-58.63611,AR Cars & Coffee,Comida rápida,Avenida Gobernador Valentín Vergara,
-34.56926,-58.41769,Tomate,Comida rápida,Avenida Infanta Isabel,
-34.47976,-58.56988,Sedai Sushi,Comida rápida,Almirante Blanco Encalada 2153,
-34.58401,-58.43794,Nerea,Comida rápida,Bonpland,
-34.57678,-58.43762,Rita,Comida rápida,Dorrego,
-34.59601,-58.43085,Fraterno,Comida rápida,Aráoz,
-34.60738,-58.44985,Kaido,Comida rápida,Doctor Nicolás Repetto 1299,
-34.59560,-58.43075,CL,Comida rápida,Lerma,
-34.59508,-58.43152,La Payada,Comida rápida,Avenida Raúl Scalabrini Ortiz,
-34.61067,-58.41553,Big Pizza,Comida rápida,Avenida Rivadavia,
-34.55667,-58.45278,Okaeri,Comida rápida,Via Viva Barrio Chino,
-34.55663,-58.45261,HKT Baos,Comida rápida,Via Viva Barrio Chino,
-34.55660,-58.45266,Kazan,Comida rápida,Via Viva Barrio Chino,
-34.61150,-58.37357,Cohiba,Comida rápida,Moreno 502,
-34.60233,-58.43098,Big Joe,Comida rápida,Panamá,
-34.60194,-58.43187,Tostado,Comida rápida,Avenida Corrientes,
-34.60056,-58.43105,Big Pizza,Comida rápida,Loyola,
-34.60616,-58.45141,Pizza Paradiso,Comida rápida,Doctor Nicolás Repetto,
-34.45785,-58.56710,Aroma,Comida rápida,Avenida Nicolás Avellaneda 3189,
-34.59741,-58.43770,Ugi's,Comida rápida,Juan Ramírez de Velasco 604,
-34.58298,-58.39966,ACA,Estaciones de servicio,Tagle,
-34.59093,-58.39762,Muzza Madre,Comida rápida,Azcuénaga 1579,
-34.62574,-58.43455,Il Quotidiano,Comida rápida,Avenida Pedro Goyena 503,
-34.54148,-58.44220,Comedor Pabellón 2,Comida rápida,Presidente Doctor Raúl Alfonsín,
-34.57455,-58.43933,Twitty's Pizza,Comida rápida,Zapata 187,
-34.59692,-58.37705,Trippin,Comida rápida,Maipú 942,
-34.59698,-58.37704,Rediscover Cafe,Comida rápida,Maipú 942,
-34.59825,-58.39745,Canillita,Comida rápida,Junín 926,
-34.59712,-58.39746,Junin,Comida rápida,Junín,
-34.58802,-58.50907,Trocca,Comida rápida,Griveo,
-34.56280,-58.46708,MTG Sports,Insumos de motos,Avenida Monroe,
-34.57407,-58.48567,Havanna,Comida rápida,Monroe,
-34.65398,-58.41587,Moto Sáenz,Insumos de motos,Ventura De La Vega,
-34.55336,-58.48519,Rusvel,Comida rápida,Paroissien 4001,
-34.45596,-58.53557,Botanique,Comida rápida,Avenida Presidente Teniente General Juan Domingo Perón 3627,
-34.68604,-58.54542,Juanote Alfajores,Comida rápida,Peribebuy 2196,
-34.57506,-58.43830,Brusco café & Bar,Comida rápida,Concepción Arenal 2483,
-34.57451,-58.43729,Concepción Pizza y Vino,Comida rápida,Concepción Arenal 2426,
-34.56575,-58.45512,El Buen Comer,Comida rápida,Ciudad De La Paz,
-34.56293,-58.45728,Inferno,Comida rápida,Ciudad De La Paz,
-34.56416,-58.45622,Mi Cocina,Comida rápida,Ciudad de la Paz 1933,
-34.56591,-58.45375,Veintidós,Comida rápida,"-34.56591, -58.45375",
-34.56253,-58.45792,Pinuccio,Comida rápida,Juramento 2527,
-34.55565,-58.45090,Yuki,Comida rápida,Olazábal,
-34.56433,-58.45608,Bisatti,Comida rápida,Ciudad de la Paz 1917,
-34.54488,-58.47221,Shawarma Dalal,Comida rápida,Ruiz Huidobro 2474,
-34.54622,-58.47127,Havanna,Comida rápida,Avenida San Isidro Labrador 4102,
-34.54336,-58.47397,Kopi Cafe,Comida rápida,Ramallo 2523,
-34.70626,-58.31544,Mostaza,Comida rápida,Avenida Bartolomé Mitre,
-34.74069,-58.29165,La Bionda,Comida rápida,Avenida Calchaquí,
-34.57082,-58.43343,Farfalla,Comida rápida,Báez 518,
-34.54219,-58.46411,Rita,Comida rápida,11 de Septiembre de 1888 4050,
-34.61176,-58.46902,Big Pizza,Comida rápida,Avenida Juan Bautista Justo,
-34.62214,-58.45833,Lab Sucre,Comida rápida,Terrero,
-34.59882,-58.39283,Shami Shawarma,Comida rápida,Avenida Callao 899,
-34.84863,-58.50443,Mostaza,Comida rápida,Avenida Mariano Castex 374,
-34.58834,-58.40428,Shanghai Ting's,Comida rápida,Austria,
-34.55877,-58.44420,Neko,Comida rápida,La Pampa 1395,
-34.64892,-58.61969,Kentuchy,Comida rápida,Bernardo Schvarzberg,
-34.59915,-58.38085,El Hornero,Comida rápida,Avenida Córdoba 970,
-34.58894,-58.44581,Eloski Pizzeria,Comida rápida,Juan Ramírez de Velasco,
-34.56898,-58.42173,Checkpoint Charlie,Comida rápida,Avenida Coronel Marcelino E. Freyre,
-34.56932,-58.42219,Rock&Feller's,Comida rápida,Avenida Dorrego,
-34.66519,-58.57191,Elásticos VOC,Talleres,Avenida Presidente Juan Domingo Perón 1819,
-34.59118,-58.42660,Mamushka,Comida rápida,Honduras,
-34.62771,-58.37092,Magari,Comida rápida,Defensa,
-34.59877,-58.37404,La Palita,Comida rápida,San Martín,
-34.59846,-58.37412,Atalaya,Comida rápida,Avenida Córdoba,
-34.57968,-58.39973,Shell Select,Comida rápida,Avenida Presidente Figueroa Alcorta,
-34.58807,-58.43105,La Baita de Palermo,Comida rápida,Thames 1603,
-34.59898,-58.38263,La Fonte De Oro,Comida rápida,Avenida Córdoba,
-34.61246,-58.37302,Big Pizza,Comida rápida,Avenida Belgrano,
-34.61801,-58.38176,Shell Select,Comida rápida,Lima,
-34.60740,-58.38931,Relicioso,Comida rápida,Montevideo 134,
-34.55709,-58.45202,Takumi,Comida rápida,Via Viva Barrio Chino,
-34.55653,-58.45277,Qisí,Comida rápida,Via Viva Barrio Chino,
-34.55657,-58.45270,Handog,Comida rápida,Via Viva Barrio Chino,
-34.55642,-58.45297,Dokdo,Comida rápida,Via Viva Barrio Chino,
-34.55638,-58.45303,Miyaki Roll,Comida rápida,Via Viva Barrio Chino,
-34.55646,-58.45290,Panda Chef,Comida rápida,Via Viva Barrio Chino,
-34.55631,-58.45315,Mok & Go,Comida rápida,Via Viva Barrio Chino,
-34.58839,-58.40567,Klawer,Comida rápida,"-34.58839, -58.40567",
-34.58691,-58.40773,Zion,Comida rápida,Juncal,
-34.58697,-58.40327,La Francizka,Comida rápida,Peña,
-34.58184,-58.40646,Salad,Comida rápida,Bulnes,
-34.58291,-58.40699,Big Pizza,Comida rápida,Bulnes,
-34.58800,-58.40663,Rotiseria la Union,Comida rápida,Sánchez De Bustamante,
-34.56741,-58.45103,Gorrión,Comida rápida,Virrey Arredondo 2424,
-34.59271,-58.42971,Hobby,Comida rápida,Malabia 1343,
-34.59064,-58.38057,Los Jardines De Las Barquin,Comida rápida,Suipacha,
-34.56746,-58.43253,Arista,Comida rápida,San Benito de Palermo,
-34.59985,-58.37143,El Roncal,Comida rápida,25 De Mayo,
-34.63169,-58.63542,Centro Integral de Neumáticos Fate O,Gomerías,Avenida Presidente Perón,
-34.64757,-58.61989,Big Pizza,Comida rápida,Cabildo,
-34.56038,-58.44629,McDonald's,Comida rápida,La Pampa 1586,
-34.64024,-58.53891,Rocca,Gomerías,137 - Avenida Rivadavia,
-34.63597,-58.46948,Sombrero Chino,Comida rápida,Avenida Directorio 3043,
-34.62848,-58.44072,Taller Bonifacio (Metro de Buenos Aires),Talleres,José Bonifacio 943,
-34.59741,-58.37309,Babalú,Comida rápida,Paraguay 412,
-34.59424,-58.39097,Casa Veltri,Comida rápida,Juncal 1642,
-34.63427,-58.52164,Big Pizza,Comida rápida,Álvarez Jonte,
-34.57851,-58.43392,Sabores Grill,Comida rápida,Ángel Justiniano Carranza,
-34.58273,-58.42535,Menta & Limón,Comida rápida,Uriarte 2264,
-34.57146,-58.54211,Bonafide,Comida rápida,Avenida 64 - Presidente Juan Domingo Perón,
-34.63576,-58.49992,La Ve,Comida rápida,Autopista Perito Moreno,
-34.62948,-58.49905,Fenoglio,Comida rápida,"-34.62948, -58.49905",
-34.46839,-58.50266,La Romana,Comida rápida,Leandro N. Alem,
-34.63923,-58.52544,Mr. Tasty,Comida rápida,Avenida Rivadavia,
-34.63922,-58.52540,Tomasso,Comida rápida,Avenida Rivadavia 11412,
-34.63924,-58.52579,Pizza Goll,Comida rápida,Avenida Rivadavia,
-34.63923,-58.52564,La Fábrica,Comida rápida,Avenida Rivadavia,
-34.61402,-58.35759,Charipan,Comida rápida,Costanera Sur,
-34.56734,-58.47465,Taquería Diaz,Comida rápida,Monroe 3915,
-34.58582,-58.44712,Barragán,Comida rápida,Roseti 177,
-34.49320,-58.49979,Satana,Comida rápida,Edison 99,
-34.60000,-58.50264,Sweet,Comida rápida,Avenida Francisco Beiró,
-34.58196,-58.47556,Apporé,Comida rápida,Torrent,
-34.58757,-58.48295,Alan,Talleres,Avenida De Los Incas,
-34.60139,-58.37811,Delirante,Comida rápida,Esmeralda,
-34.56976,-58.55585,Gomería Elías,Talleres,Avenida 101 - Doctor Ricardo Balbín,
-34.59741,-58.49026,Arte Express,Comida rápida,Tinogasta,
-34.59757,-58.48366,Big Pizza,Comida rápida,Avenida San Martín,
-34.58811,-58.52361,Taller 2001,Talleres,Avenida 85 - Libertador General San Martín,
-34.56687,-58.55969,De Cianni,Talleres,Avenida 101 - Doctor Ricardo Balbín,
-34.57498,-58.54922,Lo de Chelo,Comida rápida,Avenida 101 - Doctor Ricardo Balbín,
-34.59723,-58.47688,Viejo Mundo,Comida rápida,Raulíes,
-34.57858,-58.53860,Tomasso,Comida rápida,52 - Belgrano,
-34.59318,-58.50744,Royal Enfield,Insumos de motos,"-34.59318, -58.50744",
-34.56642,-58.56345,Elásticos Torino,Talleres,102 - Industria,
-34.54984,-58.47467,El Patiecito,Comida rápida,Avenida García del Río 2950,
-34.54273,-58.46465,Trois,Comida rápida,3 de Febrero 4035,
-34.42710,-58.57464,Las glorias,Comida rápida,Chacabuco,
-34.56392,-58.45734,La Paceña,Comida rápida,Echeverría 2570,
-34.62661,-58.46517,Rapo,Comida rápida,General José Gervasio Artigas,
-34.62312,-58.47324,Santa Sazón,Comida rápida,Felipe Vallese,
-34.53684,-58.46903,Room,Comida rápida,3 De Febrero,
-34.57037,-58.45777,Cruce,Comida rápida,"-34.57037, -58.45777",
-34.58305,-58.40696,Pizza Plaza,Comida rápida,Bulnes,
-34.57272,-58.43319,Ambar,Comida rápida,Avenida General Indalecio Chenaut,
-34.56818,-58.43710,Rincón Norteño,Comida rápida,Maure,
-34.57746,-58.47096,Dorina Café Donado,Comida rápida,Donado 1635,
-34.57751,-58.47092,Berry Cafe,Comida rápida,Donado,
-34.57718,-58.44880,Tienda de Café,Comida rápida,Capitán General Ramón Freire 696,
-34.64689,-58.61837,Distrit,Comida rápida,Independencia,
-34.59442,-58.63655,Cucina 10,Comida rápida,Bizet,
-34.61495,-58.39051,Shawarma Al Nabek,Comida rápida,Venezuela 1702,
-34.57448,-58.57487,El Palenque,Comida rápida,104 - Primera Junta 5825,
-34.60716,-58.36416,Italica,Comida rápida,Pierina Dealessi 831,
-34.59058,-58.52293,Autoradio,Talleres,10 - Avenida Guido Spano,
-34.59124,-58.52457,La Parrilla del TC,Comida rápida,10 - Avenida Guido Spano,
-34.58960,-58.52130,CW Parabrisas,Talleres,10 - Avenida Guido Spano,
-34.58519,-58.44900,La Noire,Comida rápida,Roseti,
-34.58782,-58.44815,Jungla,Comida rápida,Guevara,
-34.58690,-58.44772,Expresso Oriental,Comida rápida,Fraga 200,
-34.60064,-58.37268,Caffe Truffa Reconquista,Comida rápida,Reconquista,
-34.58400,-58.44910,Silvestre,Comida rápida,Avenida Jorge Newbery,
-34.52666,-58.48255,Hell's Pizza,Comida rápida,Avenida Maipú,
-34.52278,-58.48406,Saverio,Comida rápida,Arenales,
-34.52618,-58.48283,Tienda de Cafe,Comida rápida,General Justo José De Urquiza,
-34.45668,-58.53375,VW Repuestos,Talleres,Avenida Centenario 2517,
-34.58727,-58.48201,Lubricentro Marconi,Talleres,Avenida De Los Incas,
-34.60052,-58.38957,Utopía,Comida rápida,Montevideo 719,
-34.58492,-58.44981,Salgado,Comida rápida,Roseti,
-34.47139,-58.51344,Alma,Comida rápida,Cosme Beccar,
-34.55703,-58.47975,Feriado,Comida rápida,Núñez,
-34.61567,-58.49768,El Nuevo Hornito,Comida rápida,Chivilcoy,
-34.61743,-58.49364,Hupa,Comida rápida,Juan Agustín García,
-34.77435,-58.25038,ATS Bikes,Talleres,Avenida 7 - Lavalle,
-34.60407,-58.39217,Albur,Comida rápida,Avenida Callao 435,
-34.51041,-58.56737,Café Martínez,Comida rápida,Padre Castiglia 82,
-34.50700,-58.56498,Mon Amour,Comida rápida,Avenida Avelino Rolón,
-34.57509,-58.47442,Van Koning,Comida rápida,Mariscal Antonio José de Sucre 4399,
-34.58899,-58.39453,El rincón,Comida rápida,Presidente José Evaristo Uriburu,
-34.60899,-58.38713,Franco Specialty Coffee,Comida rápida,Pres. Luis Sáenz Peña 18,
-34.61007,-58.37216,Nica,Comida rápida,Adolfo Alsina 401,
-34.64623,-58.53458,Fuego y Masa,Comida rápida,117 - Ingeniero Félix Amoretti,
-34.64333,-58.53175,RG Diagnóstico,Talleres,117 - Ingeniero Félix Amoretti,
-34.64337,-58.53024,Parrilla La Esquinita,Comida rápida,115 - Juan B. Muñoz,
-34.55581,-58.44163,Gao,Comida rápida,Cazadores,
-34.55688,-58.44096,Pampa,Comida rápida,Cazadores,
-34.63079,-58.48618,Mendrugo,Comida rápida,Segurola,
-34.59590,-58.38771,Cantina Recoleta,Comida rápida,Avenida Santa Fe 1430,
-34.56077,-58.45337,MORSO Pizzeria Napoletana,Comida rápida,Arcos 2023,
-34.55570,-58.45425,Ribs Al Río,Comida rápida,"-34.55570, -58.45425",
-34.55557,-58.45447,Asian Box Stop,Comida rápida,Via Viva Barrio Chino,
-34.61966,-58.37583,Modular,Comida rápida,Chacabuco,
-34.59228,-58.40276,Fergus,Comida rápida,Ecuador,
-34.52876,-58.48896,Urquiza,Comida rápida,General Justo José de Urquiza 2001,
-34.62742,-58.45625,Douro,Comida rápida,Avenida Carabobo,
-34.62593,-58.45534,Havanna,Comida rápida,"-34.62593, -58.45534",
-34.62919,-58.48297,Dimola,Comida rápida,Avenida Avellaneda,
-34.59840,-58.51163,Alma Canella,Comida rápida,Bahía Blanca,
-34.57058,-58.43135,Tienda de Café,Comida rápida,Arce,
-34.63060,-58.48307,Casa Bogotá,Comida rápida,Bogotá,
-34.64368,-58.56659,Alazán,Comida rápida,Rosales,
-34.64143,-58.56710,The Coffee Store,Comida rápida,Necochea,
-34.55919,-58.44524,QJMotor,Insumos de motos,Avenida Del Libertador 5723,
-34.58461,-58.43897,Achalay,Comida rápida,Bonpland 1520,
-34.61713,-58.38011,La Fuente,Comida rápida,Bernardo de Irigoyen 740,
-34.59433,-58.40387,Roster,Comida rápida,Ecuador,
-34.52706,-58.55000,Café Martínez,Comida rápida,Paraná 6570,
-34.54239,-58.47163,Luisa's,Comida rápida,Ramallo,
-34.58820,-58.48323,La Lolita,Comida rápida,Burela,
-34.61658,-58.37043,Tarquino al Palo,Comida rápida,San Lorenzo 309,
-34.59342,-58.38495,Bravo,Comida rápida,Pasaje Libertad,
-34.50862,-58.52298,Rock&Feller's,Comida rápida,Paraná 3745,
-34.50961,-58.47844,Trece,Comida rápida,"-34.50961, -58.47844",
-34.60659,-58.37514,El Ultimo Bodegon,Comida rápida,Florida,
-34.56868,-58.44858,Pizzeria Marcelo,Comida rápida,Céspedes,
-34.62121,-58.41668,El Santo,Comida rápida,Avenida Boedo 709,
-34.59397,-58.38582,Kudzu Cafe,Comida rápida,Talcahuano,
-34.69433,-58.57346,Puma,Estaciones de servicio,Pedro León Gallo,
-34.68671,-58.56216,YPF,Estaciones de servicio,Sarratea,
-34.65966,-58.50978,MDC Performance,Talleres,Andalgalá,
-34.64523,-58.52977,El Ombú,Talleres,110 - José Joaquín Baltar,
-34.48559,-58.59443,Madero,Comida rápida,Camino Boulogne - Bancalari,
-34.59056,-58.39765,Roster,Comida rápida,Peña,
-34.59030,-58.40356,Barine,Comida rápida,Juncal 2610,
-34.58240,-58.42119,Muzza Madre,Comida rápida,Jorge Luis Borges,
-34.58708,-58.42491,Barine,Comida rápida,Soler 4658,
-34.58323,-58.41544,Kopi,Comida rápida,Beruti,
-34.60949,-58.38586,La Panera Rosa,Comida rápida,Avenida de Mayo 1370,
-34.60268,-58.38271,Obelisco City,Comida rápida,Lavalle,
-34.60356,-58.50866,Kuyén,Comida rápida,Avenida Chivilcoy,
-34.61854,-58.50218,Ceba,Gomerías,Albania,
-34.55874,-58.45136,Bonafide,Comida rápida,11 De Septiembre De 1888,
-34.58299,-58.39058,Starbucks,Comida rápida,Plaza República Federativa De Brasil,
-34.59298,-58.43816,Tony Wu,Comida rápida,Loyola,
-34.56216,-58.59177,Tecno GNC,Talleres,Diagonal 101 - Doctor Ricardo Balbín,
-34.59628,-58.40710,Yerman,Comida rápida,Tomás Manuel De Anchorena,
-34.59727,-58.40788,Buga,Comida rápida,Tomás Manuel De Anchorena,
-34.59521,-58.40680,Doppio,Comida rápida,General Lucio Norberto Mansilla,
-34.57005,-58.48674,Pil pil,Comida rápida,Pacheco,
-34.57818,-58.43811,Gaucha Restaurante,Comida rápida,Nicaragua 6044,
-34.61471,-58.43934,Tierra de Nadie,Comida rápida,Avellaneda 588,
-34.58513,-58.41570,Bonafide,Comida rápida,Raúl Scalabrini Ortiz,
-34.60859,-58.43227,Bonafide,Comida rápida,"-34.60859, -58.43227",
-34.56589,-58.43953,Popular,Comida rápida,Avenida Luis María Campos,
-34.55600,-58.44999,Wang.ar,Comida rápida,Montañeses,
-34.61476,-58.43942,Tu Espacio,Comida rápida,Avellaneda,
-34.61688,-58.44134,Dolino,Comida rápida,Colpayo,
-34.58069,-58.43807,Las Rojas,Comida rápida,Doctor Emilio Ravignani 1871,
-34.58908,-58.45013,San Cheto,Comida rápida,Santos Dumont,
-34.58584,-58.45282,Dalal Shawarma,Comida rápida,Guevara,
-34.70041,-58.58847,Pizzanelli,Comida rápida,República de Portugal 2695,
-34.58588,-58.45274,Lady Brava,Comida rápida,Guevara,
-34.58967,-58.44752,Break & Go,Comida rápida,Leiva 4006,
-34.57754,-58.45993,La Fábrica,Comida rápida,Avenida Elcano,
-34.58470,-58.45449,El Cortezzito,Comida rápida,Avenida Forest,
-34.53274,-58.47922,Otaku,Comida rápida,Avenida Maipú,
-34.53237,-58.47892,Big Pizza,Comida rápida,Avenida Maipú 601,
-34.53457,-58.47781,Mousa,Comida rápida,Avenida Maipú,
-34.47092,-58.51562,Hoy,Comida rápida,Avenida Centenario 477,
-34.58194,-58.42534,Casa Pina,Comida rápida,Charcas,
-34.81606,-58.54124,Tostado,Comida rápida,Acceso Al Terminal De Exportación Particulares,
-34.58161,-58.42215,Pochi Cafe,Comida rápida,Thames,
-34.59561,-58.38003,Magno,Comida rápida,Suipacha,
-34.59431,-58.38136,Big Pizza,Comida rápida,Arenales,
-34.59455,-58.38455,ADA,Comida rápida,Arenales,
-34.59473,-58.38809,Tierra,Comida rápida,Arenales,
-34.59475,-58.39008,U gabu,Comida rápida,Montevideo,
-34.59489,-58.39175,Prima,Comida rápida,Arenales,
-34.59453,-58.39564,El bodegon de Mario,Comida rápida,Arenales,
-34.65576,-58.50715,Basilio,Comida rápida,Pilar,
-34.64568,-58.52023,Maruki,Comida rápida,Humaitá,
-34.60269,-58.42724,Café Martínez,Comida rápida,Avenida Corrientes 4402,
-34.50529,-58.51455,Sushi Town,Comida rápida,Paraná 3097,
-34.50813,-58.52008,Tío Bigotes,Comida rápida,Paraná 3594,
-34.63804,-58.43254,Mondongo coliflore,Comida rápida,Del Barco Centenera,
-34.58961,-58.39638,Planta Baja Café,Comida rápida,José A. Pacheco de Melo 2177,
-34.71388,-58.63000,El Humilde Lomo,Comida rápida,José Bernaldes Polledo,
-34.72456,-58.63650,Rotiseria Ehiel,Comida rápida,Río Cuarto,
-34.56268,-58.55793,Bonafide,Comida rápida,95 - San Lorenzo 3773,
-34.57754,-58.42898,Café Martínez,Comida rápida,Avenida Santa Fe 2494,
-34.58875,-58.38948,Café Quintana 460,Comida rápida,Avenida Presidente Manuel Quintana 460,
-34.59036,-58.39791,Lunette,Comida rápida,Peña 2330,
-34.59651,-58.39308,Insalatti,Comida rápida,Avenida Callao,
-34.59095,-58.39499,Toledo Coffee House,Comida rápida,Junín 1493,
-34.60593,-58.38221,Café Nómada,Comida rápida,Cerrito,
-34.60126,-58.38058,Horus Shawarma,Comida rápida,Tucumán,
-34.58890,-58.39143,Vinnies Empanadas,Comida rápida,Guido,
-34.56126,-58.44427,Mondra,Comida rápida,Avenida Virrey Vértiz,
-34.59261,-58.39472,Lena,Comida rápida,Ayacucho,
-34.59254,-58.39496,Tienda de Cafe,Comida rápida,Peña,
-34.59206,-58.39435,Donat Makers,Comida rápida,Ayacucho,
-34.59130,-58.39324,Muye,Comida rápida,Ayacucho 1563,
-34.59177,-58.39403,Palacio Basavilbaso,Comida rápida,José A. Pacheco De Melo,
-34.59317,-58.54476,Los Primos,Comida rápida,38 - Hipólito Yrigoyen 5412,
-34.60606,-58.42125,PIZZA ALLA PALA,Comida rápida,Teniente General Juan Domingo Perón 3900,
-34.60840,-58.44144,Lolo's,Comida rápida,Hidalgo,
-34.60673,-58.44278,Otero,Comida rápida,Avenida Ángel Gallardo,
-34.58787,-58.49376,Cantina Prieto,Comida rápida,Avenida Salvador María Del Carril,
-34.56753,-58.45652,Otoro,Comida rápida,José Hernández,
-34.56725,-58.45608,Big Pizza,Comida rápida,José Hernández,
-34.60725,-58.50670,Simón,Comida rápida,Mercedes,
-34.60929,-58.48289,Havanna,Comida rápida,Elpidio González,
-34.57475,-58.48317,Juan Valdés Café,Comida rápida,Avenida Olazábal,
-34.57798,-58.48871,Pinchos,Comida rápida,Avenida Olazábal,
-34.55257,-58.45470,El Antojo,Comida rápida,Manuel Ugarte,
-34.58707,-58.40780,Ferdinando,Comida rápida,Juncal,
-34.58686,-58.40778,Brozziano,Comida rápida,Juncal 3059,
-34.60221,-58.37467,Sabores Express,Comida rápida,Lavalle 554,
-34.60607,-58.37517,Sabores Express,Comida rápida,Florida 166,
-34.64007,-58.55512,La Frontera,Comida rápida,Avenida Rivadavia,
-34.58799,-58.39548,La Caprichosa Parrilla,Comida rápida,Azcuénaga 1872,
-34.59729,-58.45955,Cerrajería Vehicular Aguirre,Talleres,Nicasio Oroño,
-34.60276,-58.46598,Ugi's,Comida rápida,Avenida San Martín,
-34.55560,-58.45083,Lucky Louis,Comida rápida,Olazábal,
-34.63598,-58.58449,Nico Latte,Comida rápida,General Juan Gelly Y Obes,
-34.63701,-58.58414,Kiba,Comida rápida,Ingeniero Emilio Mitre,
-34.63739,-58.58367,Claudio,Talleres,Avenida Presidente Perón,
-34.63638,-58.58751,Los Hornos,Comida rápida,Igualdad,
-34.63604,-58.58545,Pollo a las Brasas,Comida rápida,Avenida Presidente Perón,
-34.55375,-58.45050,Flat&white,Comida rápida,Avenida Del Libertador,
-34.58654,-58.40042,TILO,Comida rápida,Agüero 2296,
-34.58701,-58.39591,Voge,Insumos de motos,Vicente López,
-34.58727,-58.39562,Mikhuna,Comida rápida,Vicente López,
-34.55611,-58.45359,Cochino,Comida rápida,Via Viva Barrio Chino,
-34.59062,-58.38276,Nuestro Secreto,Comida rápida,Posadas 1086,
-34.59614,-58.46562,Claudio,Talleres,Avenida Garmendia,
-34.59461,-58.46517,Sistem Car,Talleres,"-34.59461, -58.46517",
-34.62500,-58.47190,El Tummy,Comida rápida,"-34.62500, -58.47190",
-34.60514,-58.38655,Cheap and good Empanadas!,Comida rápida,Uruguay,
-34.57928,-58.45162,Nena,Comida rápida,Teodoro García,
-34.59893,-58.40240,Comida por Peso,Comida rápida,Larrea,
-34.59618,-58.40453,Maga,Comida rápida,General Lucio Norberto Mansilla,
-34.58325,-58.43518,Crizia Restaurante,Comida rápida,Fitz Roy 1819,
-34.60044,-58.44387,Trescha Restaurant,Comida rápida,Murillo,
-34.62759,-58.45941,Havanna,Comida rápida,Avenida Rivadavia,
-34.63605,-58.45195,Taller Fox,Insumos de motos,Avenida Carabobo,
-34.55909,-58.45396,Stumpy,Comida rápida,Mendoza,
-34.59851,-58.40332,Extremas,Comida rápida,Avenida Córdoba,
-34.59991,-58.40314,Salemttino,Comida rápida,San Luis,
-34.59795,-58.40206,Inspire,Comida rápida,Larrea,
-34.62421,-58.52164,A Coruña,Comida rápida,Irigoyen 1801,
-34.58738,-58.40330,Almas,Comida rápida,Austria,
-34.58071,-58.45780,Olla7,Comida rápida,Charlone 999,
-34.56854,-58.46781,Central Pan,Comida rápida,Avenida Melián 2111,
-34.59312,-58.42884,Vivero Mario Caffé,Comida rápida,Avenida Raúl Scalabrini Ortiz 1262,
-34.57370,-58.50249,RP Motos,Insumos de motos,Avenida de los Constituyentes 5763,
-34.57951,-58.49081,Trak,Comida rápida,Avenida Olazábal,
-34.56277,-58.46548,Jules,Comida rápida,Avenida Doctor Ricardo Balbín,
-34.57962,-58.49482,Caños de Escape,Talleres,Avenida De Los Constituyentes,
-34.57458,-58.50186,Autoservice,Talleres,Avenida De Los Constituyentes,
-34.57895,-58.49632,Servi Ruedas Capital,Talleres,Avenida De Los Constituyentes,
-34.57363,-58.50259,Perpignan,Comida rápida,Avenida De Los Constituyentes,
-34.61373,-58.46615,Autoradio FC,Talleres,Boyacá,
-34.55657,-58.45290,Miyaki Wok,Comida rápida,Via Viva Barrio Chino,
-34.63055,-58.46834,McDonald's,Comida rápida,Avenida Rivadavia,
-34.55632,-58.45334,Sura,Comida rápida,Via Viva Barrio Chino,
-34.62043,-58.46129,Le Blé,Comida rápida,Méndez De Andes,
-34.60503,-58.47278,Bodegón Bicho,Comida rápida,Boyacá,
-34.58904,-58.47257,Nonna Vita,Comida rápida,Avenida Chorroarín,
-34.58007,-58.47511,Denny's,Comida rápida,Avenida Triunvirato,
-34.63015,-58.46827,Mostaza,Comida rápida,Avenida Rivadavia,
-34.58958,-58.39647,Planta Baja Café,Comida rápida,José A. Pacheco de Melo 2177,
-34.62516,-58.37119,Central - Pizzas y Empanadas,Comida rápida,Defensa 1487,
-34.59346,-58.42722,Cafe Pekinés,Comida rápida,José Antonio Cabrera 4501,
-34.58818,-58.42921,Empanadazas,Comida rápida,Jorge Luis Borges 1685,
-34.65282,-58.61615,Shami,Comida rápida,Ingeniero Ernesto Boatti,
-34.65281,-58.61641,Reca,Comida rápida,Ingeniero Ernesto Boatti,
-34.58552,-58.44348,Andiamo,Comida rápida,Doctor Emilio Ravignani,
-34.60440,-58.58773,Bar La Palmera,Comida rápida,734 - De Los Aromos,
-34.56031,-58.45866,Sabores Express,Comida rápida,Olazábal 2411,
-34.56391,-58.45766,Fifty 50,Comida rápida,Echeverría,
-34.59265,-58.39887,Uzuki Sushi,Comida rápida,Azcuénaga 1388,
-34.61406,-58.47191,Jota,Talleres,General José Gervasio Artigas,
-34.56888,-58.46075,Orange Cafe,Comida rápida,Zapiola,
-34.59948,-58.47964,Gomería,Talleres,Avenida San Martín,
-34.58778,-58.41635,El Bochín,Comida rápida,Julián Baltasar Álvarez 2355,
-34.59261,-58.39876,Cabú Café,Comida rápida,Azcuénaga 1396,
-34.61752,-58.37295,El bodegon de Kike,Comida rápida,Bolívar,
-34.61743,-58.37314,Peron vivo,Comida rápida,Bolívar,
-34.61586,-58.37308,Mantarraya,Comida rápida,Bolívar,
-34.61420,-58.37313,Los Reales,Comida rápida,Bolívar 548,
-34.61411,-58.37314,COSI,Comida rápida,Bolívar 542,
-34.61365,-58.37314,Krill,Comida rápida,Venezuela,
-34.61180,-58.37341,Pepia,Comida rápida,Bolívar 331,
-34.60999,-58.37362,BigPizza,Comida rápida,"-34.60999, -58.37362",
-34.60889,-58.37700,Barakus,Comida rápida,Avenida de Mayo 752,
-34.60874,-58.37455,Nice food,Comida rápida,"-34.60874, -58.37455",
-34.60835,-58.37913,Rush,Comida rápida,Rivadavia,
-34.50841,-58.52447,Dean & Denny's,Comida rápida,Paraná 3745,
-34.50827,-58.52457,Sbarro,Comida rápida,Paraná 3745,
-34.50860,-58.52437,El Club de la Milanesa,Comida rápida,Paraná 3745,
-34.61967,-58.37281,Casa Telmo,Comida rápida,Carlos Calvo,
-34.60885,-58.37654,PRIDE,Comida rápida,Avenida De Mayo,
-34.59073,-58.40264,Taura,Comida rápida,Juncal 2517,
-34.60202,-58.41861,The Flour Store,Comida rápida,Humahuaca,
-34.59416,-58.42449,Nutra,Comida rápida,Lavalleja 1390,
-34.60019,-58.40253,Comedy,Comida rápida,Larrea 750,
-34.59983,-58.40117,Manos Peruanas,Comida rápida,Azcuénaga,
-34.59280,-58.40833,Kopi,Comida rápida,Agüero 1410,
-34.58426,-58.41383,Babushka,Comida rápida,Beruti 3759,
-34.58501,-58.41270,Amalfi,Comida rápida,Beruti,
-34.58812,-58.40849,Central,Comida rápida,Beruti,
-34.58872,-58.40742,Venefood,Comida rápida,Sánchez De Bustamante,
-34.58868,-58.40738,Al Zein,Comida rápida,Sánchez De Bustamante,
-34.61902,-58.37164,Acai,Comida rápida,Defensa,
-34.61944,-58.37166,Havana,Comida rápida,Carlos Calvo,
-34.61934,-58.37147,Mostaza,Comida rápida,Defensa,
-34.61492,-58.37188,Parilla del Carmen,Comida rápida,México,
-34.61261,-58.37200,Almuerzos,Comida rápida,Defensa,
-34.60937,-58.37223,Por Peso,Comida rápida,Defensa,
-34.54439,-58.45332,Blue Café,Comida rápida,Avenida Campos Salles,
-34.58739,-58.38838,Zaccaria,Comida rápida,Ayacucho,
-34.58991,-58.38588,Presencia,Comida rápida,Avenida Alvear,
-34.41663,-58.59858,Los Hermanos Macana,Comida rápida,Avenida Santa María De Las Conchas,
-34.42149,-58.59276,Shell,Estaciones de servicio,Avenida Santa María de las Conchas 2210,
-34.56625,-58.43687,Habitué,Comida rápida,Soldado de la Independencia 986,
-34.58272,-58.47652,Marycarmen,Comida rápida,Avenida De Los Incas,
-34.59617,-58.47423,Mostaza,Comida rápida,Avenida Warnes,
-34.53000,-58.52350,Bonafide,Comida rápida,Avenida Vélez Sarsfield 4601,
-34.61856,-58.37171,Flora,Comida rápida,Estados Unidos,
-34.61803,-58.37311,Sodapizza,Comida rápida,Bolívar,
-34.61702,-58.37299,Chifa Man-San,Comida rápida,Bolívar,
-34.61213,-58.37482,Frak,Comida rápida,Perú,
-34.55607,-58.45401,Kiwa,Comida rápida,Blanco Encalada,
-34.62190,-58.52831,Requena,Talleres,"-34.62190, -58.52831",
-34.55549,-58.45460,Miyaki,Comida rápida,Via Viva Barrio Chino,
-34.55542,-58.45471,Mucho Kraft Al Paso,Comida rápida,Via Viva Barrio Chino,
-34.55573,-58.45416,Taco Box,Comida rápida,"-34.55573, -58.45416",
-34.55578,-58.45407,Vuelta y Vuelta,Comida rápida,Via Viva Barrio Chino,
-34.55585,-58.45395,Bingsu Go,Comida rápida,Via Viva Barrio Chino,
-34.55182,-58.46627,Big Pizza,Comida rápida,Manuela Pedraza,
-34.55559,-58.45442,Namdemun,Comida rápida,Via Viva Barrio Chino,
-34.55563,-58.45436,Feroz,Comida rápida,Via Viva Barrio Chino,
-34.58995,-58.43988,Darwin Pan y Café,Comida rápida,Darwin 1189,
-34.42894,-58.59221,La Guitarrita,Comida rápida,Avenida Santiago De Liniers,
-34.50127,-58.54676,LG Performance,Talleres,Túpac Amaru,
-34.61302,-58.43850,Molly's,Comida rápida,Avenida Acoyte 500,
-34.55711,-58.46131,Central,Comida rápida,Avenida Cabildo 2700,
-34.55769,-58.55223,Aramé,Comida rápida,100 - Industria,
-34.62084,-58.43689,Chill - Coffee Vibes,Comida rápida,Riglos 194,
-34.62286,-58.43875,Medrado Café,Comida rápida,Formosa 791,
-34.58319,-58.43331,Galo,Comida rápida,Humboldt 1925,
-34.58056,-58.43231,Ivan/Juan,Comida rápida,Fitz Roy 2168,
-34.58005,-58.43920,Stain,Comida rápida,Arévalo,
-34.58103,-58.43840,Maru Botana,Comida rápida,Doctor Emilio Ravignani,
-34.58209,-58.43683,Elsa,Comida rápida,El Salvador,
-34.62167,-58.37204,Patio Ezeiza,Comida rápida,Avenida San Juan,
-34.61301,-58.37459,Horus,Comida rápida,Perú,
-34.54626,-58.45819,Iki,Comida rápida,Avenida Del Libertador 7290,
-34.43311,-58.58427,McDonald's,Comida rápida,Montevideo,
-34.57143,-58.54437,Tío Felipe,Comida rápida,66 - José Clemente Paz,
-34.64128,-58.59127,Pizzeria L.U.R.,Comida rápida,Congreso 1111,
-34.59076,-58.44651,Verde Pistacho,Comida rápida,Bonpland,
-34.59082,-58.44658,Saru-Bar,Comida rápida,Bonpland,
-34.59145,-58.44724,Nodog,Comida rápida,Avenida Dorrego,
-34.59121,-58.44696,Tomasso,Comida rápida,Avenida Dorrego,
-34.58067,-58.41363,Guimpi,Comida rápida,República Árabe Siria,
-34.66604,-58.36227,Leche y miel waffles,Comida rápida,San Martín 1184,
-34.60156,-58.38809,Ommabab,Comida rápida,Paraná 610,
-34.40567,-58.62050,La Guitarrita,Comida rápida,Avenida Santa María De Las Conchas,
-34.40566,-58.62036,Import Coffee Co.,Comida rápida,Avenida Santa María De Las Conchas,
-34.57575,-58.48863,El Armenio,Comida rápida,Monroe,
-34.57530,-58.48929,Anippe,Comida rápida,Pasaje Emilio Civit,
-34.60273,-58.37531,Casa Republica,Comida rápida,Florida 460,
-34.58672,-58.42406,Valentino Caffe,Comida rápida,Guatemala 4649,
-34.56573,-58.45598,Pizzeria El Angel,Comida rápida,La Pampa 2587,
-34.56578,-58.48547,Parrilla lo de Juan,Comida rápida,Miller 3101,
-34.56856,-58.45329,Munelle,Comida rápida,Virrey Olaguer Y Feliú,
-34.57134,-58.44815,Cofi Petit,Comida rápida,Palpa,
-34.57195,-58.44739,Ravalia,Comida rápida,Amenábar,
-34.56317,-58.44993,Quotidiano,Comida rápida,O'higgins,
-34.55841,-58.44842,The Food Truck Store,Comida rápida,Echeverría 1627,
-34.56111,-58.44881,Canillita,Comida rápida,11 De Septiembre De 1888,
-34.58407,-58.42862,Aura Café,Comida rápida,Fray Justo Santa María de Oro 1999,
-34.42332,-58.59027,Maranello Pizza,Comida rápida,Avenida De La Ribera,
-34.59829,-58.38404,Bar Popy,Comida rápida,Libertad,
-34.70241,-58.39525,Storybrooke,Comida rápida,Gobernador Carlos Tejedor 225,
-34.70415,-58.39326,Tostado,Comida rápida,Enrique Del Valle Iberlucea 2833,
-34.61472,-58.36992,Empanadas Norteñas - Nuestras Raíces,Comida rápida,México 237,
-34.70933,-58.38541,Oncativo,Comida rápida,Oncativo 1868,
-34.70962,-58.38567,Lo+Hot,Comida rápida,Ituzaingó,
-34.70867,-58.38629,Vieja Casa,Comida rápida,Domingo Basavilbaso 1854,
-34.70583,-58.39509,Pasta Rosa,Comida rápida,Gobernador Irigoyen 226,
-34.59838,-58.38398,Bar Popy,Comida rápida,Libertad 873,
-34.58369,-58.43351,Breakfast by Clasico,Comida rápida,Costa Rica 5468,
-34.61917,-58.40213,Aroma Amor Café,Comida rápida,Saavedra,
-34.58347,-58.43928,LA BOHEME,Comida rápida,Gorriti,
-34.40550,-58.58949,Farodelta,Comida rápida,Rio Lujan 10540,
-34.58689,-58.45003,Cuervo Café Chacarita,Comida rápida,Av. Jorge Newbery 3898,
-34.58587,-58.45291,Shawarma Dalal Chacarita,Comida rápida,Olleros 4000,
-34.55513,-58.45429,Pachu,Comida rápida,11 De Septiembre De 1888,
-34.57727,-58.43154,Los Picolinos,Talleres,Charcas,
-34.57876,-58.43420,Lelé,Comida rápida,Ángel Justiniano Carranza,
-34.59619,-58.38720,LAS BRASAS DE MORO,Comida rápida,Uruguay 1078,
-34.57983,-58.48004,Caféses,Comida rápida,La Pampa 5101,
-34.60214,-58.37540,Mila & Go,Comida rápida,Lavalle,
-34.60202,-58.37538,Kryss Foods,Comida rápida,Florida,
-34.60211,-58.37537,Mr. Tasty,Comida rápida,Florida,
-34.59851,-58.51851,Sanabria,Comida rápida,Sanabria 4502,
-34.58395,-58.42501,Holic,Comida rápida,Paraguay 4597,
-34.63992,-58.42219,RSBIKES MOTOS,Insumos de motos,Avenida Caseros 4091,
-34.59079,-58.39494,Havanna,Comida rápida,Junín,
-34.56391,-58.43893,Mon Poulet,Comida rápida,Avenida Federico Lacroze 1726,
-34.53146,-58.51392,Magicamente Imperfecta,Comida rápida,Avenida Bartolomé Mitre 2020,
-34.52602,-58.51931,Il Fungo Pizza Bar,Comida rápida,Avenida Bartolomé Mitre 2688,
-34.49828,-58.48918,Imperial,Comida rápida,Doctor Guillermo Rawson 3678,
-34.49715,-58.48965,Astor,Comida rápida,Doctor Guillermo Rawson 3799,
-34.56850,-58.46023,Bajamar,Comida rápida,Doctor Marcelo Fitte 1785,
-34.74715,-58.39372,La fama,Comida rápida,Avenida Alsina 902,
-34.49247,-58.51086,Homers,Comida rápida,Beruti,
-34.49250,-58.51084,BABYCOFFE,Comida rápida,Monseñor Larumbe,
-34.55385,-58.45183,Casa Baró,Comida rápida,Montañeses 2477,
-34.58547,-58.40376,Mi Martute,Comida rápida,José Andrés Pacheco De Melo,
-34.58586,-58.40307,Lo de Rita,Comida rápida,José Andrés Pacheco De Melo,
-34.58540,-58.40390,Eventos,Comida rápida,José Andrés Pacheco De Melo,
-34.58182,-58.43318,zarautz,Comida rápida,Nicaragua,
-34.58770,-58.42884,Maja Jamoneria Suc Borges,Comida rápida,Jorge Luis Borges 1732,
-34.56140,-58.49194,Big Pizza,Comida rápida,Galván,
-34.61219,-58.37048,el bodegón,Comida rápida,Balcarce,
-34.61908,-58.48941,Buffet GEVS,Comida rápida,Alejandro Magariños Cervantes,
-34.60371,-58.37959,Via Giovanni,Comida rápida,Suipacha,
-34.61499,-58.39148,Tomasso,Comida rápida,Avenida Entre Ríos 504,
-34.59585,-58.43695,Cobre Café,Comida rápida,Acevedo 727,
-34.55939,-58.45922,Brozziano,Comida rápida,Blanco Encalada,
-34.56094,-58.45788,KFC,Comida rápida,Avenida Cabildo 2224,
-34.63808,-58.58105,NEW POINT MAXI,Talleres,Avenida Presidente Perón,
-34.55521,-58.45424,Chakal,Comida rápida,11 De Septiembre De 1888,
-34.59422,-58.41975,Kentucky,Comida rápida,Medrano 1293,
-34.59987,-58.39421,Boba's,Comida rápida,Riobamba,
-34.60255,-58.39233,Big Pizza,Comida rápida,Avenida Callao,
-34.58653,-58.45178,Pura Cafe,Comida rápida,Maure 4008,
-34.63446,-58.61346,Nexen Tyre,Gomerías,Avenida Presidente Perón,
-34.63622,-58.60244,Parribon,Comida rápida,Primera Junta,
-34.63844,-58.57588,Julito,Talleres,Bariloche,
-34.55788,-58.44953,Inoichi Ramen,Comida rápida,Juramento,
-34.63840,-58.57836,Ruedas Bojanich,Gomerías,Avenida Presidente Perón,
-34.59432,-58.41946,Rincón Parrillero,Comida rápida,Avenida Medrano 1293,
-34.55535,-58.45942,Astrid,Comida rápida,Manuel Ugarte,
-34.60164,-58.43357,Monti - Bar de Pastas & Café,Comida rápida,Avenida Corrientes 4802,
-34.58793,-58.42558,Barrito Empanadas,Comida rápida,Nicaragua 4618,
-34.55689,-58.46019,La Esmeralda,Comida rápida,Franklin Delano Roosevelt,
-34.55673,-58.45994,Nucha,Comida rápida,Franklin Delano Roosevelt,
-34.59959,-58.39673,Puro Café,Comida rápida,Avenida Córdoba,
-34.58953,-58.42510,Gontran Cherrier,Comida rápida,Malabia,
-34.60320,-58.36677,Cauce,Comida rápida,Juana Manuela Gorriti,
-34.52791,-58.53615,Fredy,Comida rápida,Independencia 3002,
-34.52862,-58.53634,El Nuevo Cóndor,Comida rápida,Independencia 2906,
-34.52713,-58.53625,Oizza Yin,Comida rápida,Drysdale 5795,
-34.60065,-58.39102,El Toque de la Abuela,Comida rápida,Viamonte,
-34.59977,-58.39079,Coffee & bar Stockholm Vermoutt,Comida rápida,Avenida Córdoba,
-34.59976,-58.39062,El dorado,Comida rápida,Avenida Córdoba,
-34.59977,-58.39075,Hinchada Latina,Comida rápida,Avenida Córdoba,
-34.58564,-58.42537,Ciro,Comida rápida,Guatemala,
-34.63963,-58.53012,Sabores Express,Comida rápida,137 - Avenida Rivadavia,
-34.55246,-58.50635,Varone Automatic,Talleres,Juan Zufriategui,
-34.62295,-58.44601,McDonald's,Comida rápida,Avenida Rivadavia 5710,
-34.56331,-58.40346,Club de Pescadores,Comida rápida,Avenida Rafael Obligado,
-34.70261,-58.53652,Norauto,Talleres,Avenida Diego Armando Maradona,
-34.57880,-58.42137,El Fogón de La Rural,Comida rápida,Juncal,
-34.40559,-58.57134,Kanoo,Comida rápida,Astillero Parodi,
-34.62591,-58.36722,Espasa,Talleres,Avenida Paseo Colón 1566,
-34.57641,-58.39094,Shell,Estaciones de servicio,Autopista Arturo Illia,
-34.66042,-58.37505,Puma,Estaciones de servicio,Avenida Hipólito Yrigoyen,
-34.79622,-58.38850,McCafé,Comida rápida,Avenida Espora,
-34.81387,-58.39756,Axion,Estaciones de servicio,Avenida Hipólito Yrigoyen,
-34.50261,-58.49556,Shell,Estaciones de servicio,Avenida Maipú 3604,
-34.51207,-58.48966,Blossom,Comida rápida,Avenida Maipú 2501,
-34.59789,-58.57914,Shell,Estaciones de servicio,565 - Sargento Juan Bautista Cabral,
-34.61024,-58.56264,YPF,Estaciones de servicio,618 - Bartolomé Mitre 4708,
-34.53861,-58.45600,La Casita Bar de Tenis,Comida rápida,Avenida Intendente Cantilo 3200,
-34.41420,-58.58413,A Dos Manos,Comida rápida,Paseo Victorica,
-34.41824,-58.57955,YPF,Estaciones de servicio,General Lavalle 200,
-34.73292,-58.39309,Comedor Universitario Padre Carlos Mujica,Comida rápida,Plaza Quijotanía,
-34.59748,-58.42082,McDonald's,Comida rápida,Avenida Córdoba 3821,
-34.56678,-58.45026,ACA,Estaciones de servicio,Avenida Cabildo 1499,
-34.55848,-58.43450,Club del Golf,Comida rápida,Avenida Ernesto Tornquist,
-34.57864,-58.47015,Shell,Estaciones de servicio,Avenida De Los Incas,
-34.62802,-58.36871,McDonald's,Comida rápida,Avenida Martín García,
-34.64780,-58.42892,Axion,Estaciones de servicio,Juana De Arco,
-34.65336,-58.63033,Aca Morón,Estaciones de servicio,Bartolomé Mitre 1606,
-34.74714,-58.41942,YPF,Estaciones de servicio,Avenida Juan Gregorio De Las Heras 1702,
-34.83985,-58.18879,McDonald's,Comida rápida,Avenida 413,
-34.78039,-58.26226,Pizzamania,Comida rápida,Avenida Calchaquí,
-34.66863,-58.56579,Comedor Universitario,Comida rápida,Avenida Presidente Juan Domingo Perón,
-34.78550,-58.25334,Shell,Estaciones de servicio,Camino General Belgrano,
-34.78929,-58.24628,Restaurant El Amanecer,Comida rápida,Camino General Belgrano,
-34.79751,-58.23236,YPF,Estaciones de servicio,Avenida Eva Perón,
-34.55540,-58.44489,Bremen Motors,Talleres,Juramento 1260,
-34.44465,-58.53906,Dutch Café,Comida rápida,General Arias,
-34.45057,-58.52397,Bike & Coffee,Comida rápida,Juan Bautista de Lasalle 3698,
-34.55141,-58.43761,YPF,Estaciones de servicio,Avenida Presidente Figueroa Alcorta,
-34.61513,-58.38010,Mexigas,Estaciones de servicio,Bernardo de Irigoyen,
-34.66515,-58.46978,YPF,Estaciones de servicio,Avenida Escalada 2959,
-34.52302,-58.51023,YPF,Estaciones de servicio,Gobernador Manuel Ugarte 3435,
-34.67779,-58.54837,La Farola,Comida rápida,Avenida Brigadier General Juan Manuel de Rosas 2865,
-34.73319,-58.29579,Norauto,Talleres,Avenida Calchaquí,
-34.75769,-58.27556,Patio de Comidas,Comida rápida,General Acha,
-34.73315,-58.29442,Patio de comidas,Comida rápida,Acceso Al Parque Comercial,
-34.44625,-58.52918,Canteen,Comida rápida,Vito Dumas,
-34.48690,-58.59118,YPF,Estaciones de servicio,Colectora Panamericana,
-34.81418,-58.27789,YPF,Estaciones de servicio,Acceso A Estación De Servicio,
-34.78746,-58.25648,YPF Boxes,Talleres,José Arenales,
-34.78725,-58.25646,YPF,Estaciones de servicio,Bombero Voluntario Vicente Senzabello,
-34.51587,-58.47574,Burger King,Comida rápida,Avenida del Libertador,
-34.62584,-58.45368,Orgullo,Comida rápida,Avenida Rivadavia,
-34.78931,-58.25469,Humberto Resto,Comida rápida,Arrecifes 2301,
-34.77381,-58.26808,YPF Boxes,Talleres,Avenida Del Trabajo,
-34.76032,-58.27794,YPF,Estaciones de servicio,Avenida Calchaquí,
-34.57420,-58.42114,ACA,Estaciones de servicio,Godoy Cruz 3111,
-34.56024,-58.50539,Helix Lubricación,Talleres,Juan Bautista La Salle,
-34.55913,-58.50421,Helix Lubricación,Talleres,Avenida General Paz,
-34.55916,-58.50489,Shell,Estaciones de servicio,César Milstein,
-34.56021,-58.50472,Shell,Estaciones de servicio,Avenida General Paz,
-34.74325,-58.39932,McDonald's,Comida rápida,Avenida Hipólito Yrigoyen 7545,
-34.74273,-58.39866,Shell,Estaciones de servicio,Avenida Hipólito Yrigoyen 7500,
-34.74956,-58.40006,Pieni,Comida rápida,Avenida Hipólito Yrigoyen 8100,
-34.59752,-58.42188,Mostaza,Comida rápida,Avenida Córdoba 3901,
-34.50906,-58.47959,ACA,Estaciones de servicio,Avenida del Libertador 2362,
-34.50868,-58.47963,Axion,Estaciones de servicio,Avenida del Libertador 2376,
-34.50848,-58.47892,Shell,Estaciones de servicio,Avenida del Libertador 2365,
-34.51011,-58.47831,Lo de Nico,Insumos de motos,Avenida del Libertador 2275,
-34.50453,-58.47802,Nelly,Comida rápida,Juan Bautista Alberdi,
-34.50995,-58.47828,Tostado,Comida rápida,Avenida del Libertador 2289,
-34.51003,-58.47829,Trepat Motorrad,Insumos de motos,Avenida del Libertador 2289,
-34.51018,-58.47825,BMW Trepat Motorrad,Insumos de motos,Avenida del Libertador 2271,
-34.58037,-58.42751,Starbucks,Comida rápida,Paraguay 4979,
-34.62554,-58.45460,Burger King,Comida rápida,Avenida Rivadavia,
-34.50186,-58.64528,ACA,Estaciones de servicio,Avenida Del Trabajo,
-34.50085,-58.64340,Shell,Estaciones de servicio,Avenida Ángel Torcuato de Alvear 377,
-34.66567,-58.36604,YPF,Estaciones de servicio,Avenida Belgrano,
-34.66572,-58.36617,YPF Full,Comida rápida,9 De Julio,
-34.67654,-58.33425,Norauto,Talleres,Nicaragua,
-34.74483,-58.28884,Estancia Calchaquí,Comida rápida,Avenida Calchaquí,
-34.74279,-58.29020,Shell,Estaciones de servicio,Avenida Calchaquí,
-34.81817,-58.46421,McDonald's,Comida rápida,Boulevard Buenos Aires,
-34.44787,-58.51558,Puma CNSI,Estaciones de servicio,Dársena Gauto Y Pavón,
-34.54744,-58.45722,McDonald's,Comida rápida,Avenida Del Libertador,
-34.48464,-58.61450,YPF,Estaciones de servicio,Colectora Panamericana,
-34.58488,-58.43558,Tassy burger,Comida rápida,Humboldt 1700,
-34.58491,-58.43743,El Viejo Palermo,Comida rápida,Fitz Roy,
-34.77358,-58.26808,YPF,Estaciones de servicio,Avenida Calchaquí 5877,
-34.51357,-58.52381,YPF,Estaciones de servicio,Esteban Echeverría 3921,
-34.59814,-58.41931,Shell,Estaciones de servicio,Jerónimo Salguero 1002,
-34.74579,-58.39330,Banfield Hot,Comida rápida,Chacabuco,
-34.74449,-58.39174,La Veneciana,Comida rápida,Cochabamba 312,
-34.74475,-58.39180,La Princesa,Comida rápida,Belgrano,
-34.64589,-58.59398,McDonald's,Comida rápida,Avenida Rivadavia 16335,
-34.75144,-58.40029,McDonald's,Comida rápida,Avenida Hipólito Yrigoyen 8266,
-34.72819,-58.24874,HVN Burger,Comida rápida,Avenida Mitre 1068,
-34.73086,-58.24681,Quitral,Estaciones de servicio,Avenida Mitre,
-34.47391,-58.51371,McDonald's,Comida rápida,Avenida Centenario 72,
-34.74104,-58.39110,Mangia,Comida rápida,Rincón 302,
-34.74357,-58.38899,Bandada,Comida rápida,Maipú,
-34.53213,-58.46854,Axion,Estaciones de servicio,Avenida del Libertador 285,
-34.63929,-58.55677,YPF,Estaciones de servicio,Doctor Gabriel Ardoino 634,
-34.83204,-58.42341,Comedor,Comida rápida,Juan Álvarez De Arenales,
-34.83212,-58.42337,Cocina,Comida rápida,Juan Álvarez De Arenales,
-34.50761,-58.53582,YPF,Estaciones de servicio,Avenida Fondo de la Legua 2199,
-34.68463,-58.55792,San Justo Motos,Insumos de motos,Avenida Brigadier General Juan Manuel De Rosas,
-34.64633,-58.50306,Quick,Comida rápida,Avenida Emilio Castro 5680,
-34.48438,-58.48830,P.F. Chang's,Comida rápida,Avenida del Libertador 13701,
-34.70248,-58.49934,YPF,Estaciones de servicio,Boulogne Sur Mer 1900,
-34.59184,-58.42697,Shell,Estaciones de servicio,Gorriti,
-34.49735,-58.49735,Shell,Estaciones de servicio,Paraná 2858,
-34.76069,-58.39583,Yamato Diesel,Talleres,Avenida Alsina 2056,
-34.58774,-58.42840,Cabernet,Comida rápida,Jorge Luis Borges 1751,
-34.55527,-58.44116,Audi Service Autovisiones,Talleres,Mariscal Antonio José de Sucre 1033,
-34.47934,-58.48251,Malloy's,Comida rápida,Sebastián Elcano 1718,
-34.84724,-58.51842,Motos La Corta,Insumos de motos,Tucuman,
-34.58918,-58.38166,Shell,Estaciones de servicio,Avenida Del Libertador,
-34.68524,-58.30503,YPF,Estaciones de servicio,Padre Luis Sánchez,
-34.68469,-58.30370,YPF,Estaciones de servicio,Autopista Doctor Ricardo Balbín,
-34.62500,-58.36736,Osvaldo Escap,Talleres,Avenida Brasil,
-34.56368,-58.43715,YPF,Estaciones de servicio,Avenida Olleros,
-34.62066,-58.38165,Primo Gas,Estaciones de servicio,Lima,
-34.55692,-58.44701,Tango Pampa,Talleres,Avenida Del Libertador 5947,
-34.55819,-58.44599,La Parolaccia Dolce & Cafe,Comida rápida,Avenida Del Libertador 5823,
-34.55881,-58.44539,Bridgestone,Gomerías,Avenida Del Libertador 5755,
-34.57851,-58.40628,Axion,Estaciones de servicio,Avenida Del Libertador 2589,
-34.58990,-58.38221,Piegari Carnes,Comida rápida,Posadas 1089,
-34.59039,-58.38197,SushiClub,Comida rápida,Avenida 9 de Julio 1465,
-34.78120,-58.45795,Puma,Estaciones de servicio,Coronel Álvaro Barros,
-34.63117,-58.38433,Mecanica Integral,Talleres,15 De Noviembre De 1889,
-34.63066,-58.39092,Pizza Al Corte,Comida rápida,Avenida Entre Ríos 1901,
-34.62709,-58.39078,Guerrini,Gomerías,Filiberto 1800,
-34.62696,-58.38978,El Lider,Talleres,Filiberto,
-34.62652,-58.38460,Metales Pier,Talleres,Santiago Del Estero,
-34.62795,-58.38240,Restaurantes Sol,Comida rápida,Brasil,
-34.61784,-58.36979,McDonald's,Comida rápida,Avenida Paseo Colón,
-34.62786,-58.39765,Lubricentro,Talleres,Avenida Juan De Garay,
-34.62955,-58.40613,Fiat,Talleres,Avenida Chiclana,
-34.63156,-58.40782,Electricidad del Automovil,Talleres,Avenida Chiclana,
-34.63139,-58.40772,Sansonsilen,Talleres,Avenida Chiclana,
-34.63303,-58.40984,Mann Filter,Talleres,Avenida Chiclana,
-34.63364,-58.41072,Taller Chiclana,Talleres,Avenida Chiclana,
-34.63060,-58.39639,Lo de Titin,Comida rápida,Avenida Brasil,
-34.63689,-58.40546,La Quintana,Comida rápida,Avenida Caseros,
-34.63695,-58.40589,El Globito,Comida rápida,Avenida Caseros,
-34.63851,-58.41283,El Rey,Comida rápida,Avenida Caseros,
-34.63762,-58.41691,Pizzeria las Mamma,Comida rápida,Avenida Chiclana,
-34.56101,-58.46489,Pizza Lomo,Comida rápida,Monroe 2917,
-34.63399,-58.37531,ACA,Estaciones de servicio,Avenida Manuel A. Montes de Oca 492,
-34.56122,-58.46928,Belgrano Neumáticos,Gomerías,Avenida Doctor Ricardo Balbín,
-34.54801,-58.49999,Buenos Aires Auto,Talleres,Avenida Bartolomé Mitre 101,
-34.63905,-58.36915,Cambalache,Comida rápida,Olavarría,
-34.56097,-58.47005,Gran Parrilla Cramer,Comida rápida,Avenida Doctor Ricardo Balbín 2782,
-34.63861,-58.37250,Pizzas and Empanadas,Comida rápida,Avenida Suárez,
-34.51684,-58.51838,Rosmi,Gomerías,Esteban Echeverría 3398,
-34.48106,-58.63454,BTS - Neumáticos Río Paraná,Gomerías,Avenida General Manuel Belgrano,
-34.64773,-58.37330,Pirelli,Talleres,Avenida Manuel A. Montes de Oca,
-34.63721,-58.37512,Los Maestros,Comida rápida,Avenida Manuel A. Montes de Oca,
-34.64143,-58.37378,Paparracas,Comida rápida,Avenida Manuel A. Montes de Oca,
-34.63972,-58.37414,San Miguel,Comida rápida,Avenida Manuel A. Montes de Oca,
-34.63000,-58.36344,Shell,Estaciones de servicio,Metrobus Del Bajo,
-34.48390,-58.61993,Gomería Maipú,Gomerías,Colectora Panamericana,
-34.50278,-58.53987,Shell,Estaciones de servicio,Avenida Fondo de la Legua 1381,
-34.50988,-58.52495,Mostaza,Comida rápida,Paraná 3999,
-34.55758,-58.47692,Neumen,Gomerías,Avenida Doctor Ricardo Balbín 3299,
-34.55768,-58.47676,El Arte del Neumático,Gomerías,Roque Pérez,
-34.55965,-58.47194,Taller Claudio,Talleres,Avenida Doctor Ricardo Balbín,
-34.56067,-58.46962,Dengom S.A.,Gomerías,Avenida Doctor Ricardo Balbín,
-34.63341,-58.36393,Parilla El Colo,Comida rápida,Wenceslao Villafañe,
-34.63098,-58.35768,Gomeria Salvatore,Gomerías,Ministro Brin,
-34.63535,-58.35847,Banchero,Comida rápida,Avenida Almirante Brown,
-34.63829,-58.36084,Viva La Boca,Comida rápida,General Gregorio Aráoz de Lamadrid,
-34.63745,-58.36132,Avanti,Comida rápida,Palos,
-34.63480,-58.36296,Rotisería,Comida rápida,Palos,
-34.54729,-58.49971,Tokio Spirit,Talleres,Avenida Bartolomé Mitre,
-34.54529,-58.50072,Ruedas Argentinas,Gomerías,Adolfo Alsina,
-34.54281,-58.50445,Black & Orange,Comida rápida,Avenida Bartolomé Mitre,
-34.54680,-58.50028,Automotores Northwest,Talleres,Avenida Bartolomé Mitre 224,
-34.54492,-58.50209,Gomeria,Gomerías,Avenida Bartolomé Mitre1,
-34.54285,-58.50500,Bar Vane,Comida rápida,Avenida Bartolomé Mitre,
-34.54046,-58.51022,Taller Rizzuto,Talleres,General Julio Argentino Roca,
-34.47167,-58.49410,El Ñandú,Comida rápida,Sebastián Elcano 648,
-34.47284,-58.49088,Aclara en el Río,Comida rápida,Sebastián Elcano,
-34.47349,-58.48984,El  Ombú,Comida rápida,Sebastián Elcano 994,
-34.66100,-58.44429,Gomeria,Talleres,Portela,
-34.53703,-58.50776,Truno Lubricentro,Talleres,Avenida Bartolomé Mitre 1377,
-34.53621,-58.50813,La Fonda de Florida,Comida rápida,Avenida Bartolomé Mitre,
-34.53536,-58.50859,Bartolo,Comida rápida,Avenida Bartolomé Mitre,
-34.53460,-58.50902,Di Franco Tire Center,Gomerías,Avenida Bartolomé Mitre 1849,
-34.53418,-58.50910,Chevrolet,Talleres,Avenida Bartolomé Mitre,
-34.65038,-58.46119,Pollo a la Brasa,Comida rápida,Avenida Perito Moreno,
-34.64993,-58.46135,YPF,Estaciones de servicio,Avenida Perito Moreno,
-34.65113,-58.46794,Puma,Estaciones de servicio,Avenida Lacarra,
-34.66283,-58.43283,SO Lubricentro,Talleres,Avenida Intendente Francisco Rabanal,
-34.63383,-58.40573,Servicentro Brasil,Estaciones de servicio,Avenida Brasil 3000,
-34.63997,-58.41957,OYRSA GNC Inyeccion,Talleres,Avenida Chiclana,
-34.64509,-58.42514,Lo de PePe,Comida rápida,Las Palmas 2412,
-34.64054,-58.41248,Axion,Estaciones de servicio,Diógenes Taborda,
-34.47609,-58.49976,Romario Libertador,Comida rápida,Avenida del Libertador 15040,
-34.47989,-58.50334,Lo de Carlitos,Comida rápida,Eduardo Costa 902,
-34.48153,-58.50634,Rosmi,Gomerías,Avenida Santa Fe 935,
-34.48052,-58.50628,Palo Verde,Comida rápida,Avenida Santa Fe,
-34.48023,-58.50625,La Cibeles,Comida rápida,Avenida Santa Fe 818,
-34.50174,-58.54058,Carlitos,Comida rápida,Avenida Fondo de la Legua,
-34.50297,-58.52914,Puma,Estaciones de servicio,Hipólito Yrigoyen 2660,
-34.50011,-58.52288,New Concept,Talleres,Hipólito Yrigoyen,
-34.49905,-58.54238,Corral Neumáticos,Gomerías,Dardo Rocha 3492,
-34.48674,-58.51842,Leny San,Comida rápida,Dardo Rocha 1028,
-34.48923,-58.52316,Alfredo - Cucina Italiana,Comida rápida,Dardo Rocha,
-34.49021,-58.52499,Harley-Davidson,Insumos de motos,Dardo Rocha 1654,
-34.49115,-58.52678,Kosiuko - Herencia,Talleres,Dardo Rocha,
-34.49108,-58.52653,Amelí,Comida rápida,Dardo Rocha 1810,
-34.49147,-58.52743,Rosa Negra,Comida rápida,Dardo Rocha 1918,
-34.49169,-58.52805,El Picaflor,Comida rápida,Dardo Rocha 1988,
-34.49269,-58.52994,Romario Martinez,Comida rápida,Dardo Rocha,
-34.49287,-58.53015,Hermanos,Comida rápida,Dardo Rocha,
-34.49472,-58.53388,Ike Milano - Cucina Italiana,Comida rápida,Dardo Rocha,
-34.62930,-58.42645,Pit Stop,Talleres,Tejedor,
-34.63166,-58.41673,BaratoGa$,Estaciones de servicio,Avenida Juan De Garay 3702,
-34.63228,-58.42300,Garay,Comida rápida,Avenida Juan de Garay,
-34.63256,-58.42528,Neumen,Talleres,Avenida Juan de Garay,
-34.54621,-58.53306,Neumaticos Pallone,Gomerías,Güemes,
-34.53379,-58.51006,Space Motors,Talleres,Libertad 3501,
-34.53365,-58.51004,Don Cafone,Comida rápida,Avenida Bartolomé Mitre,
-34.62586,-58.42011,Tobago,Comida rápida,Avenida San Juan,
-34.63085,-58.42011,Romano's Pizza,Comida rápida,Avenida Pavón,
-34.63086,-58.42550,Hyundai Service,Talleres,Avenida La Plata,
-34.62655,-58.42266,Pizzeria San Jose,Comida rápida,Avenida San Juan,
-34.62628,-58.42053,GPR MOTOS,Talleres,Avenida San Juan,
-34.63137,-58.42839,Los Gigantes de la Pizza,Comida rápida,Doblas,
-34.81990,-58.19290,El Mirador,Comida rápida,Camino General Belgrano,
-34.81954,-58.19331,La Familia,Comida rápida,Camino General Belgrano,
-34.81879,-58.19449,D'Abundo,Talleres,Camino General Belgrano,
-34.64089,-58.45678,Gran Corsini,Comida rápida,Avenida Eva Perón,
-34.64136,-58.45686,La Continental - Flores,Comida rápida,Avenida Varela 1071,
-34.64094,-58.45627,Pizzeria El Guachito,Comida rápida,Avenida Eva Perón,
-34.64019,-58.45490,Fiestissima,Comida rápida,Avenida Eva Perón,
-34.56734,-58.53448,Parrilla La Victoria,Comida rápida,67 - Conscripto Bernardi,
-34.81899,-58.19503,Repuestos Faccenda,Talleres,Camino General Belgrano,
-34.81658,-58.19348,Stock Car,Talleres,Calle 53,
-34.56537,-58.53180,Lubri-Gar San Martín,Talleres,Diagonal Sáenz Peña,
-34.49177,-58.51133,Café Bar Don Martín,Comida rápida,Diagonal Salta 801,
-34.49104,-58.51004,Pizzería Las Tercetas,Comida rápida,Diagonal Tucumán 699,
-34.49205,-58.52300,Harley-Davidson,Insumos de motos,Avenida Sir Alexander Fleming 1124,
-34.49468,-58.52135,Grandes Talleres Politi,Talleres,Avenida Sir Alexander Fleming 1534,
-34.49452,-58.52122,Taller Master,Talleres,Avenida Sir Alexander Fleming,
-34.49330,-58.52229,La Candelaria,Comida rápida,Cuyo,
-34.49071,-58.52377,Lubricentro Fleming,Talleres,Avenida Sir Alexander Fleming,
-34.49704,-58.52060,Gomería Del Norte,Gomerías,Avenida Sir Alexander Fleming 1773,
-34.49322,-58.52292,Lubricentro Joral,Talleres,Avenida Sir Alexander Fleming,
-34.56919,-58.54003,Morita,Comida rápida,79 - Ayacucho 2601,
-34.49101,-58.52419,Neumáticos Fleming,Gomerías,Avenida Sir Alexander Fleming 951,
-34.49076,-58.52434,Talleres Fleming,Talleres,Avenida Sir Alexander Fleming,
-34.48997,-58.52071,GPS Taller - Taller Martinez,Talleres,Diagonal Salta,
-34.56675,-58.54297,Joe Comidas,Comida rápida,70 - La Crujía 3300,
-34.64475,-58.42626,Pizza Fuerte,Comida rápida,Avenida Riestra,
-34.64520,-58.42765,Pizzeria Empanadas,Comida rápida,Avenida Riestra,
-34.57096,-58.53793,La Martineta,Comida rápida,79 - Ayacucho,
-34.63824,-58.42424,Cycles Moto,Insumos de motos,Avenida La Plata,
-34.57777,-58.52943,Acubat,Talleres,79 - 25 de Mayo 1603,
-34.57686,-58.53046,Inyeccion Monteverde,Talleres,79 - 25 de Mayo,
-34.63471,-58.42516,Don Hugo,Comida rápida,Avenida La Plata,
-34.63510,-58.43708,Paposo,Comida rápida,Avenida Asamblea,
-34.63701,-58.42409,Codigos Resto Bar,Comida rápida,Avenida La Plata,
-34.63245,-58.42712,Esquina Vernet,Comida rápida,Senillosa,
-34.63462,-58.43665,Havanna,Comida rápida,Avenida Asamblea,
-34.64207,-58.43488,Don Benigno,Comida rápida,Cachimayo,
-34.64159,-58.43273,Pizzeria Scorpio,Comida rápida,Avenida Cobo,
-34.57847,-58.53559,Mi Gusto,Comida rápida,89 - Intendente Alberto Manuel Campos 1876,
-34.64270,-58.44466,Restaurante Chicheñu,Comida rápida,Avenida Carabobo,
-34.64193,-58.43250,Kainos,Comida rápida,Del Barco Centenera,
-34.64147,-58.43003,Encendido Centauro,Talleres,Avenida Cobo,
-34.57572,-58.53896,La Nueva Biblioteca,Comida rápida,56 - Domingo Matheu,
-34.63944,-58.41213,Don Alfredo,Comida rápida,Avenida Almafuerte,
-34.62996,-58.41126,Automotores Garay,Talleres,Avenida Juan de Garay,
-34.63045,-58.41370,GNC Arje,Talleres,Avenida Juan de Garay 3437,
-34.49805,-58.51840,Pizzería El Trebol,Comida rápida,Hipólito Yrigoyen,
-34.49293,-58.50719,Holzhacker,Comida rápida,Hipólito Yrigoyen 874,
-34.49274,-58.50678,Fas-Car,Talleres,Hipólito Yrigoyen,
-34.48362,-58.50380,Neumáticos Leone,Gomerías,Avenida Santa Fe 1228,
-34.50132,-58.48272,Felini,Talleres,Avenida del Libertador,
-34.47779,-58.49680,MV Agusta,Insumos de motos,General Justo José de Urquiza,
-34.62794,-58.46484,Dean & Dennys,Comida rápida,Yerbal 2501,
-34.62784,-58.46454,Misky Wasi,Comida rápida,Yerbal 2499,
-34.62394,-58.46476,Shell,Estaciones de servicio,Fray Cayetano Rodríguez,
-34.64065,-58.41635,Pompeya,Talleres,Teniente Coronel Gregorio Pomar,
-34.58280,-58.46026,YPF,Estaciones de servicio,Avenida Elcano 4000,
-34.57492,-58.54090,GSM Group,Gomerías,91 - San Lorenzo,
-34.64261,-58.40442,La Famila,Comida rápida,Lagos 2999,
-34.62988,-58.38399,El Yakare,Comida rápida,Pedro Echagüe,
-34.64115,-58.40465,Parilla La Esquina,Comida rápida,Los Patos 3000,
-34.64819,-58.41322,Eros,Talleres,Grito de Asencio 3678,
-34.64749,-58.40378,Ronigra,Gomerías,Monteagudo,
-34.56764,-58.54194,Harby's,Comida rápida,79 - Ayacucho 2797,
-34.64598,-58.40935,Dragon Conbustibles,Estaciones de servicio,Pepirí,
-34.64650,-58.41013,Electricidad del Motor,Talleres,Famatina,
-34.57005,-58.53971,La Tucumana,Comida rápida,79 - Ayacucho 2554,
-34.57007,-58.53968,Lo de Rúben,Comida rápida,79 - Ayacucho 2550,
-34.57495,-58.53364,Mc Lago,Comida rápida,79 - 25 de Mayo 1982,
-34.57551,-58.53291,La Internacional,Comida rápida,48 - Moreno,
-34.57758,-58.53057,Michelin,Gomerías,79 - Avenida 25 de Mayo 1680,
-34.57818,-58.52994,MP Mecanica Perdriel,Talleres,42 - Perdriel 3333,
-34.64988,-58.40546,Shell,Estaciones de servicio,Avenida Isidro Lorea 3201,
-34.64936,-58.40375,El Bestia,Comida rápida,Iguazú,
-34.64576,-58.40146,Casa Fremar,Talleres,Avenida Amancio Alcorta,
-34.64525,-58.40089,Parrilla Rojo y Blanco,Comida rápida,Avenida Amancio Alcorta,
-34.63991,-58.40119,Parrilla,Comida rápida,Lavardén,
-34.63817,-58.40334,Grupo San Juan,Gomerías,Zavaleta,
-34.68549,-58.47495,San Jose,Comida rápida,Coronel Martiniano Chilavert,
-34.64914,-58.41180,Taller Integral Caira,Talleres,Jacinto Verdaguer,
-34.64575,-58.40205,Sanchez,Talleres,Zavaleta,
-34.63736,-58.39802,Lo Jack,Talleres,Avenida Colonia,
-34.63802,-58.39790,Los Nenes,Comida rápida,Avenida Colonia 200,
-34.49088,-58.48441,Moto Show,Insumos de motos,Avenida del Libertador 12963,
-34.63840,-58.38679,Mecánica en General,Talleres,Perdriel,
-34.64484,-58.38921,ACA,Estaciones de servicio,Avenida Vélez Sársfield,
-34.58008,-58.53304,Pizzería La Casita,Comida rápida,89 - Intendente Alberto Manuel Campos,
-34.64138,-58.39444,Quick Lane,Talleres,Avenida Amancio Alcorta,
-34.64235,-58.38838,Cas,Talleres,Luzuriaga,
-34.63913,-58.38845,Gomería,Talleres,Avenida Amancio Alcorta 1901,
-34.63892,-58.38846,Taller Coco,Talleres,Oncativo,
-34.63972,-58.38969,Suspensur Servicios,Talleres,Avenida Vélez Sársfield,
-34.65258,-58.40777,Los 2 Carlitos,Comida rápida,Avenida Amancio Alcorta,
-34.65529,-58.38901,Citroën,Talleres,Avenida Vélez Sársfield,
-34.65250,-58.37536,Mecánica en General,Talleres,Hipólito Vieytes,
-34.68752,-58.47768,Viva Argentina,Comida rápida,Coronel Martiniano Chilavert,
-34.64878,-58.37744,Parrilla La Familia,Comida rápida,Avenida General Iriarte,
-34.68079,-58.47969,Paso Paso,Comida rápida,Avenida Riestra,
-34.57258,-58.54219,Tecno Mas Bosch Car Service,Talleres,89 - Doctor Ramón Carrillo,
-34.57558,-58.54077,Piedra Libre San Lorenzo,Comida rápida,91 - San Lorenzo 2288,
-34.66848,-58.47432,El Litoral,Comida rápida,Dellepiane Sur,
-34.66819,-58.47183,Il Ritorno,Comida rápida,Zelarrayán 4898,
-34.69711,-58.48688,Rinconcito Latino,Comida rápida,Martín Ugarte,
-34.65075,-58.40661,Mecánica Pittet,Talleres,Avenida Amancio Alcorta,
-34.65108,-58.40701,Okey,Talleres,Juez Magnaud 1199,
-34.65131,-58.40774,Neumáticos Pepirí,Gomerías,Pepirí,
-34.65165,-58.40774,YPF,Estaciones de servicio,Avenida Amancio Alcorta,
-34.65233,-58.40866,La Familia,Comida rápida,Avenida Amancio Alcorta,
-34.65397,-58.41119,Grupo R,Estaciones de servicio,Avenida Amancio Alcorta 3699,
-34.69162,-58.48247,San Cayetano,Comida rápida,Coronel Martiniano Chilavert,
-34.69578,-58.48700,Pizzeria La Esquina del Colo,Comida rápida,Coronel Martiniano Chilavert,
-34.69582,-58.49002,San José,Comida rápida,Olavarría,
-34.65413,-58.41359,Parrilla al Paso,Comida rápida,Beazley,
-34.49699,-58.50825,Neumáticos Padi,Gomerías,Edison 821,
-34.57402,-58.56140,Imola,Talleres,117 - Suipacha,
-34.57468,-58.56683,Gomeria Lubricentro Lida,Talleres,Avenida 125 - Eva Perón,
-34.49869,-58.51190,Electronica Silvio,Talleres,Edison 1127,
-34.49876,-58.51200,Mecánica Juani,Talleres,Edison 1135,
-34.49898,-58.51174,MAG Servicios,Talleres,Pasaje Stephenson 2402,
-34.49919,-58.51218,Taller Tonon,Talleres,Edison 1150,
-34.50634,-58.52880,Auto Equipe,Talleres,Edison 2819,
-34.50971,-58.52548,La Cantina de mi Tío,Comida rápida,Prilidiano Pueyrredón 2597,
-34.50859,-58.52091,Taller Mecánico,Talleres,Paraná 3680,
-34.49826,-58.49825,Virtus,Comida rápida,Paraná,
-34.49924,-58.49647,La Esquina del Neumático,Gomerías,Avenida Maipú 4001,
-34.56713,-58.56090,LubriFox Mobil,Talleres,Diagonal 101 - Doctor Ricardo Balbín,
-34.56923,-58.55666,Liceo Diesel,Talleres,Avenida 101 - Doctor Ricardo Balbín 3526,
-34.50133,-58.49689,Roberto Bocco,Talleres,Debenedetti 1471,
-34.51408,-58.51555,Neumáticos Miguel,Gomerías,San Lorenzo 3701,
-34.51345,-58.51351,Taller Lucero,Talleres,San Lorenzo 3568,
-34.51341,-58.51341,Kart Mini,Talleres,San Lorenzo,
-34.50584,-58.48090,Pirelli,Gomerías,Juan Bautista Alberdi 2712,
-34.65710,-58.42375,Grill 66,Comida rápida,Avenida Intendente Francisco Rabanal,
-34.66142,-58.43344,Lubricantes La Rampa,Talleres,Avenida Intendente Francisco Rabanal,
-34.66285,-58.43645,Gomería Espinosa,Gomerías,Avenida Intendente Francisco Rabanal,
-34.53779,-58.51242,El Prado de Florida,Comida rápida,General José de San Martín 3861,
-34.53688,-58.51043,Le Crem Café Bar,Comida rápida,General José De San Martín 3701,
-34.56934,-58.57278,Pizza Ri-K II,Comida rápida,110 - José Hernández 5402,
-34.56956,-58.57381,Parrilla Coco,Comida rápida,Avenida 125 - Eva Perón,
-34.53015,-58.51591,El Club de la Milanesa,Comida rápida,Avenida Bartolomé Mitre 2180,
-34.51311,-58.53091,Shell,Estaciones de servicio,Avenida Bartolomé Mitre 4297,
-34.51558,-58.53261,Movicar,Talleres,Paraná,
-34.53751,-58.51124,El Tio Pipa,Comida rápida,Perú,
-34.53017,-58.51513,Taller Melo,Talleres,Avenida Bartolomé Mitre,
-34.52505,-58.51313,La Alfredita,Comida rápida,Gobernador Marcelino Ugarte 3680,
-34.52421,-58.51155,Boxer,Comida rápida,Gobernador Marcelino Ugarte 3526,
-34.53307,-58.50307,Shell,Estaciones de servicio,Blas Parera 3099,
-34.53159,-58.52692,De La Ostia,Comida rápida,Avenida Vélez Sarsfield,
-34.53120,-58.52603,Listo El Pollo,Comida rápida,Avenida Vélez Sarsfield,
-34.53001,-58.52372,Arnaldo's,Comida rápida,Avenida Vélez Sarsfield,
-34.52943,-58.52245,La Fábrica,Comida rápida,Armenia 2502,
-34.52584,-58.51948,Comic's,Comida rápida,Avenida Bartolomé Mitre 2704,
-34.52030,-58.52423,GF Motors,Talleres,Ramón B. Castro,
-34.52022,-58.52434,Radiadores Paco,Talleres,Avenida Bartolomé Mitre,
-34.53042,-58.52368,Astral,Comida rápida,Avenida Vélez Sarsfield 4646,
-34.52886,-58.52062,Combo Eventos,Comida rápida,Avenida Vélez Sarsfield,
-34.57280,-58.55683,La Curvita,Comida rápida,80 - Doctor Profesor Mariano Castex,
-34.52010,-58.52382,Dunlop,Gomerías,Ramón B. Castro 4699,
-34.54618,-58.50080,Frenos,Talleres,Francisco Laprida,
-34.50407,-58.48143,Redline Motorsports,Insumos de motos,Avenida del Libertador 2852,
-34.50836,-58.49278,Luis Ferraris,Talleres,Mariano Pelliza,
-34.51429,-58.50594,Solo Frenos,Talleres,Mariano Pelliza,
-34.51478,-58.50703,Car Tec,Talleres,Mariano Pelliza,
-34.51515,-58.50782,Freund,Talleres,Mariano Pelliza,
-34.51600,-58.50951,AutOK,Talleres,Mariano Pelliza,
-34.51632,-58.51955,El Quincho,Comida rápida,Esteban Echeverría,
-34.52188,-58.52236,Pipe's,Comida rápida,Avenida Bartolomé Mitre 3205,
-34.57385,-58.55555,Lo de Tres,Comida rápida,109 - 1 De Agosto De 1806,
-34.55509,-58.55891,Cholo Vázquez,Gomerías,79 - Aristóbulo del Valle 4734,
-34.55374,-58.55671,La Casa de Salta,Comida rápida,110 - José Hernández,
-34.52955,-58.55477,Parilla Comidas Al Disco,Comida rápida,Amancio Alcorta,
-34.53042,-58.55374,Pescadería,Comida rápida,Amancio Alcorta (SM) / Primera Junta (VL),
-34.56157,-58.54947,Lubritec,Talleres,86 - Leandro N. Alem 3237,
-34.52981,-58.54289,La Planchita,Comida rápida,Capitán Miguel Cajaraville,
-34.52875,-58.55236,Buddy's Pizza,Comida rápida,Paraná,
-34.52786,-58.55145,Pizza Mania,Comida rápida,Batalla La Florida,
-34.52443,-58.54732,Morita,Comida rápida,Paraná 6353,
-34.53754,-58.56020,Libertad,Talleres,49 - Libertad 6002,
-34.52279,-58.54543,Bar La Cueva,Comida rápida,Avenida de Mayo,
-34.52014,-58.54427,Molto Piú,Comida rápida,El Indio,
-34.51918,-58.54385,La Colón,Comida rápida,Juramento 1952,
-34.51883,-58.54363,Parrill Adelina,Comida rápida,Avenida de Mayo,
-34.51815,-58.54335,Lareja,Comida rápida,José Maria Verduga 1902,
-34.51289,-58.56787,Don Juan,Comida rápida,Avenida Avelino Rolón,
-34.51127,-58.54040,Mi Gusto Express,Comida rápida,Avenida de Mayo,
-34.51065,-58.54014,Roxette,Comida rápida,Avenida de Mayo,
-34.50925,-58.53951,Shell,Estaciones de servicio,Avenida de Mayo 16,
-34.52113,-58.54474,Rotiseria El Rafa Maxikiosco,Comida rápida,Avenida de Mayo 1372,
-34.52628,-58.57306,GTI,Talleres,Diagonal 190 - Brigadier General Juan Manuel de Rosas,
-34.54723,-58.56518,La Gigante Pizzeria,Comida rápida,75 Artigas,
-34.52133,-58.57012,Entre Rios,Gomerías,Diagonal 190 - Brigadier General Juan Manuel de Rosas,
-34.50221,-58.56060,YPF,Estaciones de servicio,Avenida Avelino Rolón 1399,
-34.50499,-58.56244,Pitbox,Gomerías,Avenida Avelino Rolón,
-34.50375,-58.56153,Lasport,Talleres,Avenida Avelino Rolón 1492,
-34.51956,-58.56650,Neumáticos,Gomerías,Amancio Alcorta,
-34.52004,-58.56596,Taller Blascar,Talleres,Amancio Alcorta 7648,
-34.56098,-58.48477,Mecanica Integral,Talleres,Avenida Donado,
-34.56244,-58.48369,Técnica DAVA,Talleres,José Pascual Tamborini 4302,
-34.49957,-58.55794,YamaCenter,Insumos de motos,Avenida Avelino Rolón,
-34.51723,-58.49844,Talleres Ugarte,Talleres,Gobernador Manuel Ugarte,
-34.52184,-58.56329,Axion Alcorta,Estaciones de servicio,Boedo 3099,
-34.52263,-58.56232,Angelo Cars,Talleres,Amancio Alcorta,
-34.52762,-58.55633,FJ Dema,Gomerías,Amancio Alcorta,
-34.50184,-58.58396,Don Corleone,Comida rápida,Camino Real Morón San Fernando,
-34.50190,-58.58000,Servicio Mecánico,Talleres,Olazábal,
-34.55547,-58.49324,Al Monaco,Comida rápida,Besares,
-34.57906,-58.54073,Douro,Comida rápida,54 - Bartolomé Mitre 4094,
-34.57922,-58.54091,Piedra Libre,Comida rápida,54 - Bartolomé Mitre 4106,
-34.55424,-58.58551,EG3,Comida rápida,115 - Los Olivos,
-34.55241,-58.58477,Lubricentro,Talleres,109 - Los Eucaliptus,
-34.51840,-58.50072,Pizza Rissa,Comida rápida,Gobernador Manuel Ugarte,
-34.52373,-58.55455,Parilla la Reja,Comida rápida,Avenida Bernardo Ader,
-34.52482,-58.55327,La Casa del Motor,Talleres,Soldado De Malvinas,
-34.52140,-58.54978,Fredy,Comida rápida,Soldado de Malvinas,
-34.56132,-58.56443,MI Pais,Talleres,110 - José Hernández,
-34.53068,-58.59248,Minutas,Comida rápida,204 - Calle 8,
-34.55801,-58.55434,La Nueva Genovesa,Comida rápida,79 - Colegio Militar,
-34.56177,-58.54916,Sun Sushi,Comida rápida,79 - Ayacucho,
-34.52294,-58.50987,Gomería Tito,Gomerías,Gobernador Manuel Ugarte 3323,
-34.52014,-58.55924,El Hornito,Comida rápida,Avenida Bernardo Ader,
-34.52240,-58.55659,El Hornito,Comida rápida,Avenida Bernardo Ader,
-34.52251,-58.55654,SLRCar,Talleres,Avenida Bernardo Ader,
-34.50018,-58.57787,Jorge Sarubbi,Talleres,Bernardo de Irigoyen,
-34.51595,-58.47474,Naná,Comida rápida,Juan Carlos Cruz 499,
-34.59192,-58.56080,Neyce,Comida rápida,643 - Avenida del Libertador General José de San Martín,
-34.53264,-58.58202,Pippo's Pizzas,Comida rápida,73 - Santa Brígida,
-34.59209,-58.53400,Gomería Los Amigos II,Gomerías,22 - Rodríguez Peña,
-34.84042,-58.51498,Gomeria Julio,Gomerías,San Lorenzo,
-34.84602,-58.52631,Gomeria Jorge,Gomerías,San Lorenzo,
-34.56661,-58.54323,Kook,Comida rápida,79 - Ayacucho,
-34.55312,-58.57645,Tren Delantero,Talleres,101 - 9 De Julio,
-34.55645,-58.57230,Parrilla,Comida rápida,101 - 9 De Julio,
-34.55463,-58.46265,Burger King,Comida rápida,Avenida Cabildo 2957,
-34.56414,-58.54675,San Andres Gourmet,Comida rápida,79 - Ayacucho,
-34.56612,-58.54429,Jamones,Comida rápida,72 - Diego Pombo 3302,
-34.56687,-58.54344,Leo,Comida rápida,79 - Ayacucho,
-34.58160,-58.53330,La Esquina de la Kennedy,Comida rápida,91 - San Martín 1600,
-34.58134,-58.53293,Marzano,Talleres,42 - Perdriel,
-34.76182,-58.41670,Morres,Comida rápida,Fray Luis Beltrán,
-34.54865,-58.46799,Baldini,Comida rápida,Avenida Cabildo 3701,
-34.75153,-58.40096,La Veneciana,Comida rápida,Avenida Hipólito Yrigoyen 8255,
-34.75077,-58.40078,Carlitos El Rey,Comida rápida,Avenida Hipólito Yrigoyen,
-34.75014,-58.40072,Burger King,Comida rápida,Avenida Hipólito Yrigoyen 8121,
-34.54323,-58.47211,Lubrirap,Talleres,Avenida Cabildo,
-34.84936,-58.50420,Husqvarna,Insumos de motos,Avenida Mariano Castex,
-34.84923,-58.50426,Yamaha,Insumos de motos,Avenida Mariano Castex,
-34.55854,-58.46009,Maricel,Comida rápida,Avenida Cabildo 2500,
-34.55811,-58.46050,Mostaza,Comida rápida,Avenida Cabildo 2530,
-34.74093,-58.39880,Renault Minuto,Talleres,Avenida Hipólito Yrigoyen,
-34.57943,-58.55215,Lubripro,Talleres,113 - Marcelo Torcuato De Alvear 2602,
-34.58643,-58.58818,Pizza Gol,Comida rápida,826 - Panamá,
-34.58155,-58.58120,Pizza Garden,Comida rápida,819 - Blas Parera 999,
-34.75233,-58.40056,Peugeot Rapide,Talleres,Avenida Hipólito Yrigoyen,
-34.57792,-58.57925,New Lubricar,Talleres,800 - Triunvirato (tf) / 141 - Avenida Triunvirato (gsm),
-34.57357,-58.58497,New Irons,Talleres,800 - Triunvirato (tf) / 141 - Avenida Triunvirato (gsm),
-34.57319,-58.58546,New Irons,Talleres,800 - Triunvirato (tf) / 141 - Avenida Triunvirato (gsm),
-34.54413,-58.58735,Gomería Poloko,Gomerías,9 de Julio,
-34.57631,-58.54715,McDonald's,Comida rápida,Avenida 101 - Doctor Ricardo Balbín 2549,
-34.57346,-58.54441,El Nuevo Sancho Panza,Comida rápida,93 - Tucumán,
-34.51425,-58.47718,Yamaha,Insumos de motos,Avenida del Libertador,
-34.51114,-58.47859,Power Bikes,Insumos de motos,Avenida del Libertador 2206,
-34.51104,-58.47862,Touratech Argentina,Insumos de motos,Avenida del Libertador 2216,
-34.50998,-58.47909,Corven Motos,Insumos de motos,Avenida del Libertador,
-34.51117,-58.47878,Kia Motors,Talleres,Carlos Villate,
-34.52491,-58.49287,Parrilla Don Vicente,Comida rápida,Hipólito Yrigoyen,
-34.52214,-58.48714,Servi & Motor,Talleres,Hipólito Yrigoyen,
-34.52493,-58.48375,La Esquina del Neumático,Gomerías,Avenida Maipú 1436,
-34.52585,-58.48310,La Popular,Comida rápida,Avenida Maipú 1328,
-34.52588,-58.48299,Bon Appetit,Comida rápida,Avenida Maipú 1324,
-34.52658,-58.48287,Automilenio,Talleres,Avenida Maipú 1234,
-34.52253,-58.47310,Honda,Insumos de motos,Avenida del Libertador,
-34.52593,-58.48219,La Gran Aldea,Comida rápida,Avenida Maipú 1255,
-34.52095,-58.48563,Havanna,Comida rápida,Avenida Maipú 1802,
-34.52354,-58.49109,Bridgestone,Gomerías,Chacabuco,
-34.51958,-58.47481,Suzuki,Insumos de motos,Avenida del Libertador,
-34.52223,-58.47317,Bridgestone,Gomerías,Avenida del Libertador 1201,
-34.59734,-58.54243,Mecánica Integral,Talleres,425 - Rodríguez Peña 1333,
-34.53379,-58.46830,Michelin,Gomerías,Avenida del Libertador 100,
-34.54105,-58.47383,Select,Comida rápida,Avenida Cabildo,
-34.57076,-58.54130,Motorrader,Insumos de motos,Avenida 64 - Presidente Juan Domingo Perón 3478,
-34.57042,-58.54088,Calzetta Neumaticos S.A.,Talleres,Avenida 64 - Presidente Juan Domingo Perón,
-34.84938,-58.50529,Bridegestone,Gomerías,Avenida Mariano Castex,
-34.60110,-58.56102,Pizzería Mr. Omar,Comida rápida,538 - Wenceslao de Tata,
-34.60111,-58.56140,Rotisería China,Comida rápida,538 - Wenceslao De Tata,
-34.60114,-58.56155,Doña Ramona,Comida rápida,538 - Wenceslao De Tata 4699,
-34.60079,-58.56878,Shell,Estaciones de servicio,659 - General Hornos 2084,
-34.82318,-58.48227,Shell,Estaciones de servicio,Avenida Dardo Rocha,
-34.52057,-58.47293,Armoring Systems,Talleres,Juan Carlos Cruz 1332,
-34.58677,-58.58768,La Cocina,Comida rápida,821 - San Lorenzo 1700,
-34.58417,-58.58420,DAR,Talleres,819 - Blas Parera,
-34.58976,-58.56374,La Buena Vida,Comida rápida,800 - Triunvirato (TF) / 141 - Avenida Triunvirato (GSM) 2581,
-34.56585,-58.59460,Pizza Garden,Comida rápida,900 - General Juan Lavalle,
-34.54060,-58.47476,La Esquina del Neumático,Gomerías,Avenida San Isidro Labrador 4801,
-34.47478,-58.50202,SushiClub,Comida rápida,Avenida del Libertador 15266,
-34.56472,-58.59602,Multigoma Pirelli,Gomerías,900 - General Juan Lavalle,
-34.58627,-58.55972,Lubricentro,Talleres,Avenida 64 - Presidente Juan Domingo Perón,
-34.58590,-58.55913,Deivid One,Talleres,Avenida 64 - Presidente Juan Domingo Perón,
-34.47364,-58.50338,Ducati,Insumos de motos,Avenida del Libertador 15400,
-34.46955,-58.50860,Vanshelato San isidro,Comida rápida,Avenida del Libertador 16012,
-34.59065,-58.53114,Autoradio Da-Na,Talleres,22 - Rodríguez Peña,
-34.82162,-58.45337,Gomeria,Gomerías,General Carlos Alvear,
-34.76535,-58.40412,Two Elements,Talleres,Avenida Hipólito Yrigoyen,
-34.70799,-58.45823,Lider Oil,Estaciones de servicio,Cosquín,
-34.81627,-58.46073,Bosch Car Service,Talleres,Boulevard Buenos Aires,
-34.59330,-58.53539,Corrales,Comida rápida,22 - Rodríguez Peña,
-34.59530,-58.53865,El Palito,Comida rápida,425 - Rodríguez Peña,
-34.76022,-58.40530,Hablemus Figo,Comida rápida,Francisco Narciso de Laprida,
-34.75984,-58.40553,Las Medialunas del abuelo,Comida rápida,Francisco Narciso de Laprida,
-34.55945,-58.60268,Lubricentro El Gauchito,Talleres,900 - General Juan Lavalle (tf) / 141 - Avenida Triunvirato (gsm),
-34.75396,-58.42050,GNC Plus,Estaciones de servicio,Avenida Santa Fe 301,
-34.58168,-58.54037,Neumen,Talleres,Avenida 101 - Doctor Ricardo Balbín,
-34.60096,-58.54712,Gomería Avenida,Gomerías,425 - Rodríguez Peña 1928,
-34.57307,-58.61223,Mi Sabor,Comida rápida,954 - Avenida Presidente Juan Domingo Perón,
-34.57543,-58.60914,Mechanica Diego,Talleres,954 - Avenida Presidente Juan Domingo Perón,
-34.83269,-58.46128,RM,Insumos de motos,Avenida Pedro Dreyer,
-34.57695,-58.60713,Sandwicheria,Comida rápida,954 - Avenida Presidente Juan Domingo Perón,
-34.81977,-58.45518,Lubricentro Baterías Centro,Talleres,General Carlos Alvear,
-34.81654,-58.46021,DBASS Autoradio,Talleres,Boulevard Buenos Aires,
-34.81869,-58.46432,Mostacho,Comida rápida,Boulevard Buenos Aires,
-34.60239,-58.52812,El Viejo Tucho,Comida rápida,416 - Florentino Ameghino 2679,
-34.60109,-58.56786,Cambio de Aceite y Filtro,Talleres,538 - Wenceslao de Tata,
-34.76968,-58.40425,Hyundai Service Gabriel,Talleres,Avenida Hipólito Yrigoyen,
-34.76626,-58.40354,La Familia,Comida rápida,Avenida Hipólito Yrigoyen,
-34.76441,-58.40309,Gomería Daytona,Gomerías,Avenida Hipólito Yrigoyen,
-34.76008,-58.40384,La Quintana,Comida rápida,Francisco Narciso de Laprida,
-34.76014,-58.40360,La Veneciana,Comida rápida,Francisco Narciso de Laprida,
-34.82095,-58.46486,Tren Delantero Marin,Talleres,Leandro N. Alem,
-34.82582,-58.46110,Granja,Comida rápida,Leandro N. Alem,
-34.58992,-58.56409,Lubrishopping,Talleres,800 - Triunvirato (TF) / 141 - Avenida Triunvirato (GSM) 4914,
-34.75324,-58.42078,Grido,Comida rápida,Avenida Santa Fe,
-34.75354,-58.42091,Taller Lubricentro,Talleres,Avenida Santa Fe,
-34.75568,-58.42127,Santa Fe,Comida rápida,Avenida Santa Fe,
-34.56722,-58.60948,Lo de Luchi,Comida rápida,940 - Iguazú,
-34.84244,-58.44857,Taller de Motos,Talleres,Leandro N. Alem,
-34.57611,-58.60868,Pizzas Grek,Comida rápida,919 - Lucio V. Mansilla 2102,
-34.57823,-58.60601,D'Ippolito,Talleres,954 - Avenida Presidente Juan Domingo Perón,
-34.57826,-58.60591,Mecanica del Automotor,Talleres,954 - Avenida Presidente Juan Domingo Perón,
-34.57829,-58.60587,Mi Kiosco y Parrilla,Comida rápida,909 - Coronel Julio Moreno 2101,
-34.57938,-58.60433,Alta Gama,Talleres,954 - Avenida Presidente Juan Domingo Perón,
-34.59881,-58.56125,Rincón del Ebro,Comida rápida,643 - Avenida del Libertador General José de San Martín,
-34.58855,-58.53239,Parrilla Chori10,Comida rápida,101 - Iturrasped,
-34.48021,-58.49240,Lidermoto Martínez,Insumos de motos,Avenida del Libertador 14317,
-34.46533,-58.51472,Club Milanesa,Comida rápida,Avenida del Libertador 16688,
-34.46298,-58.51737,El Altillo,Comida rápida,España 17000,
-34.46032,-58.52767,Bruno's,Comida rápida,Avenida Centenario 1999,
-34.45369,-58.52569,YPF,Estaciones de servicio,Avenida del Libertador 18047,
-34.45646,-58.53494,Electromecánica L. Alonso,Talleres,Avenida Centenario 2686,
-34.45664,-58.53470,GPS Taller - Oficina Mecánica,Talleres,Avenida Centenario 2656,
-34.60141,-58.54329,La Bologna,Comida rápida,436 - Avenida La Plata,
-34.57832,-58.53423,L'Mond,Comida rápida,85 - Bonifacini 1804,
-34.48699,-58.61852,Pizza Libre,Comida rápida,Avenida Ángel Torcuato de Alvear,
-34.48668,-58.61773,Don Torcuato,Insumos de motos,Avenida Ángel Torcuato de Alvear,
-34.48617,-58.61691,McDonald's,Comida rápida,Avenida Ángel Torcuato de Alvear 2956,
-34.47220,-58.53642,GNC,Talleres,Intendente Tomkinson,
-34.79318,-58.38910,Bridgestone,Gomerías,José Sánchez 1600,
-34.56943,-58.51885,Las Palmeras,Comida rápida,Avenida 44 - Presidente Arturo Umberto Illia,
-34.56993,-58.51959,Lo de Pacheco,Comida rápida,Avenida 44 - Presidente Arturo Umberto Illia,
-34.57128,-58.52187,Lubricentro Nacho,Talleres,Avenida 44 - Presidente Arturo Umberto Illia 2254,
-34.57218,-58.52328,Automotores,Talleres,Avenida 44 - Presidente Arturo Umberto Illia,
-34.56654,-58.51389,Pizza Nina,Comida rápida,Avenida 44 - Presidente Arturo Umberto Illia 1202,
-34.77540,-58.39303,La Fronterita II,Comida rápida,Almirante Brown 3277,
-34.77160,-58.39569,Brown Neumaticos,Talleres,Almirante Brown,
-34.77063,-58.39638,Parrilla libre Vino y Soda,Comida rápida,Almirante Brown 2823,
-34.57988,-58.60987,Union Silens,Talleres,962 - Benito Pérez Galdós,
-34.57353,-58.59946,Remises Lomas VIP,Talleres,938 - Gabino Ezeiza,
-34.56184,-58.54029,Carrera,Talleres,Diagonal 76 - Juan Martín Campos 2822,
-34.48754,-58.61863,Porco Motos - Gilera,Insumos de motos,Avenida Ángel Torcuato de Alvear 2745,
-34.56308,-58.61527,Parrilla Dario,Comida rápida,961 - Francisco Sierra,
-34.58427,-58.60359,Transmicar,Talleres,853 - Avenida Bernabé Márquez,
-34.57986,-58.60000,Cermienes,Talleres,830 - Leandro N. Alem,
-34.46368,-58.52452,Taller Ortega,Talleres,Avenida Centenario 1488,
-34.56631,-58.51426,EccoMotor,Insumos de motos,Avenida 44 - Presidente Arturo Umberto Illia,
-34.50036,-58.64355,El Patio,Comida rápida,Avenida del Golf,
-34.49902,-58.64089,Pancheria Ruper,Comida rápida,Avenida Ángel Torcuato de Alvear 634,
-34.49723,-58.63760,Taller Mecanico,Talleres,Avenida Ángel Torcuato de Alvear,
-34.49691,-58.63717,Yokohama,Gomerías,Avenida Ángel Torcuato de Alvear 1000,
-34.49549,-58.63446,Tercera Docena,Comida rápida,Avenida Ángel Torcuato de Alvear,
-34.49293,-58.62972,El Raviolito,Comida rápida,Avenida Ángel Torcuato de Alvear,
-34.48813,-58.61981,Auto Center Norte,Gomerías,Avenida Ángel Torcuato de Alvear 2659,
-34.49130,-58.62571,Pirelli,Gomerías,Avenida Ángel Torcuato de Alvear,
-34.49645,-58.61584,Porco Motos,Insumos de motos,Riobamba,
-34.48067,-58.55472,McDonald's,Comida rápida,Intendente Tomkinson 2967,
-34.57357,-58.49698,Bonario,Comida rápida,Ceretti 3000,
-34.57413,-58.49797,Diesel Tronic,Talleres,Avenida Congreso,
-34.57436,-58.49861,Lubricentro,Talleres,Avenida Congreso,
-34.49830,-58.63878,Cafferata,Comida rápida,Avenida Ángel Torcuato de Alvear 801,
-34.49537,-58.63324,Zupay,Talleres,Avenida Ángel Torcuato de Alvear,
-34.76612,-58.42366,Dapsa,Estaciones de servicio,Avenida General Frías,
-34.49433,-58.63143,Oil Station,Talleres,Avenida Ángel Torcuato de Alvear,
-34.49378,-58.63042,Bugalti,Talleres,Avenida Ángel Torcuato de Alvear,
-34.57399,-58.50289,Peugeot Autoasist,Talleres,Avenida De Los Constituyentes,
-34.57373,-58.50305,Sosa,Comida rápida,Avenida Albarellos 2302,
-34.77635,-58.42411,Radiadores Renato,Talleres,General Frías,
-34.48935,-58.62212,Meet,Comida rápida,Avenida Ángel Torcuato de Alvear 2393,
-34.77578,-58.41323,Los Varones,Talleres,José Garibaldi,
-34.48764,-58.61868,De Titta MotoPlanet,Insumos de motos,Avenida Ángel Torcuato de Alvear 2731,
-34.77217,-58.40645,Neumáticos Garibaldi,Gomerías,José Garibaldi,
-34.78674,-58.38897,Mecanica Martinez,Talleres,Almirante Brown,
-34.78659,-58.38889,Taller M & N,Talleres,Almirante Brown,
-34.57105,-58.48355,La Tumasina,Comida rápida,Avenida Álvarez Thomas,
-34.57084,-58.48371,GDF,Talleres,Avenida Álvarez Thomas,
-34.57021,-58.48470,La Rana,Comida rápida,Avenida Álvarez Thomas 3361,
-34.77431,-58.40543,Neumáticos Coronel,Gomerías,Avenida Hipólito Yrigoyen 10123,
-34.50173,-58.64244,Los Tres Pollitos,Comida rápida,Almirante Brown,
-34.56916,-58.48946,Tienda de Café,Comida rápida,Avenida Congreso 5001,
-34.78132,-58.40689,Sacabollos Dentcar,Talleres,Avenida Hipólito Yrigoyen,
-34.77420,-58.39341,Don Cipriani,Comida rápida,Almirante Brown 3200,
-34.57345,-58.49773,Giuliano Cesarino,Comida rápida,Avenida Congreso 5749,
-34.57382,-58.49848,Servicio Del Automotor Miguel,Talleres,Aizpúrua,
-34.78706,-58.40815,Repuestos P'Pinos,Talleres,Avenida Hipólito Yrigoyen,
-34.76580,-58.39637,Escapes Lubricantes,Talleres,General Espejo,
-34.50078,-58.64268,HA,Comida rápida,Almirante Brown,
-34.79187,-58.40917,Cucinarosa,Comida rápida,Avenida Hipólito Yrigoyen,
-34.48500,-58.64102,Gomeria Lubricentro,Gomerías,General Bartolomé Mitre,
-34.57221,-58.50473,GNC Centro de Conversion,Talleres,Avenida De Los Constituyentes,
-34.49363,-58.63793,Bari,Comida rápida,Manuel Estrada,
-34.57769,-58.61295,Gomeria,Gomerías,962 - Benito Pérez Galdós,
-34.57946,-58.61103,RR Servicio de Chapa y Pintura,Talleres,962 - Benito Pérez Galdós,
-34.77040,-58.42335,Taller Mecánico,Talleres,Avenida General Frías,
-34.70441,-58.43145,Parrilla Tio Miguel,Comida rápida,Hernando de Magallanes,
-34.44623,-58.54629,McDonald's,Comida rápida,Avenida del Libertador 2194,
-34.77147,-58.40576,José Zaccala,Talleres,José Garibaldi,
-34.72519,-58.44353,Alineacioón-Balanceo,Talleres,Colectora Camino Presidente Juan Domingo Perón,
-34.78592,-58.40737,Marbella Pizza & Café,Comida rápida,Avenida Hipólito Yrigoyen,
-34.79427,-58.40872,Repuestos Japoneses,Talleres,Avenida Hipólito Yrigoyen,
-34.73165,-58.42631,Mareque Automotores,Talleres,Avenida General Martín Rodríguez,
-34.73029,-58.42373,Neumáticos de Santo S.A.,Gomerías,Avenida General Martín Rodríguez,
-34.73286,-58.41997,Gomería,Gomerías,Constitución,
-34.73465,-58.41765,"Parrilla ""Argentina""",Comida rápida,Carlos Glade,
-34.71582,-58.45111,Gomeria,Talleres,Camino Presidente Juan Domingo Perón,
-34.59643,-58.49691,Kentucky,Comida rápida,Helguera 3501,
-34.71197,-58.42560,Shell,Estaciones de servicio,Hernando De Magallanes 3101,
-34.59507,-58.49481,Distrillantas,Gomerías,Avenida Francisco Beiró,
-34.59492,-58.49460,Centro Motos,Insumos de motos,Nazca 2907,
-34.59439,-58.49355,L.N.C. Devoto,Talleres,Avenida Francisco Beiró,
-34.59156,-58.48904,Nevada Climaticion,Talleres,Avenida Francisco Beiró,
-34.59126,-58.48856,Benelli,Insumos de motos,Zamudio 3501,
-34.59098,-58.48814,Suzuki,Insumos de motos,Avenida Francisco Beiró 2351,
-34.58911,-58.48507,Shell,Estaciones de servicio,Avenida de los Constituyentes 3516,
-34.58918,-58.48523,Central Tire,Talleres,Avenida Francisco Beiró,
-34.55703,-58.46582,Alejandría,Comida rápida,Avenida Congreso,
-34.80011,-58.38855,La Delicia,Comida rápida,Avenida Espora,
-34.79702,-58.38860,La Casona,Comida rápida,Avenida Espora 699,
-34.79610,-58.38844,McDonald's,Comida rápida,Avenida Espora,
-34.79589,-58.38603,La Florencia,Comida rápida,Jorge Santiago Bynnon 1601,
-34.74191,-58.46058,Lustrado del Automotor,Talleres,Eibar,
-34.58885,-58.48470,Mil & Pico,Comida rápida,Avenida De Los Constituyentes 3501,
-34.58567,-58.48057,City Auto,Talleres,Avenida de los Incas,
-34.58391,-58.47829,YPF,Estaciones de servicio,Avenida de los Incas 4801,
-34.58243,-58.47314,Diesel Uriquiza,Talleres,Avenida Combatientes de Malvinas,
-34.58330,-58.47269,Taller Italia,Talleres,Avenida Combatientes de Malvinas,
-34.58266,-58.48533,Fiambres Aristco Quesos,Comida rápida,La Pampa,
-34.74876,-58.47454,Los 5 Hermanos,Talleres,Avenida General Juan Facundo Quiroga,
-34.58033,-58.48138,Pin Pun,Comida rápida,Ávalos,
-34.73016,-58.42423,De Santo,Gomerías,Avenida General Martín Rodríguez,
-34.75041,-58.47692,Bar 8 de diciembre,Comida rápida,Avenida General Juan Facundo Quiroga,
-34.74973,-58.47572,Pizzeria y Hamburgueseria,Comida rápida,Avenida General Juan Facundo Quiroga,
-34.55479,-58.46155,La Jazmina,Comida rápida,Vuelta de Obligado 2802,
-34.75782,-58.47641,Mecanica Integral,Talleres,Provincia De Salta,
-34.55174,-58.45569,Gontran Cherrier,Comida rápida,Congreso 1701,
-34.58642,-58.48076,Whim,Comida rápida,Avenida de los Incas,
-34.58469,-58.47844,Lubrincas,Talleres,Avenida de los Incas,
-34.72311,-58.40946,Pacificadora de Motores,Talleres,Marco Avellaneda,
-34.70934,-58.41964,Axion,Estaciones de servicio,Avenida General José De San Martín 3702,
-34.76031,-58.48168,Lubricentro Rota,Talleres,Ruta De La Tradición,
-34.75113,-58.47895,Pizzeria Gabriel,Comida rápida,Avenida General Juan Facundo Quiroga,
-34.55421,-58.45261,Michelin,Gomerías,Monroe,
-34.55392,-58.45929,Venega's,Comida rápida,Quesada 2100,
-34.58979,-58.47893,Fiat,Talleres,Barzana,
-34.57946,-58.48739,Frapole,Comida rápida,Barzana,
-34.55180,-58.45515,Haiku,Comida rápida,Congreso,
-34.75552,-58.48442,Gomeria Omar,Talleres,Ruta De La Tradición,
-34.46415,-58.50977,La Forchetta,Comida rápida,Primera Junta 851,
-34.46727,-58.51476,Manola,Comida rápida,Primera Junta 299,
-34.79922,-58.40825,Todo Service,Talleres,Avenida Hipólito Yrigoyen,
-34.80208,-58.40738,Pro Car Repuestos,Talleres,Avenida Hipólito Yrigoyen,
-34.80336,-58.40650,Neumaticos Autopremium Adrogué,Gomerías,Avenida Hipólito Yrigoyen,
-34.80421,-58.40576,Renault Minuto,Talleres,Avenida Hipólito Yrigoyen,
-34.80570,-58.40460,Yamaha,Insumos de motos,Avenida Hipólito Yrigoyen,
-34.79741,-58.40830,Pizza Club,Comida rápida,Avenida Hipólito Yrigoyen,
-34.79961,-58.40762,Help Lubricentro,Talleres,Avenida Hipólito Yrigoyen,
-34.80350,-58.40556,Autos Zanet,Talleres,Avenida Hipólito Yrigoyen,
-34.80490,-58.40464,Tamburrino Hnos.,Insumos de motos,Avenida Hipólito Yrigoyen 12900,
-34.80510,-58.40447,Ciudad Moto,Insumos de motos,Avenida Hipólito Yrigoyen,
-34.80574,-58.40387,Tamburrino Hnos Motos,Insumos de motos,Avenida Hipólito Yrigoyen,
-34.72291,-58.43633,Lubricentro Encendido,Talleres,Virgen de Itatí,
-34.55134,-58.45428,Forêt,Comida rápida,Congreso 1602,
-34.47428,-58.51225,Corven Motos,Insumos de motos,Roque Sáenz Peña,
-34.72040,-58.46163,La Pizza Loca 2,Comida rápida,Recondo,
-34.71924,-58.45942,Wai Gab,Talleres,Recondo,
-34.56478,-58.46999,Fábrica de Sandwiches,Comida rápida,Avenida Monroe,
-34.56528,-58.47068,Jazz Café,Comida rápida,Avenida Monroe,
-34.48606,-58.61539,Puma,Estaciones de servicio,Avenida Ángel Torcuato De Alvear,
-34.56391,-58.49671,Axion,Estaciones de servicio,Avenida Triunvirato,
-34.47282,-58.55582,Neumáticos Sol Rac,Gomerías,Avenida Sucre,
-34.46619,-58.55527,YPF,Estaciones de servicio,Avenida Uruguay 3000,
-34.62583,-58.50935,Ale Miranda,Comida rápida,Miranda,
-34.62506,-58.51032,Il Ritorno,Comida rápida,Avenida Lope de Vega 1599,
-34.62403,-58.51166,El Fortín,Comida rápida,Álvarez Jonte 5299,
-34.56567,-58.47135,Pizzeria TV,Comida rápida,Avenida Melián 2500,
-34.72665,-58.44326,Como en Casa,Comida rápida,Virgen de Itatí,
-34.56347,-58.49575,Taller Urquiza,Talleres,Crisólogo Larralde 5342,
-34.56490,-58.49535,San Cayetano,Talleres,Núñez,
-34.57443,-58.48580,Burger King,Comida rápida,Avenida Triunvirato 4649,
-34.62128,-58.51516,El Mago,Talleres,Avenida Lope de Vega,
-34.46334,-58.54634,Lubricentro,Talleres,Gobernador Udaondo,
-34.71571,-58.45264,Gomeria Lubicentro,Talleres,Cosquín 2100,
-34.62002,-58.51693,Lapi,Comida rápida,Avenida Lope de Vega,
-34.61922,-58.51803,Lubri Shop,Talleres,Avenida Lope de Vega,
-34.56740,-58.47429,Brm Motos Yamaha,Insumos de motos,Monroe,
-34.56812,-58.47543,Neumen,Gomerías,Monroe 4016,
-34.61798,-58.51963,Fas Motos,Talleres,Avenida Lope de Vega,
-34.81344,-58.39885,GNC Gemar,Talleres,Avenida Hipólito Yrigoyen,
-34.81376,-58.39858,Pacini Escapes,Talleres,Avenida Hipólito Yrigoyen,
-34.81706,-58.39617,Escapes,Talleres,Avenida Hipólito Yrigoyen,
-34.81770,-58.39565,Damian,Talleres,Avenida Hipólito Yrigoyen,
-34.61394,-58.52462,Havanna,Comida rápida,Avenida Francisco Beiró,
-34.82222,-58.39624,Toto,Talleres,Avenida Hipólito Yrigoyen,
-34.82293,-58.39653,La Parrilla,Comida rápida,Avenida Hipólito Yrigoyen,
-34.83379,-58.40104,Bridgestone,Gomerías,Avenida Hipólito Yrigoyen,
-34.83396,-58.40108,Tor-Mec,Talleres,Avenida Hipólito Yrigoyen,
-34.46958,-58.54060,Trinidad,Comida rápida,Avenida Andrés Rolón,
-34.47249,-58.53627,Lo de Ale,Comida rápida,Avenida Andrés Rolón 1221,
-34.72212,-58.44355,Freno Embrague Jorge,Talleres,Ejército De Los Andes,
-34.71745,-58.43607,Neumáticos T.M.,Gomerías,Ejército de los Andes,
-34.71090,-58.43921,Automotores Ada,Talleres,Quesada,
-34.71899,-58.43825,Mecanica Remolques,Talleres,Ejército De Los Andes 900,
-34.71371,-58.42809,Corven Motos,Insumos de motos,Avenida General San Martín,
-34.84564,-58.40081,Arreglo de Paragolpes,Talleres,Avenida 6 de Febrero,
-34.84631,-58.40032,Tms Chapa y Pintura,Talleres,Avenida 6 de Febrero,
-34.84763,-58.39929,Ferari Gnc,Talleres,Avenida 6 de Febrero,
-34.47592,-58.52986,Parabrisas San Isidro,Talleres,Avenida Andrés Rolón 629,
-34.56038,-58.45848,Green Eat,Comida rápida,Olazábal 2402,
-34.56216,-58.45957,Pizzería Cambalache,Comida rápida,Amenábar 2204,
-34.81440,-58.40216,Maxi Autos,Talleres,Algarrobo,
-34.47852,-58.52953,Escapes Rolon,Talleres,Avenida Andrés Rolón 384,
-34.47883,-58.52947,Dunlop,Gomerías,Avenida Andrés Rolón 338,
-34.47894,-58.52936,Mr. Pollo,Comida rápida,Avenida Andrés Rolón,
-34.55237,-58.45526,Gomería,Talleres,Arribeños 2762,
-34.55069,-58.45660,La Brasería,Comida rápida,Arribeños 2902,
-34.54880,-58.45804,Reynal Pereyra Iraola,Talleres,Arribeños,
-34.54842,-58.45830,Bodegon Nuñez,Comida rápida,Campos Salles 1702,
-34.61480,-58.47315,Pizza Rica,Comida rápida,Estado Plurinacional De Bolivia 1411,
-34.61541,-58.47309,Todo Gas,Estaciones de servicio,Tres Arroyos,
-34.61604,-58.47345,TA RomaGNC,Talleres,Avenida Juan Bautista Justo,
-34.61612,-58.47375,Gijon Asador Criollo,Comida rápida,Avenida Juan Bautista Justo,
-34.61408,-58.47268,YPF,Estaciones de servicio,Avenida Juan Bautista Justo,
-34.48066,-58.52862,Richard's Control Center,Talleres,Avenida Andrés Rolón 130,
-34.60167,-58.47050,Frenos,Talleres,Avenida San Martín 3302,
-34.56102,-58.45801,KFC,Comida rápida,Avenida Cabildo 2224,
-34.48321,-58.50430,Positron,Talleres,Avenida Santa Fe 1170,
-34.61538,-58.47368,Daytona,Talleres,Avenida Juan Bautista Justo,
-34.56610,-58.45305,Burger King,Comida rápida,Avenida Cabildo 1626,
-34.80697,-58.38910,Tamburrino,Insumos de motos,Avenida Espora,
-34.48581,-58.50223,GH Lubricar,Talleres,Avenida Santa Fe,
-34.61586,-58.47811,Emmanuel,Talleres,Avenida Nazca,
-34.57053,-58.44446,McDonald's,Comida rápida,Avenida Cabildo 742,
-34.57023,-58.44367,Axion,Estaciones de servicio,Avenida Cabildo 695,
-34.49528,-58.49759,Escapes Pajaro Hermanos,Talleres,Avenida Santa Fe 2652,
-34.49564,-58.49754,NF neumáticos,Gomerías,Avenida Santa Fe 2698,
-34.50356,-58.49498,Bar José Ingenieros,Comida rápida,Avenida Maipú 3502,
-34.58397,-58.43330,Fazio,Gomerías,Avenida Juan Bautista Justo,
-34.59182,-58.44264,Lubricentro Velazco,Talleres,Juan Ramírez de Velasco 1211,
-34.56774,-58.48710,Axion,Estaciones de servicio,Avenida Congreso 4801,
-34.56761,-58.48706,Spot!,Comida rápida,Galván,
-34.56691,-58.48757,Pizza Home,Comida rápida,Galván 3102,
-34.62611,-58.50973,YPF,Estaciones de servicio,Avenida Lope de Vega 1502,
-34.50802,-58.49194,Biblos Olivos,Comida rápida,Avenida Maipú,
-34.57670,-58.43001,Neumáticos Gutiérrez,Gomerías,Avenida Santa Fe 4997,
-34.58679,-58.43627,Del Toro,Talleres,José Antonio Cabrera 5469,
-34.59092,-58.49819,Bonafide,Comida rápida,Avenida Salvador María del Carril 1904,
-34.55685,-58.45069,China Rose,Comida rápida,Mendoza 1689,
-34.50982,-58.49089,McDonald's,Comida rápida,Avenida Maipú,
-34.51083,-58.49106,La Farola de Olivos,Comida rápida,Avenida Maipú,
-34.59096,-58.44646,De Tony,Comida rápida,Avenida Dorrego,
-34.62482,-58.51130,Monte Castro,Comida rápida,Avenida Lope de Vega 1650,
-34.62135,-58.51569,CM-Rodamientos,Talleres,Avenida Lope de Vega,
-34.61677,-58.52165,Lubricentro Devotoil,Talleres,Avenida Lope de Vega,
-34.61357,-58.52489,McDonald's,Comida rápida,Avenida Francisco Beiró 5275,
-34.60022,-58.50307,ACA,Estaciones de servicio,Avenida Francisco Beiró 3561,
-34.59989,-58.50260,House Resto & Drinks,Comida rápida,Avenida Francisco Beiró,
-34.62492,-58.51059,Neumáticos Los Cabur,Gomerías,Avenida Lope De Vega 1601,
-34.60302,-58.51655,Kroob Burgers,Comida rápida,Ricardo Gutiérrez Sur 4402,
-34.60049,-58.51187,"Placers, Pizza y Cafe",Comida rápida,Nueva York,
-34.60072,-58.51139,Bodegón Devoto,Comida rápida,Avenida Chivilcoy 3818,
-34.57955,-58.49156,Signorini,Comida rápida,Avenida Olazábal,
-34.81309,-58.39817,Lubricentro V & L,Talleres,Avenida Hipólito Yrigoyen,
-34.81339,-58.39768,Walter Bertoia S.R.L.,Talleres,Avenida Hipólito Yrigoyen,
-34.81798,-58.39488,Gulf,Estaciones de servicio,Avenida Hipólito Yrigoyen,
-34.81830,-58.39445,Michelin,Gomerías,Avenida Hipólito Yrigoyen,
-34.82047,-58.39470,Mobil,Talleres,Avenida Hipólito Yrigoyen,
-34.82679,-58.39746,Surauto Lubricantes,Talleres,Avenida Hipólito Yrigoyen,
-34.56002,-58.48882,YPF,Estaciones de servicio,Crisólogo Larralde 4688,
-34.56641,-58.48346,La Herencia de Juan Parrila,Comida rápida,Avenida Congreso 4500,
-34.58769,-58.44592,Bodegón Fraga,Comida rápida,Fraga,
-34.58391,-58.44286,Vicente,Talleres,Avenida Coronel Niceto Vega,
-34.58440,-58.44222,Cuello,Gomerías,Doctor Emilio Ravignani,
-34.56753,-58.48250,Boa Lua,Comida rápida,Lugones,
-34.60054,-58.49926,Toyota,Talleres,Llavallol,
-34.60187,-58.51243,Havanna,Comida rápida,Asunción 4170,
-34.58724,-58.44129,Cañossilen,Talleres,Avenida Córdoba,
-34.58129,-58.49366,Neumáticos Rosendo,Talleres,Avenida General Mosconi,
-34.57990,-58.49144,Adaggio,Comida rápida,Avenida Olazábal,
-34.62834,-58.49353,Renault Minuto,Talleres,Avenida Juan Bautista Justo 7337,
-34.62841,-58.49360,RTI Car,Talleres,Avenida Juan Bautista Justo,
-34.62924,-58.49491,Genamax,Insumos de motos,Avenida Juan Bautista Justo,
-34.63016,-58.49622,Lubricentro Fusco,Talleres,Avenida Juan Bautista Justo,
-34.58504,-58.43536,Havana,Comida rápida,Honduras,
-34.58429,-58.43449,Cofi Jaus,Comida rápida,Humboldt 1793,
-34.58008,-58.43336,Soler Street Bar,Comida rápida,Soler 5699,
-34.58089,-58.43669,Cuervo Café,Comida rápida,Costa Rica 5801,
-34.58147,-58.43737,La Piccola,Comida rápida,El Salvador 5806,
-34.58327,-58.44464,Siga la Vaca Express,Comida rápida,Avenida Álvarez Thomas,
-34.57578,-58.48427,Kentucky,Comida rápida,Avenida Triunvirato 4500,
-34.57557,-58.48396,Accademia della Pizza,Comida rápida,Avenida Triunvirato 4495,
-34.63175,-58.50071,Automoviles,Talleres,Avenida Juan Bautista Justo,
-34.57422,-58.48145,Unaghi SushiBar,Comida rápida,Avenida Olazábal,
-34.57111,-58.47631,Lumiere,Comida rápida,Donado 2287,
-34.58544,-58.43624,Parrilla Don Benito,Comida rápida,Gorriti 5505,
-34.58080,-58.43299,La Barrera,Talleres,Soler,
-34.63248,-58.50231,Justo Cars,Talleres,Avenida Juan Bautista Justo,
-34.58023,-58.44152,Decata,Comida rápida,Honduras 6100,
-34.63348,-58.50471,Pizza Alem,Comida rápida,Avenida Juan Bautista Justo,
-34.61216,-58.50781,Estación de Milanesas,Comida rápida,Segurola,
-34.61449,-58.50557,Chiquito,Talleres,Segurola,
-34.59955,-58.51364,Eduardo y Diana Jakim,Comida rápida,Mercedes,
-34.60178,-58.51298,Brunette,Comida rápida,Asunción 4185,
-34.60736,-58.51357,Collins Servicio,Talleres,Avenida Francisco Beiró,
-34.60636,-58.51298,La Misión,Comida rápida,Avenida Francisco Beiró 4399,
-34.61944,-58.50477,Madrilia,Comida rápida,Benito Juárez,
-34.59798,-58.50784,Belredere,Comida rápida,Nueva York,
-34.58157,-58.49226,Mi Gusto,Comida rápida,Avenida de los Constituyentes 4599,
-34.58265,-58.49100,Shell,Estaciones de servicio,Juramento,
-34.58345,-58.49000,Neumaticos Rodruguez,Talleres,Avenida De Los Constituyentes,
-34.59942,-58.51021,Shell,Estaciones de servicio,Nueva York,
-34.63012,-58.49539,Genamax,Insumos de motos,Avenida Juan Bautista Justo 7550,
-34.52797,-58.48103,McDonald's,Comida rápida,Avenida Maipú 1050,
-34.60591,-58.51224,Neumen,Gomerías,Avenida Francisco Beiró,
-34.58198,-58.44139,Crisol,Comida rápida,Gorriti 5996,
-34.58699,-58.51205,Resto Che Cabezon,Comida rápida,José León Cabezón,
-34.58796,-58.51112,Restaurante Canton,Comida rápida,Llavallol,
-34.59182,-58.50934,Mecanica,Talleres,Gabriela Mistral 3499,
-34.59280,-58.51095,Marechiare,Comida rápida,Fernández de Enciso 4607,
-34.61794,-58.50269,The Coffe Store,Comida rápida,Segurola,
-34.58640,-58.51207,Taller Manero SRL,Talleres,Llavallol,
-34.58829,-58.51039,Stinger Motorsport,Talleres,Llavallol,
-34.63474,-58.50780,Shell,Estaciones de servicio,Irigoyen,
-34.53283,-58.47839,Pirelli,Gomerías,Avenida Maipú 561,
-34.59068,-58.49851,Al Piatto,Comida rápida,Avenida Salvador María del Carril,
-34.54217,-58.47368,Lubricentro Cabildo,Talleres,Avenida Cabildo,
-34.59133,-58.51094,Quintero,Comida rápida,Avenida General Mosconi,
-34.58916,-58.50746,YPF,Estaciones de servicio,Avenida General Mosconi 3289,
-34.58623,-58.50243,El Gallito de Pueyrredon,Comida rápida,Avenida General Mosconi,
-34.58327,-58.49767,Havanna,Comida rápida,General José Gervasio Artigas 4701,
-34.59513,-58.51630,Parrilla Don Fierro,Comida rápida,Avenida General Mosconi,
-34.59251,-58.51190,ABA Gas,Talleres,Avenida General Mosconi,
-34.59196,-58.51080,Pola,Comida rápida,Avenida San Martín,
-34.58300,-58.44774,Rincón Norteño,Comida rápida,Avenida Córdoba,
-34.58221,-58.44988,Maure Parrilla,Comida rápida,Maure,
-34.58889,-58.50617,El Meson de los Amigos,Comida rápida,Avenida General Mosconi,
-34.58876,-58.50592,Macchiato,Comida rápida,Avenida General Mosconi,
-34.83103,-58.38685,Giardino,Comida rápida,Avenida Espora,
-34.58872,-58.50588,Gomeria Rodríguez,Gomerías,Avenida General Mosconi,
-34.62084,-58.50799,San Pedro Pizzeria,Comida rápida,Álvarez Jonte,
-34.60898,-58.46508,GNC,Estaciones de servicio,Niza,
-34.58255,-58.44009,Il Ballo del Mattone,Comida rápida,Gorriti,
-34.58332,-58.43904,Il Ballo del Mattone,Comida rápida,Gorriti,
-34.58356,-58.43935,Koi,Comida rápida,Ángel Justiniano Carranza,
-34.58414,-58.43999,Black Ristretto,Comida rápida,Ángel Justiniano Carranza,
-34.58039,-58.45055,McDonald's,Comida rápida,Avenida Álvarez Thomas 3496,
-34.58076,-58.44972,Mamita,Comida rápida,Avenida Álvarez Thomas,
-34.58094,-58.44915,Varta,Talleres,Avenida Álvarez Thomas,
-34.58673,-58.45177,Sola Motors,Talleres,Maure,
-34.58867,-58.45040,Shell,Estaciones de servicio,Avenida Corrientes,
-34.58406,-58.49003,Master Gas,Talleres,Avenida De Los Constituyentes,
-34.58411,-58.48985,Teruya,Comida rápida,Avenida De Los Constituyentes,
-34.84515,-58.37735,Gulf,Estaciones de servicio,Avenida Tomás Espora,
-34.83891,-58.38154,Shell,Estaciones de servicio,Avenida Tomás Espora,
-34.57489,-58.48697,Dobos,Comida rápida,Monroe,
-34.59102,-58.51252,YPF,Estaciones de servicio,Avenida San Martín 7001,
-34.59221,-58.50897,Autodrive,Talleres,Metrobús San Martín,
-34.62824,-58.51636,Esquina Jonte,Comida rápida,Álvarez Jonte,
-34.51931,-58.48656,La Esquina del Neumático,Gomerías,Avenida Maipú 1948,
-34.58641,-58.49166,El Gran Retobao,Comida rápida,Caracas 4102,
-34.57698,-58.49072,El Adobo,Comida rápida,Monroe,
-34.63400,-58.52326,Mondrian,Comida rápida,Barragán,
-34.83424,-58.38446,Mercedes Repuestos Accesorios,Talleres,Avenida Espora,
-34.63447,-58.52759,Distrillantas,Gomerías,Avenida Juan Bautista Justo 9753,
-34.60933,-58.46963,Pizza Grossa,Comida rápida,General César Díaz,
-34.60546,-58.46230,Diesel Truck S.R.L.,Talleres,Almirante Francisco José Seguí,
-34.60606,-58.46830,Chichilo,Comida rápida,Camarones 1901,
-34.60892,-58.48309,El Ombu,Comida rápida,Álvarez Jonte,
-34.81575,-58.36596,Axion,Estaciones de servicio,Adolfo Alsina,
-34.59344,-58.51788,Chip's,Comida rápida,Avenida Chivilcoy,
-34.60872,-58.51681,La Vicca,Comida rápida,Allende 3501,
-34.51749,-58.48755,La 5a Avenida,Comida rápida,Avenida Maipú 2098,
-34.57534,-58.48843,Don German,Comida rápida,Monroe,
-34.57565,-58.48898,Vanshelato,Comida rápida,Bucarelli 2402,
-34.60950,-58.46491,Kaizen,Talleres,Avenida Juan Bautista Justo,
-34.61206,-58.46676,Sabor Esperanza,Comida rápida,Tres Arroyos,
-34.60828,-58.47034,SBattalla,Talleres,Boyacá 1902,
-34.60834,-58.47043,Pizzeria Cervantes,Comida rápida,Alejandro Magariños Cervantes,
-34.60958,-58.47301,JC Auto Sport,Talleres,Alejandro Magariños Cervantes,
-34.61725,-58.52904,Pizzeria Genesis,Comida rápida,Cortina 5700,
-34.61538,-58.52654,Renault Beiro,Talleres,Avenida Francisco Beiró,
-34.60980,-58.51865,Victoria Impala,Comida rápida,Avenida Francisco Beiró 4801,
-34.60973,-58.51735,Master Fix,Talleres,Avenida Francisco Beiró,
-34.60943,-58.51708,Neumaticos Beiro S.R.L.,Gomerías,Avenida Francisco Beiró,
-34.60668,-58.46281,Deniro,Comida rápida,General César Díaz,
-34.57702,-58.50861,Center Oil,Talleres,Terrada,
-34.58060,-58.50756,Diesel Nazca,Talleres,Nazca,
-34.58970,-58.51652,La Farola,Comida rápida,José León Cabezón 3749,
-34.59038,-58.51622,Renault Minuto,Talleres,Avenida San Martín,
-34.57654,-58.49050,El Wok,Comida rápida,Monroe,
-34.57598,-58.45645,La Esquina del Virrey,Comida rápida,General Enrique Martínez,
-34.57746,-58.45075,Havanna,Comida rápida,Conde,
-34.57230,-58.45793,Labor,Comida rápida,Capitán General Ramón Freire,
-34.58397,-58.50346,Magoonher,Talleres,Griveo,
-34.58945,-58.51192,La Despensa,Comida rápida,Concordia,
-34.61005,-58.51548,El Patio,Comida rápida,Allende,
-34.62285,-58.49607,La Esponja,Comida rápida,Segurola 1401,
-34.62225,-58.49528,La Galera,Comida rápida,Sanabria,
-34.59513,-58.50222,Maricel,Comida rápida,Avenida San Martín 6102,
-34.59571,-58.50077,Bar Alemán,Comida rápida,Avenida San Martín 5992,
-34.59614,-58.49960,La Grilla,Comida rápida,Avenida San Martín,
-34.59653,-58.49841,Don gomez,Comida rápida,Navarro,
-34.62157,-58.49824,All Boys Parrilla Restaurante,Comida rápida,Segurola 1596,
-34.61449,-58.48419,La Piu Bella,Comida rápida,Cuenca,
-34.59703,-58.49680,Bellagamba,Comida rápida,Avenida San Martín 5652,
-34.59737,-58.49095,Pizzería El Jagüel,Comida rápida,Avenida San Martín 5140,
-34.57699,-58.45769,Don Hugo,Comida rápida,Virrey Loreto,
-34.57381,-58.45516,Taco Box,Comida rápida,Capitán General Ramón Freire 1201,
-34.57087,-58.45620,El Rúbio,Talleres,Conesa,
-34.57136,-58.45688,Titola,Comida rápida,Zapiola 1499,
-34.57506,-58.46292,Axion,Estaciones de servicio,Avenida De Los Incas,
-34.82257,-58.38901,YPF,Estaciones de servicio,Uruguay,
-34.62451,-58.48374,Pirelli,Gomerías,Avenida Juan Bautista Justo,
-34.62614,-58.48814,Show del Pollo,Comida rápida,Avenida Juan Bautista Justo,
-34.62179,-58.48133,Parrilla,Comida rápida,Concordia,
-34.62138,-58.48185,"Centro de Lubricacion ""Lo de Guille""",Talleres,Concordia,
-34.62184,-58.48963,Fiat Servicio,Talleres,Avenida Chivilcoy,
-34.62431,-58.48670,Valentino,Comida rápida,Avenida Chivilcoy,
-34.62424,-58.48429,Lubricentro Rosario,Talleres,Avenida Juan Bautista Justo,
-34.62229,-58.48159,Formula 1,Talleres,Avenida Juan Bautista Justo,
-34.61082,-58.48930,Pronto Pollo,Comida rápida,Álvarez Jonte,
-34.61134,-58.48985,YPF,Estaciones de servicio,Álvarez Jonte 3386,
-34.57014,-58.47878,El Facon de Urquiza,Comida rápida,Monroe 4400,
-34.62086,-58.47997,Tigers,Gomerías,Avenida Juan Bautista Justo,
-34.57816,-58.47015,Servicio Carra,Talleres,Avenida Álvarez Thomas,
-34.57818,-58.47071,Lo de Charly,Comida rápida,Donado,
-34.57662,-58.47603,La Luciana,Comida rápida,Avenida Álvarez Thomas,
-34.57537,-58.47762,Startech,Talleres,Avenida Álvarez Thomas 2635,
-34.59793,-58.48352,Bonafide,Comida rápida,Nogoyá,
-34.57436,-58.47902,Rolcar,Talleres,Avenida Álvarez Thomas 2759,
-34.60969,-58.48741,Fiat Villa de Parque,Talleres,Álvarez Jonte,
-34.60700,-58.50687,El Gran Trebol,Comida rápida,Mercedes 3102,
-34.56438,-58.50372,E'arrivato,Comida rápida,Rogelio Yrurtia,
-34.57084,-58.50580,Simple,Comida rápida,Medeyros 3452,
-34.62608,-58.48917,Los Palenques,Comida rápida,Cacheuta,
-34.61136,-58.48703,Fratello's,Comida rápida,Cuenca,
-34.61658,-58.48294,Los Amigos,Comida rápida,General César Díaz,
-34.61864,-58.48129,A Raja Cincha,Comida rápida,Doctor Luis Beláustegui 3202,
-34.62312,-58.48174,Inka Si Señor,Comida rápida,Emilio Lamarca,
-34.56714,-58.47450,Ego's,Comida rápida,Estomba,
-34.57850,-58.47069,Pirelli,Gomerías,Donado,
-34.57810,-58.47254,Apolo XII,Talleres,Avenida Álvarez Thomas,
-34.57776,-58.47384,Cara Napoli,Comida rápida,Lugones 1700,
-34.57752,-58.47531,Urdigas GNC,Estaciones de servicio,Urdininea,
-34.57221,-58.48312,Fábrica de Pizzas,Comida rápida,Monroe 4827,
-34.57262,-58.48380,Sushi Pop,Comida rápida,Monroe 4871,
-34.50421,-58.49467,Hyundai Service T. Maipu,Talleres,Avenida Maipú,
-34.57584,-58.47784,SilenCarlos,Talleres,Avenida Álvarez Thomas 2624,
-34.55777,-58.44915,La Anita,Comida rápida,Juramento 1640,
-34.61938,-58.47708,Café Paris,Comida rápida,Argerich,
-34.50184,-58.49585,Hormiga Negra,Comida rápida,Avenida Maipú 3902,
-34.62121,-58.48025,Fabrica de Fundas,Talleres,Avenida Juan Bautista Justo 6099,
-34.62114,-58.48019,Ford,Talleres,Avenida Juan Bautista Justo,
-34.59299,-58.50682,Don Trapito,Comida rápida,Avenida San Martín,
-34.61153,-58.49676,En Familia,Comida rápida,San Nicolás,
-34.61294,-58.49933,Check Oil,Talleres,Arregui,
-34.61353,-58.50046,Talleres Rivon S.A.,Talleres,Arregui,
-34.60582,-58.50609,De Luca GNC,Talleres,Avenida Chivilcoy,
-34.61566,-58.48851,La Farolita,Comida rápida,Concordia,
-34.60988,-58.48823,Il Volo,Comida rápida,Cuenca 2202,
-34.58930,-58.49567,Don Enrique,Comida rápida,Avenida Salvador María del Carril,
-34.59020,-58.49709,Cremolatti,Comida rápida,Terrada,
-34.49647,-58.49814,Daytona,Gomerías,Avenida Santa Fe 2747,
-34.49586,-58.49828,AutoEquipe Michelin,Gomerías,Avenida Santa Fe 2677,
-34.49556,-58.49842,Neumen Pirelli,Gomerías,Avenida Santa Fe 2643,
-34.49544,-58.49850,Talleres maipú - Hyundai,Talleres,Avenida Santa Fe 2631,
-34.49483,-58.49843,La Esquina del Neumático,Gomerías,Avenida Santa Fe 2599,
-34.49472,-58.49848,El Puente,Talleres,Avenida Santa Fe,
-34.49432,-58.49849,La Farola de Martínez,Comida rápida,Avenida Santa Fe 2501,
-34.48657,-58.50268,Audi Service Norden,Talleres,Avenida Santa Fe,
-34.57670,-58.51056,Auto Check,Talleres,Ezeiza,
-34.57689,-58.50807,Molykote,Talleres,Avenida Albarellos,
-34.61185,-58.49069,Neumaticos,Gomerías,Álvarez Jonte,
-34.61227,-58.49122,GrupoBrabo,Talleres,Teodoro Vilardebo,
-34.61251,-58.49148,El Tokio,Comida rápida,Tokio,
-34.61321,-58.49247,Pizzeria,Comida rápida,Álvarez Jonte,
-34.54914,-58.45385,Galidón,Comida rápida,Avenida Guillermo Udaondo 1470,
-34.84762,-58.37689,La Estación la Curva,Talleres,Avenida Berlín,
-34.60245,-58.49466,La Union,Comida rápida,Cuenca,
-34.55534,-58.44576,Carmín,Comida rápida,Juramento 1301,
-34.55744,-58.44392,Bar La Esperanza,Comida rápida,Mariscal Antonio José de Sucre 1302,
-34.55022,-58.45786,L'aperó Bar,Comida rápida,Iberá 1800,
-34.55038,-58.45806,Pizzuela,Comida rápida,11 De Septiembre De 1888,
-34.55103,-58.45940,Taller Ibera,Talleres,Iberá,
-34.55324,-58.43914,Biblos,Comida rápida,Echeverría 802,
-34.61203,-58.49143,A Raja Cincha,Comida rápida,Teodoro Vilardebo,
-34.61208,-58.49151,Frenos Porta,Talleres,Álvarez Jonte,
-34.61320,-58.49302,Roncesvalles - Villa del Parque,Comida rápida,Emilio Lamarca 2101,
-34.56213,-58.47684,RC,Talleres,Doctor Rómulo Naón,
-34.56022,-58.46966,Yamaha,Insumos de motos,Manuel Ugarte,
-34.61454,-58.49630,GNC Jonte,Talleres,Álvarez Jonte,
-34.61457,-58.49637,Stop & Go III,Talleres,Álvarez Jonte,
-34.61731,-58.50140,Morita,Comida rápida,Sanabria,
-34.55748,-58.47208,Alilaro,Comida rápida,Capitán General Ramón Freire 3102,
-34.56091,-58.47034,Metro Car,Talleres,Manuel Ugarte,
-34.55857,-58.46604,Cerrajería Automotor,Talleres,Manuel Ugarte,
-34.60595,-58.47546,La Provenzana,Comida rápida,Álvarez Jonte,
-34.56188,-58.45368,Zurich,Comida rápida,Cuba 1999,
-34.57892,-58.47662,Catanzaro,Comida rápida,Avenida Combatientes de Malvinas,
-34.47340,-58.59719,El Nuevo San Vicente,Talleres,Avenida Hipólito Yrigoyen,
-34.47118,-58.59679,El Glotón,Comida rápida,Avenida Hipólito Yrigoyen,
-34.55357,-58.47956,Servicio Multimarca,Talleres,Jaramillo 3599,
-34.55046,-58.47363,La Buena Cocina,Comida rápida,Crámer 3702,
-34.58087,-58.47312,Gamba Motos,Talleres,Avenida de los Incas,
-34.58123,-58.46977,Ani Car,Talleres,Avenida Chorroarín,
-34.58264,-58.46979,Peugeot,Talleres,Avenida Chorroarín,
-34.54843,-58.46122,Taller Fattori,Talleres,Manuela Pedraza,
-34.54776,-58.45970,BesAres,Comida rápida,Manuela Pedraza 1699,
-34.54526,-58.46051,Dashi,Comida rápida,Arribeños,
-34.73403,-58.60246,Gulf,Estaciones de servicio,Hilario Ascasubi,
-34.73301,-58.60241,The Roxy,Comida rápida,Avenida Brigadier General Juan Manuel de Rosas,
-34.60726,-58.47812,Lubricentro Artigas,Talleres,Álvarez Jonte 2539,
-34.60793,-58.48038,YPF,Estaciones de servicio,Álvarez Jonte 2695,
-34.58400,-58.46938,Motor Nova,Talleres,Avenida Chorroarín,
-34.72277,-58.59717,Neumaticos y Lubricentro,Talleres,Avenida Brigadier General Juan Manuel de Rosas,
-34.54902,-58.46138,Hyundai,Talleres,Manuela Pedraza,
-34.54879,-58.46099,AP Automoviles,Talleres,Manuela Pedraza 1852,
-34.71798,-58.59836,GNC,Talleres,Carlos Casares,
-34.71611,-58.60095,Taranto,Talleres,Carlos Casares,
-34.58309,-58.37697,Gallego,Comida rápida,Ulla Ulla,
-34.54304,-58.49401,La Nueva Cocinita,Comida rápida,Francisco Narciso de Laprida 2865,
-34.54335,-58.49462,Empanadas Del Este,Comida rápida,Coronel Manuel Rosetti 302,
-34.46990,-58.59149,Lo' de Laio,Talleres,Avenida Nicolás Avellaneda,
-34.71571,-58.60143,Mechanica Lucas,Talleres,Carlos Casares,
-34.60753,-58.48428,Ceba Neumáticos del Parque,Talleres,Adolfo P. Carranza,
-34.60496,-58.48657,Las Brasas,Comida rápida,Avenida Nazca,
-34.60273,-58.48321,Don Domingo,Comida rápida,Santo Tomé,
-34.71000,-58.60906,Lava Autos Romar,Talleres,Carlos Casares,
-34.70899,-58.61015,Torneria Mecanica Carlos,Talleres,Carlos Casares,
-34.59084,-58.43313,El Timon,Comida rápida,Coronel Niceto Vega 4983,
-34.46649,-58.58437,El Viejo Pastor,Comida rápida,Chile,
-34.59617,-58.42252,Taller Serkis,Talleres,José Antonio Cabrera,
-34.54204,-58.46425,Besares,Comida rápida,Besares 1888,
-34.59627,-58.41811,Serra Lima,Talleres,José Antonio Cabrera,
-34.73344,-58.60354,Escapes Lolo,Talleres,Hilario Ascasubi,
-34.72811,-58.60104,Mayorista,Talleres,Avenida Brigadier General Juan Manuel de Rosas,
-34.58092,-58.46148,Talleres Salermo,Talleres,Charlone 1376,
-34.58153,-58.45748,Germann,Talleres,Avenida Forest,
-34.58230,-58.45697,Tu Neumatico,Gomerías,Céspedes,
-34.58517,-58.45422,Bonafide,Comida rápida,Avenida Federico Lacroze 4001,
-34.58691,-58.44998,Kansaco,Talleres,Av. Jorge Newbery 3898,
-34.58527,-58.45107,Granja Carolina,Comida rápida,Fraga,
-34.53131,-58.49920,Finn McCool,Comida rápida,General José de San Martín,
-34.59412,-58.43698,Cantina Los Amigos,Comida rápida,Loyola 701,
-34.55377,-58.48611,ST,Insumos de motos,Tronador 4002,
-34.70458,-58.61627,Shell,Estaciones de servicio,Avenida Carlos Casares,
-34.59336,-58.43297,El Cafi de Hugo,Comida rápida,Acevedo,
-34.59440,-58.42621,Taller Carlos,Talleres,José Antonio Cabrera,
-34.59509,-58.42540,Alé Alé,Comida rápida,Lavalleja,
-34.59694,-58.41805,Centro Automotores S.A.,Talleres,José Antonio Cabrera,
-34.59683,-58.41542,Rincón Norteño,Comida rápida,José Antonio Cabrera 3500,
-34.59847,-58.38806,La Esquina de Anibal Troilo,Comida rápida,Paraguay,
-34.52881,-58.49338,Santa Paula,Comida rápida,General José de San Martín,
-34.52704,-58.48982,Home,Comida rápida,General José de San Martín,
-34.59001,-58.38151,La Stampa,Comida rápida,Carlos Pellegrini,
-34.65765,-58.64423,La Esquina del Neumático,Gomerías,Avenida Estanislao Zeballos 2702,
-34.57776,-58.47720,Equi,Talleres,Avenida Combatientes de Malvinas,
-34.57814,-58.47682,Perrone Hermanos,Talleres,Avenida Combatientes de Malvinas 3589,
-34.57958,-58.47560,El Barrilito,Comida rápida,Avenida Combatientes de Malvinas 3401,
-34.58059,-58.47353,Rincón Incas,Comida rápida,Lugones,
-34.59656,-58.38119,Piacere,Comida rápida,Carlos Pellegrini 1001,
-34.59548,-58.38120,Havanna,Comida rápida,Avenida Santa Fe 998,
-34.58036,-58.39819,Audi Lounge,Comida rápida,Avenida Presidente Figueroa Alcorta 3001,
-34.57951,-58.39960,Helix Lubricacion,Talleres,Juez Estrada,
-34.51953,-58.48567,Tomazo,Comida rápida,Avenida Maipú 1899,
-34.51141,-58.49012,Gloire,Comida rápida,Avenida Maipú 2597,
-34.49882,-58.49668,Lo de Pepe Club,Comida rápida,Avenida Maipú,
-34.49799,-58.48942,Tilo,Comida rápida,Debenedetti 3702,
-34.49943,-58.48845,Market,Comida rápida,Doctor Guillermo Rawson,
-34.58420,-58.46977,Honda,Talleres,Avenida Chorroarín,
-34.58324,-58.46982,Carrera Neumáticos,Gomerías,Avenida Triunvirato 3402,
-34.58067,-58.45777,El Bodegón de Ácido,Comida rápida,Charlone 999,
-34.58107,-58.45744,La Esquina del Neumático,Gomerías,Avenida Forest,
-34.58120,-58.45729,El Gallego,Talleres,Avenida Forest,
-34.58448,-58.45430,Forest GNC,Estaciones de servicio,Avenida Forest,
-34.58639,-58.45255,Café del Ciclista,Comida rápida,Avenida Forest 455,
-34.48328,-58.50494,Sauma Motos,Insumos de motos,Avenida Santa Fe 1149,
-34.62024,-58.39007,La Pausa,Comida rápida,Solís,
-34.61745,-58.37961,Auto Sport,Talleres,Avenida Independencia,
-34.61580,-58.39142,Spiga,Comida rápida,Avenida Entre Ríos 612,
-34.43621,-58.56150,Shell,Estaciones de servicio,Avenida Presidente Teniente General Juan Domingo Perón 399,
-34.59937,-58.39245,McDonald's,Comida rápida,Avenida Córdoba,
-34.64994,-58.64838,Rocotto,Comida rápida,Gobernador Inocencio Arias,
-34.65020,-58.64693,La Casa de Maga,Comida rápida,Gobernador Inocencio Arias 2701,
-34.44266,-58.55165,Servicio Integral Especializado del Automóvil Alta Gama,Talleres,Avenida del Libertador,
-34.46336,-58.57773,San Jose,Talleres,Avenida Nicolás Avellaneda,
-34.43539,-58.56655,Costumbres Argentinas,Comida rápida,Colón 1382,
-34.43646,-58.56430,Mamazza,Comida rápida,3 de Febrero 301,
-34.46160,-58.57373,Chapa Pintura M y M,Talleres,Avenida Nicolás Avellaneda,
-34.46850,-58.58954,Don Marie,Comida rápida,Avenida Nicolás Avellaneda,
-34.46760,-58.58766,Chapay Pintura,Talleres,Avenida Nicolás Avellaneda,
-34.64995,-58.64990,Moli!,Comida rápida,Gobernador Inocencio Arias 2952,
-34.46540,-58.58304,Taller Virreyes,Talleres,Avenida Nicolás Avellaneda,
-34.58154,-58.42182,Burger King,Comida rápida,Avenida Santa Fe 4190,
-34.57839,-58.42523,McDonald's,Comida rápida,Avenida Santa Fe 4601,
-34.60500,-58.47316,Lubricentro,Talleres,Álvarez Jonte,
-34.60535,-58.47379,La Cafetería de D10S,Comida rápida,Álvarez Jonte,
-34.60552,-58.47406,El Monito,Comida rápida,Gavilán,
-34.65026,-58.64798,Caramel Brulée,Comida rápida,Gobernador Inocencio Arias,
-34.43673,-58.56556,Lubrikosmos,Talleres,General Lavalle,
-34.46265,-58.57721,Radiadores,Talleres,Avenida Nicolás Avellaneda,
-34.58314,-58.40637,McDonald's,Comida rápida,Avenida General Las Heras,
-34.46140,-58.57463,Frenos,Talleres,Avenida Nicolás Avellaneda,
-34.46127,-58.57347,Lubricentro Azcuenaga,Talleres,Avenida Nicolás Avellaneda 3790,
-34.78564,-58.62766,Shell,Estaciones de servicio,Enrique Simón Pérez 6200,
-34.60679,-58.48553,Shell,Estaciones de servicio,Avenida Nazca 2502,
-34.60558,-58.48659,Gomerias Jose,Gomerías,Avenida Nazca,
-34.58985,-58.39390,Corchio,Comida rápida,Junín,
-34.46137,-58.57344,Virreyes,Talleres,Azcuénaga,
-34.47551,-58.57466,Puma,Estaciones de servicio,Avenida Uruguay 5190,
-34.74071,-58.60672,Pinturerías,Talleres,Avenida Brigadier General Juan Manuel de Rosas,
-34.74974,-58.61261,Gomeria,Talleres,Avenida Brigadier General Juan Manuel de Rosas,
-34.58379,-58.41834,Hortaleza,Comida rápida,Avenida Santa Fe 3900,
-34.43777,-58.57118,Insunort,Comida rápida,Avenida Crisólogo Larralde,
-34.43826,-58.57213,Tres D,Talleres,Avenida Crisólogo Larralde,
-34.44121,-58.57561,Lo de mi Abuela,Comida rápida,Avenida Juan B. Justo,
-34.76664,-58.61861,Tren Delantero,Talleres,Avenida Brigadier General Juan Manuel de Rosas,
-34.77573,-58.62275,Automotores Ariel,Talleres,Avenida Brigadier General Juan Manuel de Rosas,
-34.44300,-58.57725,Parrilla El Argentino,Comida rápida,Avenida Juan B. Justo,
-34.44707,-58.56221,Gulf,Estaciones de servicio,Avenida Hipólito Yrigoyen 1993,
-34.64871,-58.64222,IKA,Comida rápida,Carlos Casares,
-34.73110,-58.61036,Gomeria,Talleres,Avenida Luro,
-34.64542,-58.64117,Ayerza,Comida rápida,Presidente Sarmiento 2399,
-34.46986,-58.51706,La Farola San Isidro,Comida rápida,Avenida Centenario 600,
-34.59558,-58.40302,Kentucky,Comida rápida,Charcas 2501,
-34.64585,-58.64108,Fenix,Comida rápida,Presidente Sarmiento,
-34.60103,-58.40437,El Ombú,Comida rápida,Avenida Pueyrredón,
-34.45160,-58.57286,Norte,Talleres,Avenida Hipólito Yrigoyen,
-34.45346,-58.57595,Puma,Estaciones de servicio,Avenida Hipólito Yrigoyen,
-34.46074,-58.57317,Gulf,Estaciones de servicio,Avenida Nicolás Avellaneda,
-34.45958,-58.56979,Alejandro,Talleres,Avenida Nicolás Avellaneda,
-34.45951,-58.56970,Acapulco,Insumos de motos,Avenida Nicolás Avellaneda,
-34.45894,-58.56857,El Coyote,Comida rápida,Avenida Nicolás Avellaneda,
-34.45876,-58.56813,El Nuevo Parador,Comida rápida,Avenida Nicolás Avellaneda,
-34.59513,-58.42909,Café Martínez,Comida rápida,Avenida Córdoba 4480,
-34.59400,-58.43112,Itati,Comida rápida,Avenida Córdoba,
-34.45833,-58.56731,HR Rectificadora,Talleres,Avenida Nicolás Avellaneda,
-34.45846,-58.56713,Taller Tulio,Talleres,Suipacha (5),
-34.45822,-58.56691,Shell,Estaciones de servicio,Suipacha (5) 3186,
-34.68098,-58.52053,Gomería,Gomerías,Avenida General San Martín,
-34.58856,-58.43907,Renault Minuto,Talleres,Avenida Córdoba,
-34.59877,-58.40425,Avant,Insumos de motos,Avenida Pueyrredón 980,
-34.67447,-58.52786,AMG Alineación,Talleres,Avenida General San Martín,
-34.46583,-58.50662,Mecanica Integral,Talleres,Del Barco Centenera,
-34.59616,-58.42631,YPF,Estaciones de servicio,Avenida Córdoba 4201,
-34.60009,-58.46650,YPF,Estaciones de servicio,Avenida Manuel Ricardo Trelles,
-34.46504,-58.50844,Home Deli,Comida rápida,Pedro de Mendoza 675,
-34.46473,-58.50848,La Anita,Comida rápida,Avenida Tiscornia,
-34.46440,-58.50826,La Pancha,Comida rápida,Avenida Tiscornia 891,
-34.46368,-58.50774,Acesid S.A,Talleres,Avenida Tiscornia,
-34.60422,-58.45850,Torino Norte,Comida rápida,Avenida Juan Bautista Justo 3995,
-34.64709,-58.62123,Sprtman,Comida rápida,Salta,
-34.45510,-58.53695,Gallo Neumáticos,Gomerías,Avenida Presidente Teniente General Juan Domingo Perón 3479,
-34.64515,-58.62859,La Esquina,Gomerías,Rojas 1700,
-34.59687,-58.45449,Central Warnes,Gomerías,Avenida Dorrego,
-34.46568,-58.52110,Pizza Daniel,Comida rápida,Avenida Centenario 1201,
-34.46907,-58.50967,Brods,Comida rápida,Avenida 25 de Mayo 312,
-34.46940,-58.50929,Andy's,Comida rápida,Avenida 25 de Mayo 272,
-34.64531,-58.62389,Que Pizza,Comida rápida,Leandro N. Alem 1099,
-34.64520,-58.62679,Riera Hermanos,Talleres,Leandro N. Alem,
-34.59953,-58.45296,Warnes Plaza,Talleres,Avenida Doctor Honorio Pueyrredón,
-34.60105,-58.45379,Neumatico,Gomerías,Avenida Juan Bautista Justo,
-34.60166,-58.45473,Lubricentro Ale,Talleres,Avenida Juan Bautista Justo,
-34.60208,-58.45531,Cachito Premium,Comida rápida,Doctor Nicolás Repetto 1902,
-34.45598,-58.53502,Togara Sushi,Comida rápida,Avenida Presidente Teniente General Juan Domingo Perón 3688,
-34.60047,-58.46714,La Flor del Trigo,Comida rápida,Avenida Manuel Ricardo Trelles,
-34.60578,-58.46069,Pizza Rica,Comida rápida,Avenida Juan Bautista Justo,
-34.60608,-58.46116,Goma Service,Gomerías,Avenida Juan Bautista Justo 4255,
-34.61350,-58.37384,Servicio Perú,Talleres,Venezuela,
-34.61366,-58.37600,Plato Delima,Comida rápida,Chacabuco,
-34.45451,-58.56616,Díaz,Talleres,Avenida Intendente Adolfo Arnoldi,
-34.45012,-58.56962,Puma Energy,Estaciones de servicio,Avenida Hipólito Yrigoyen 2779,
-34.65273,-58.62517,Morita,Comida rápida,General Juan José Valle,
-34.60296,-58.46578,McDonald's,Comida rápida,Avenida San Martín,
-34.60412,-58.46062,La Veneciana,Comida rápida,Avenida San Martín 2318,
-34.45958,-58.57085,Lubricentro Virreyes,Talleres,Avenida Nicolás Avellaneda,
-34.62574,-58.48828,Parrilla lo de Kuky,Comida rápida,Avenida Juan Bautista Justo,
-34.61631,-58.37623,Axion,Estaciones de servicio,Chile,
-34.61615,-58.37196,Lopecito,Comida rápida,Chile,
-34.65046,-58.61421,La Velet,Comida rápida,Intendente Abel Costa,
-34.47082,-58.51096,Los Pumas Cafe,Comida rápida,Martín y Omar,
-34.47108,-58.51151,Soffice,Comida rápida,Martín y Omar,
-34.47185,-58.51309,Sansa,Comida rápida,Cosme Beccar,
-34.47128,-58.51351,Extremas,Comida rápida,Cosme Beccar 107,
-34.71277,-58.52410,Los Portugueses,Comida rápida,General Pinedo 1900,
-34.45606,-58.56335,Hevia Motos,Insumos de motos,Avenida Intendente Adolfo Arnoldi 2901,
-34.45029,-58.56903,Escapes Carri,Talleres,Avenida Hipólito Yrigoyen 2752,
-34.61845,-58.37293,No Mames Wey,Comida rápida,Bolívar 896,
-34.69268,-58.52989,Ángel Cristales,Talleres,Avenida Intendente Esteban Crovara,
-34.46782,-58.55981,Shell,Estaciones de servicio,Patricias Argentinas 3543,
-34.46780,-58.55864,Taller Ermocida,Talleres,Avenida Uruguay 3522,
-34.44782,-58.60399,Escapes Corsa,Talleres,Alfredo Palacios,
-34.44776,-58.60382,Gomeria Navn,Talleres,Hipólito Vieytes 1,
-34.44505,-58.59784,Shell,Estaciones de servicio,Alfredo Palacios,
-34.49388,-58.55132,Deli Lomas,Comida rápida,Almirante Blanco Encalada,
-34.61844,-58.37274,La Brigada,Comida rápida,Estados Unidos 465,
-34.62345,-58.51249,La Fábrica,Comida rápida,Avenida Lope de Vega,
-34.44529,-58.57996,Lopetegui,Comida rápida,Colectora Ramal Oeste Acceso A Tigre,
-34.49046,-58.55701,McDonald's,Comida rápida,Almirante Blanco Encalada 564,
-34.46541,-58.58352,Sandox,Talleres,Paraná,
-34.63280,-58.49835,YPF,Estaciones de servicio,Avenida Canónigo Miguel del Corro,
-34.61888,-58.37002,Naturaleza Sabia,Comida rápida,Balcarce 958,
-34.63345,-58.49757,Corro Pizza,Comida rápida,Avenida Canónigo Miguel del Corro,
-34.44735,-58.60532,Valvoline,Talleres,Lisandro de la Torre,
-34.63844,-58.50462,Rosmi,Gomerías,Guardia Nacional,
-34.63872,-58.50645,Grupo Boxes,Talleres,Avenida Rivadavia,
-34.63900,-58.50802,IBV Neumaticos,Gomerías,Avenida Rivadavia,
-34.63959,-58.51189,Moto Roma,Insumos de motos,Avenida Rivadavia 10530,
-34.63953,-58.51482,Yamaha,Insumos de motos,Avenida Rivadavia,
-34.63940,-58.51495,Moto Roma,Insumos de motos,Avenida Rivadavia,
-34.44411,-58.59710,Neumáticos Tigre,Gomerías,Avenida Crisólogo Larralde,
-34.46960,-58.51477,La Cave à Vin,Comida rápida,Almirante Brown 184,
-34.62103,-58.52575,La Esquina de Matias,Comida rápida,Tinogasta 5799,
-34.61792,-58.52978,Kaucho's Gomeria,Talleres,Irigoyen,
-34.72807,-58.52872,Pizza El Establo,Comida rápida,Martín Miguel de Güemes,
-34.69876,-58.62407,Parrilla El Wey,Comida rápida,Avenida Carlos Casares,
-34.70104,-58.62090,Torneria Mecanica,Talleres,Avenida Carlos Casares,
-34.62154,-58.51547,Lo de Mario,Comida rápida,Avenida Lope de Vega,
-34.66026,-58.62702,Grupo GNC,Talleres,Avenida Hipólito Yrigoyen,
-34.66024,-58.62849,Parrilla Avenida,Comida rápida,Avenida Hipólito Yrigoyen,
-34.66029,-58.62906,Don Lucas,Comida rápida,Avenida Hipólito Yrigoyen,
-34.66020,-58.62952,Bojanich Competición,Gomerías,Avenida Hipólito Yrigoyen,
-34.66011,-58.62983,Neumaticos Coscolla,Gomerías,Avenida Hipólito Yrigoyen,
-34.65805,-58.62969,Buenos Aires Cars,Talleres,General Tomás Guido,
-34.64941,-58.61368,Renault Minuto,Talleres,Avenida Rivadavia,
-34.62939,-58.50512,HMR,Talleres,Avenida Lope de Vega,
-34.62998,-58.50432,La Oficina,Comida rápida,Avenida Lope de Vega 990,
-34.72857,-58.53431,Mondo Dolce,Comida rápida,La Gallineta,
-34.63163,-58.50205,Pastas Al Paso y Algo Más,Comida rápida,Avenida Lope de Vega,
-34.63236,-58.49964,Neumaticos Corro,Gomerías,Avenida Canónigo Miguel del Corro,
-34.69168,-58.62885,Neumaticos,Gomerías,Avenida Don Bosco,
-34.69284,-58.63004,Lubricentro David,Talleres,Avenida Don Bosco,
-34.69164,-58.63348,Ricantes Lubaradero,Talleres,Baradero,
-34.69094,-58.63443,Mecanica en Gral,Talleres,Santa Teresa 4199,
-34.63782,-58.50361,Bonafide,Comida rápida,Avenida Rivadavia 9901,
-34.63796,-58.50497,Morena,Comida rápida,Avenida Rivadavia,
-34.63863,-58.50861,Lemoncello,Comida rápida,Avenida Rivadavia,
-34.63863,-58.50898,Axion,Estaciones de servicio,Avenida Rivadavia,
-34.69051,-58.63671,El Rey Lubricantes,Talleres,Avenida Eva Perón,
-34.63904,-58.51333,QR Motors,Insumos de motos,Avenida Rivadavia,
-34.63893,-58.51528,Bosch Car Service,Talleres,Avenida Rivadavia,
-34.46798,-58.51217,San Jose,Comida rápida,Chacabuco,
-34.46961,-58.51004,Havanna,Comida rápida,Pasaje Capitán Aldo Roberto Garrido 397,
-34.64917,-58.61833,Pizzería Tokio,Comida rápida,Avenida Rivadavia,
-34.62890,-58.51612,Axion,Estaciones de servicio,Irigoyen,
-34.66705,-58.53051,Mundo Gourmet Sushi,Comida rápida,Avenida Brigadier General Juan Manuel de Rosas,
-34.72482,-58.52250,Granja Los NIctos,Comida rápida,José Mario Bevilaqua,
-34.66625,-58.52881,Ciudad Moto,Insumos de motos,Avenida Brigadier General Juan Manuel de Rosas,
-34.73167,-58.53364,Manjares,Comida rápida,Reinalda Balancini de Rodriguez,
-34.71811,-58.53081,El Sitio,Comida rápida,El Benteveo,
-34.60402,-58.38401,La Churrasquita,Comida rápida,Avenida Corrientes,
-34.60441,-58.38948,Banchero,Comida rápida,Avenida Corrientes,
-34.60441,-58.38959,El Palacio de la Papa Frita,Comida rápida,Avenida Corrientes 1612,
-34.41358,-58.58485,María Luján,Comida rápida,Paseo Victorica 509,
-34.71500,-58.54046,Pizza & Pizza,Comida rápida,El Cuervo,
-34.41540,-58.58136,Parrilla Tía Lita,Comida rápida,Paseo Victorica 134,
-34.41438,-58.58364,Brujas,Comida rápida,Paseo Victorica 380,
-34.41233,-58.58704,Surmenage,Comida rápida,Paseo Victorica,
-34.63928,-58.52434,La Farola Express,Comida rápida,Avenida Rivadavia,
-34.64968,-58.52399,Gulf,Estaciones de servicio,Tonelero,
-34.64996,-58.52389,El Rey del Pollo,Comida rápida,Tonelero,
-34.68563,-58.62156,Servicios de Electronica,Gomerías,Avenida Don Bosco,
-34.70682,-58.53796,La Provisión,Comida rápida,El Zorro,
-34.69825,-58.54306,Bugatti,Talleres,Avenida Diego Armando Maradona,
-34.66359,-58.52223,Alto Estación GNC,Estaciones de servicio,Avenida Brigadier General Juan Manuel de Rosas,
-34.66342,-58.52147,Pizza Max,Comida rápida,Avenida Brigadier General Juan Manuel de Rosas,
-34.47057,-58.51083,Milenio,Comida rápida,Acassuso,
-34.44920,-58.57699,Shell,Talleres,Acceso Norte Ramal Tigre,
-34.65109,-58.51397,El Pollo de Castro,Comida rápida,Avenida Emilio Castro,
-34.45542,-58.63995,Z & Eme,Comida rápida,Avenida de los Constituyentes,
-34.69360,-58.63144,Pizzeria,Comida rápida,Baradero,
-34.71497,-58.54232,Gomeria,Gomerías,Juan Domingo Perón,
-34.69331,-58.63194,Omar,Talleres,Baradero,
-34.64786,-58.50749,Rias Baixas,Talleres,Avenida Emilio Castro,
-34.45285,-58.64099,Micky,Talleres,Antártida Argentina,
-34.64431,-58.49955,El Bodegon Pizzero,Comida rápida,Avenida Emilio Castro 5301,
-34.47062,-58.51226,La Bicicleta,Comida rápida,Belgrano 201,
-34.47079,-58.51218,La Nonna,Comida rápida,Rivadavia,
-34.47002,-58.50848,The Crepe Factory,Comida rápida,Avenida 25 de Mayo,
-34.45324,-58.64573,Tufro Car,Talleres,Avenida de los Constituyentes,
-34.45339,-58.64725,Auto Audio,Talleres,Avenida de los Constituyentes,
-34.69296,-58.63693,Axion,Estaciones de servicio,Avenida Callao,
-34.69013,-58.63535,Jd Racing,Talleres,Baradero,
-34.70896,-58.50453,Axion,Estaciones de servicio,Los Nogales,
-34.68032,-58.52072,Neumaticos,Gomerías,Avenida General San Martín,
-34.69919,-58.50683,La Cigate,Comida rápida,Martín Altolaguirre,
-34.65025,-58.50070,YPF,Estaciones de servicio,Avenida Juan Bautista Alberdi,
-34.65318,-58.50369,Wendy's,Comida rápida,Oliden,
-34.67374,-58.52815,Pizza x Metro,Comida rápida,Avenida General San Martín 3988,
-34.65454,-58.50541,Havanna,Comida rápida,Martiniano Leguizamón,
-34.65597,-58.50720,Mi Gusto,Comida rápida,Avenida Juan Bautista Alberdi,
-34.66161,-58.50510,Pizza Al Toque,Comida rápida,Avenida Directorio,
-34.67339,-58.49991,Petruzi,Talleres,Avenida Eva Perón,
-34.67353,-58.50029,Autodas,Talleres,Saladillo,
-34.67384,-58.50091,Brothers,Comida rápida,Avenida Eva Perón,
-34.47022,-58.50830,Margarita,Comida rápida,Avenida 25 de Mayo 163,
-34.47065,-58.50797,Iolo,Comida rápida,Avenida 25 De Mayo 101,
-34.47149,-58.50735,Carlitos LNG,Comida rápida,Avenida 25 de Mayo,
-34.64373,-58.52088,421 Lubricantes,Talleres,Lisandro de la Torre,
-34.65299,-58.51716,Puma,Estaciones de servicio,Avenida Emilio Castro,
-34.65144,-58.51371,Jiannett,Comida rápida,Avenida Emilio Castro,
-34.65050,-58.51177,Bonafide,Comida rápida,Avenida Emilio Castro,
-34.64899,-58.50864,Cirene,Comida rápida,Oliden,
-34.64540,-58.50096,Los Martinez,Comida rápida,Corvalán 5500,
-34.64768,-58.49855,Neumaticos O. Alonso,Gomerías,Corvalán,
-34.64798,-58.49907,Neumatex Eliseo Muiño S.A.,Gomerías,Avenida Juan Bautista Alberdi,
-34.64944,-58.50046,Alquimia,Comida rápida,Avenida Juan Bautista Alberdi,
-34.66900,-58.53342,¡Hola Susana!,Comida rápida,Avenida General San Martín,
-34.66944,-58.53292,Julio Motorsport,Talleres,Avenida General San Martín,
-34.66865,-58.53335,Las Cañitas,Comida rápida,Avenida Brigadier General Juan Manuel De Rosas,
-34.47031,-58.51165,Burger King,Comida rápida,Belgrano 271,
-34.65024,-58.50133,Las Medialunas del Abuelo,Comida rápida,Avenida Juan Bautista Alberdi,
-34.65027,-58.50137,Pizzarica,Comida rápida,Avenida Juan Bautista Alberdi,
-34.65296,-58.50438,Verdi,Comida rápida,Avenida Juan Bautista Alberdi 6001,
-34.65351,-58.50500,El Cedrón,Comida rápida,Murguiondo,
-34.67274,-58.49989,Gomeria,Gomerías,Avenida Eva Perón,
-34.66762,-58.53095,Basile Cerrajería del Automotor,Talleres,Avenida Brigadier General Juan Manuel de Rosas,
-34.66736,-58.53039,El Encuentro,Comida rápida,Avenida Brigadier General Juan Manuel de Rosas,
-34.66711,-58.52969,La Reforma,Comida rápida,Avenida Brigadier General Juan Manuel de Rosas,
-34.59139,-58.51131,Pizzeria José,Comida rápida,Avenida San Martín 6915,
-34.59272,-58.50742,Bridgestone,Gomerías,Avenida San Martín,
-34.46429,-58.52073,Autoservico Olga,Talleres,Ibáñez,
-34.46182,-58.52657,La Elvira,Comida rápida,Avenida Centenario 1801,
-34.66586,-58.52640,DSM Service Injection Group,Talleres,Avenida Brigadier General Juan Manuel de Rosas 638,
-34.66512,-58.52489,La Gomería de Pablo,Gomerías,Avenida Brigadier General Juan Manuel de Rosas,
-34.46186,-58.52663,Barlovento,Comida rápida,Gervasio Posadas,
-34.46559,-58.53419,R&C,Talleres,Gervasio Posadas,
-34.66184,-58.52548,Servicio de Lunch,Comida rápida,Cavia,
-34.54757,-58.46984,Neumen,Talleres,Avenida Cabildo 3902,
-34.45863,-58.53938,Las Leñas,Comida rápida,Avenida Uruguay,
-34.62544,-58.45732,La Vicca,Comida rápida,Yerbal,
-34.61016,-58.41111,McDonald's,Comida rápida,Avenida Rivadavia,
-34.45506,-58.64078,Taller Lino,Talleres,Avenida de los Constituyentes,
-34.48252,-58.60988,El Cagario,Comida rápida,Avenida Ángel Torcuato de Alvear,
-34.48444,-58.61347,Neumáticos Torcuato,Gomerías,Avenida Ángel Torcuato de Alvear,
-34.70025,-58.56599,YPF Gas,Estaciones de servicio,Coronel Terrada,
-34.70019,-58.57853,Automotores Prestigie,Talleres,Don Segundo Sombra,
-34.70008,-58.57856,El Galpon,Gomerías,Avenida Brigadier General Juan Manuel de Rosas,
-34.69957,-58.57798,Fren-Kar,Talleres,La Porteña,
-34.69967,-58.57801,Fren-Kar,Talleres,Avenida Brigadier General Juan Manuel De Rosas,
-34.69921,-58.57771,Suspension Mario,Talleres,La Porteña,
-34.69900,-58.57749,Neumaicos Taller,Talleres,De los Incas,
-34.68699,-58.59056,Despensa,Comida rápida,Colonia,
-34.67036,-58.60490,Gulf,Estaciones de servicio,Pedro León Gallo,
-34.49263,-58.54749,Calzetta Neumaticos,Gomerías,Avenida Márquez,
-34.49397,-58.54618,La Cirila Grill,Comida rápida,Avenida Diego Carman,
-34.49557,-58.54521,Chuly,Comida rápida,Avenida Diego Carman 507,
-34.66210,-58.59571,Neumaticos Maxi,Talleres,Avenida Don Bosco,
-34.66060,-58.59401,Siroppo,Comida rápida,Rivera Indarte,
-34.65970,-58.59298,Shell,Estaciones de servicio,Avenida Don Bosco 2580,
-34.65897,-58.59207,Repuestos Para Motos,Talleres,Avenida Don Bosco,
-34.65869,-58.59174,Jhoe Pizzeria,Comida rápida,Avenida Don Bosco,
-34.65840,-58.59155,Abra Pampa,Comida rápida,Juan Florio,
-34.65723,-58.59025,Strauss,Comida rápida,Avenida Don Bosco,
-34.65529,-58.58818,Si Respuestos,Talleres,Avenida Don Bosco,
-34.65373,-58.58647,Don Bosco,Insumos de motos,Avenida Don Bosco,
-34.64980,-58.58113,Lubricentro Taller Mecanico,Talleres,Constitución,
-34.49229,-58.54774,Pizza M,Comida rápida,Avenida Márquez,
-34.49227,-58.54765,El Noble,Comida rápida,Avenida Márquez,
-34.49764,-58.54553,Starbucks,Comida rápida,Avenida Fondo de la Legua,
-34.70037,-58.56091,La Mía Pizza,Comida rápida,Centenera,
-34.69317,-58.57065,Motos,Talleres,Anchoris,
-34.61393,-58.42717,Burger King,Comida rápida,Avenida Rivadavia 4361,
-34.61532,-58.43036,Burger King,Comida rápida,Avenida Rivadavia 4609,
-34.47970,-58.57047,Chino Central,Comida rápida,Almirante Blanco Encalada 2096,
-34.42279,-58.58045,No'C,Comida rápida,Avenida Daniel M. Cazón 1599,
-34.67212,-58.53896,La Lonja,Comida rápida,Avenida Brigadier General Juan Manuel de Rosas,
-34.64886,-58.57900,Minimercado,Comida rápida,Avenida Don Bosco,
-34.42337,-58.57952,Panchos Gourmet,Comida rápida,Avenida Daniel M. Cazón,
-34.42354,-58.57926,Pizza Libre,Comida rápida,Avenida Daniel M. Cazón 1499,
-34.42359,-58.57919,Lo de Bissio,Comida rápida,Avenida Daniel M. Cazón,
-34.64374,-58.58302,Cristaleria del Automotor,Talleres,Avenida Rivadavia,
-34.64361,-58.58150,Bosch Car Service,Talleres,Avenida Rivadavia,
-34.64339,-58.58067,Ariola Rep Car,Talleres,Avenida Rivadavia,
-34.64314,-58.57908,Yamaha,Insumos de motos,Lamadrid 1,
-34.64310,-58.57881,Motoswift,Insumos de motos,Avenida Rivadavia 15002,
-34.64265,-58.57634,Neumáticos Rosmi,Gomerías,Avenida Rivadavia,
-34.64268,-58.57520,Taraborrelli,Talleres,Avenida Rivadavia,
-34.64220,-58.57329,Autocentro MK,Gomerías,Urquiza,
-34.42730,-58.57443,YPF,Estaciones de servicio,Avenida Daniel M. Cazón 997,
-34.67552,-58.54493,La Esquina de Mingo,Comida rápida,Avenida Brigadier General Juan Manuel de Rosas,
-34.66046,-58.52971,Tecnomecánica TM,Talleres,Liniers 701,
-34.60859,-58.43857,La Farola,Comida rápida,Juan Bautista Ambrosetti,
-34.48370,-58.61120,LoDJuan,Talleres,Av. A. T. de Alvear (ex 202) 3377,
-34.60862,-58.43985,Mi Parrilla,Comida rápida,Avenida Díaz Vélez 5185,
-34.60801,-58.44260,Capitán Parrilla,Comida rápida,Avenida Díaz Vélez,
-34.60786,-58.44360,La Fábrica Del Taco,Comida rápida,Avenida Díaz Vélez 5499,
-34.46053,-58.62945,Troilo,Comida rápida,Avenida Boulogne sur Mer,
-34.60634,-58.44139,Los Chanchitos 2,Comida rápida,Avenida Ángel Gallardo 800,
-34.45497,-58.63258,Kalúa Pizza Bar,Comida rápida,General José María Paz,
-34.45465,-58.63305,Restaurante La Tortuga,Comida rápida,Salta,
-34.45422,-58.63356,Castrol Lubrcentro,Talleres,Salta,
-34.70453,-58.57566,Lubri Sport,Talleres,José Ignacio Rucci,
-34.66786,-58.53237,Pizzería de Jose,Comida rápida,Avenida Brigadier General Juan Manuel de Rosas,
-34.60498,-58.43872,Lubricity,Talleres,Avenida Ángel Gallardo,
-34.42958,-58.57173,Mi Gusto,Comida rápida,Avenida Daniel M. Cazón 699,
-34.43032,-58.57085,Puma,Estaciones de servicio,Avenida Daniel M. Cazón 585,
-34.43140,-58.56970,Moto Delta,Insumos de motos,Avenida Daniel M. Cazón 401,
-34.43153,-58.56946,Moto Delta,Insumos de motos,Avenida Daniel M. Cazón 399,
-34.45514,-58.63524,La Cochila,Comida rápida,Santiago del Estero,
-34.45937,-58.63582,Autok,Talleres,Avenida de los Constituyentes,
-34.45927,-58.63600,Zanella,Insumos de motos,Avenida de los Constituyentes,
-34.45875,-58.63662,Mi Gusto,Comida rápida,Avenida De Los Constituyentes,
-34.46456,-58.62689,Cafe Rasar,Comida rápida,Avenida Boulogne sur Mer,
-34.44681,-58.54604,Bridgestone,Gomerías,Avenida del Libertador 2251,
-34.44768,-58.54021,Sr Taco,Comida rápida,Avenida del Libertador 2741,
-34.45059,-58.53228,Gomeria Miguel,Gomerías,Avenida del Libertador 3267,
-34.45283,-58.52711,Levure,Comida rápida,Avenida del Libertador,
-34.45349,-58.52643,Rincón Salteno,Comida rápida,Avenida del Libertador,
-34.66681,-58.60149,MaxiLen,Talleres,Avenida Don Bosco,
-34.66490,-58.59954,Honda,Insumos de motos,Avenida Don Bosco,
-34.66317,-58.59752,San Jorge,Talleres,Domingo French,
-34.66298,-58.59731,Lucas Racing,Insumos de motos,Domingo French,
-34.66213,-58.59643,Axion,Estaciones de servicio,Avenida Don Bosco,
-34.66030,-58.59430,Lubricentro,Talleres,Avenida Don Bosco,
-34.65957,-58.59346,Neumaticos Don Bosco,Talleres,Don Bosco,
-34.65821,-58.59195,Taller Gomeria,Talleres,Don Bosco,
-34.67577,-58.54453,La Cueva de Americo,Comida rápida,Avenida Brigadier General Juan Manuel de Rosas,
-34.65505,-58.58831,Parribon,Comida rápida,Don Bosco,
-34.65441,-58.58763,Escapes Don Bosco,Talleres,Don Bosco,
-34.65428,-58.58744,Mobland,Comida rápida,Don Bosco,
-34.65366,-58.58681,Don Jamón,Comida rápida,Don Bosco,
-34.65220,-58.58527,Mauricio Autoradio,Talleres,Avenida Don Bosco 847,
-34.65135,-58.58425,Ruggeri,Insumos de motos,José Murias (hijo),
-34.42440,-58.57484,Yamaha,Insumos de motos,Pedro Guareschi,
-34.42354,-58.57411,Delicious,Comida rápida,Pedro Guareschi,
-34.60680,-58.44446,Ferreiro,Comida rápida,Avenida Ángel Gallardo,
-34.60805,-58.44481,Antonino,Comida rápida,Avenida Díaz Vélez 5600,
-34.67281,-58.60818,Shell,Estaciones de servicio,Intendente Agüero,
-34.69917,-58.54192,Shell,Estaciones de servicio,Godoy Cruz,
-34.42640,-58.57137,El Pancho Loco,Comida rápida,Luis José Pereyra,
-34.42268,-58.57893,San Cayetano,Comida rápida,Montes de Oca 409,
-34.67968,-58.53128,La Solución,Comida rápida,Gibraltar,
-34.41931,-58.57307,Delicious,Comida rápida,Sarmiento,
-34.41888,-58.57285,Los Isleños,Comida rápida,Sarmiento 21,
-34.62900,-58.43884,YPF,Estaciones de servicio,Avenida Directorio,
-34.62868,-58.43729,El Punto,Comida rápida,Avenida Directorio,
-34.62827,-58.43446,Pastas Artesanales Casa Vázquez,Comida rápida,Avenida Directorio 538,
-34.62824,-58.43398,Simeone's,Comida rápida,Avenida Directorio 502,
-34.62438,-58.40490,McDonald's,Comida rápida,Avenida San Juan,
-34.60895,-58.43904,Neum'aticos Caballito,Gomerías,Avenida Díaz Vélez,
-34.60893,-58.43062,Mundo Argentino,Comida rápida,Avenida Díaz Vélez,
-34.60904,-58.42873,Helix Lubricación,Talleres,Avenida Díaz Vélez,
-34.49738,-58.55581,Axion,Estaciones de servicio,Avenida Avelino Rolón 603,
-34.45345,-58.63404,Almacén,Comida rápida,José Manuel Estrada,
-34.40977,-58.60427,Marce y Toné,Talleres,Tuyutí,
-34.44951,-58.53369,Kumiko,Comida rápida,Avenida del Libertador,
-34.41364,-58.60314,Sup. Sandwich,Comida rápida,Martín Coronado,
-34.41782,-58.59666,El Raviolito,Comida rápida,Avenida Santa María de las Conchas,
-34.68779,-58.49577,Taller Neumaticos Cristian,Gomerías,Avenida Vélez Sarsfield,
-34.45236,-58.55595,Roly's,Comida rápida,Avenida Nicolás Avellaneda,
-34.64207,-58.57242,Burger King,Comida rápida,Avenida Rivadavia,
-34.64172,-58.56962,McDonald's,Comida rápida,Avenida Rivadavia,
-34.64129,-58.56747,Tinto y Carbón,Comida rápida,Avenida Rivadavia 14208,
-34.45355,-58.55848,Ital-Frenos,Talleres,Avenida Nicolás Avellaneda,
-34.41292,-58.60045,Lucy 2,Comida rápida,Segurola,
-34.44899,-58.55910,Punto di Pizza,Comida rápida,Avenida Sobremonte,
-34.69586,-58.50413,Grupo LD,Talleres,Avenida Vélez Sarsfield,
-34.68907,-58.49646,CAB Neumaticos,Gomerías,Avenida Vélez Sarsfield,
-34.45375,-58.55766,Servi-Car,Talleres,Avenida Nicolás Avellaneda,
-34.64014,-58.55440,Fara,Comida rápida,Avenida Rivadavia 13302,
-34.64024,-58.55141,Peugeot,Talleres,Avenida Rivadavia 13126,
-34.47958,-58.62306,Gomería Lubricentro La torre,Gomerías,Avenida Boulogne Sur Mer,
-34.47888,-58.62337,Farid,Talleres,Avenida Boulogne Sur Mer,
-34.45445,-58.55918,D.C,Talleres,Avenida Nicolás Avellaneda,
-34.44226,-58.55499,Sandwicherias De La Esquina,Comida rápida,Ayacucho,
-34.44236,-58.55513,La farolita,Comida rápida,Constitución 1297,
-34.63096,-58.43822,Tecni Motos Mecanica,Talleres,Del Barco Centenera,
-34.63289,-58.44828,elPodio Gelato Bar,Comida rápida,Baldomero Fernández Moreno,
-34.61826,-58.39939,Neumáticos Independencia,Gomerías,Avenida Independencia,
-34.61860,-58.40388,YPF,Estaciones de servicio,Avenida Independencia 2701,
-34.44280,-58.55267,Neumaticos San Fernando,Gomerías,Avenida Presidente Teniente General Juan Domingo Perón,
-34.66427,-58.50261,Restaurant Parrilla de los Corrales,Comida rápida,Cosquín,
-34.66315,-58.50635,Delphi,Talleres,Avenida Directorio,
-34.66591,-58.50959,El Torito,Gomerías,Avenida Directorio,
-34.43826,-58.58142,Pizzeria Los Amigos,Comida rápida,Mendoza,
-34.66671,-58.50488,Uriel,Comida rápida,Guaminí,
-34.66426,-58.50183,Che Nonino,Comida rápida,Avenida de los Corrales,
-34.66211,-58.51702,YPF,Estaciones de servicio,Avenida General Paz,
-34.65918,-58.51296,Mil Sabores,Comida rápida,Avenida Juan Bautista Alberdi,
-34.47841,-58.62862,Benito y Mirtha,Comida rápida,Avenida General Manuel Belgrano,
-34.42597,-58.57689,Martin,Comida rápida,Avenida Daniel M. Cazón,
-34.64026,-58.53696,YPF,Estaciones de servicio,137 - Avenida Rivadavia,
-34.65749,-58.49943,Fric-Rot,Talleres,Avenida Directorio,
-34.63986,-58.53437,Duo Parabrisas,Talleres,137 - Avenida Rivadavia,
-34.64787,-58.48787,Chevrolet Repuestos Accesorios,Talleres,Avenida Directorio,
-34.64770,-58.48792,Garage Don Vicente,Talleres,Avenida Directorio,
-34.65124,-58.48217,YPF,Estaciones de servicio,Avenida Olivera 1136,
-34.65592,-58.47953,Pollos a la Brasa,Comida rápida,Primera Junta,
-34.42793,-58.57434,Glass Center,Talleres,Avenida Daniel M. Cazón,
-34.66060,-58.51466,Neumáticos Poly,Gomerías,Avenida Juan Bautista Alberdi,
-34.66034,-58.51418,Centro de Conversion,Talleres,Avenida Juan Bautista Alberdi,
-34.65962,-58.51299,Ugarte,Gomerías,Guaminí,
-34.65929,-58.51234,Caresa,Talleres,Avenida Juan Bautista Alberdi,
-34.65871,-58.51139,Cheiro,Comida rápida,Andalgalá,
-34.62100,-58.41974,Renault Minuto,Talleres,Avenida Independencia,
-34.62112,-58.42063,Neumaticos Balanceo Electronico,Gomerías,Avenida Independencia,
-34.62111,-58.42132,GNC,Estaciones de servicio,Avenida Independencia,
-34.65737,-58.49854,El Redoulon,Comida rápida,Avenida Directorio,
-34.65547,-58.49628,Shell,Estaciones de servicio,Avenida Directorio 5698,
-34.65542,-58.49597,Caxambú,Comida rápida,Avenida Directorio,
-34.65450,-58.49496,Saracho Neumaticos,Gomerías,Avenida Directorio,
-34.65410,-58.49451,Taller Impacto,Talleres,Avenida Directorio,
-34.65351,-58.49387,Puerto Matadero,Comida rápida,Miralla,
-34.62125,-58.42253,Centro Integral del Automóvil,Talleres,Avenida Independencia,
-34.62146,-58.42468,Restó Parrilla Los Salteños,Comida rápida,Avenida Independencia,
-34.62182,-58.42810,Axion,Estaciones de servicio,Avenida Juan Bautista Alberdi 1,
-34.64971,-58.48934,Gallego,Comida rápida,Escalada,
-34.64804,-58.48738,Turbo Lubricantes,Talleres,La Cordillera,
-34.64849,-58.48421,El Bodegon Olivera,Comida rápida,Remedios,
-34.64892,-58.48405,Lubricentro,Talleres,Avenida Olivera,
-34.42950,-58.57239,Parrilla lo de Guillo,Comida rápida,Avenida Daniel M. Cazón,
-34.43118,-58.57048,Avanti,Comida rápida,Avenida Daniel M. Cazón 500,
-34.65746,-58.49547,Parrilla Al Carbon,Comida rápida,Avenida Remedios,
-34.66557,-58.49094,YPF,Estaciones de servicio,Murguiondo,
-34.43193,-58.56978,Kymco,Insumos de motos,Avenida Daniel M. Cazón,
-34.66392,-58.49011,Coscolla,Gomerías,Avenida Eva Perón,
-34.66085,-58.48392,Don Miguel,Comida rápida,Avenida Eva Perón,
-34.42012,-58.59379,Mi Pan,Comida rápida,Avenida Santa María de las Conchas,
-34.65799,-58.47938,Marcos,Comida rápida,Avenida Eva Perón,
-34.65743,-58.47862,YPF,Estaciones de servicio,Avenida Eva Perón,
-34.42192,-58.59187,Los Amigos,Talleres,Avenida Santa María de las Conchas,
-34.65375,-58.47458,Cafe Muiño,Comida rápida,Avenida Eva Perón,
-34.64675,-58.61860,Kacho's Bar,Comida rápida,Independencia,
-34.65001,-58.47055,El Palacio del Pollo,Comida rápida,Avenida Eva Perón,
-34.64988,-58.47030,Frenos de Aire,Talleres,Avenida Eva Perón,
-34.64876,-58.46935,Bugatti Taller Central,Talleres,Avenida Eva Perón,
-34.67614,-58.50506,La Onda Verde,Comida rápida,Benito Álvarez 1,
-34.64479,-58.46530,Wan Der Laan,Talleres,Avenida Eva Perón,
-34.61031,-58.40504,FH,Comida rápida,Avenida Rivadavia,
-34.66021,-58.61898,Barbosa Automotores,Talleres,Avenida Hipólito Yrigoyen,
-34.66020,-58.62016,YPF,Estaciones de servicio,Avenida Hipólito Yrigoyen,
-34.66022,-58.62048,Lubricentro,Talleres,Avenida Hipólito Yrigoyen,
-34.66023,-58.62133,La Masa,Comida rápida,Avenida Hipólito Yrigoyen 899,
-34.63095,-58.46972,Pizza & Birra,Comida rápida,Avenida San Pedrito,
-34.63097,-58.46980,Burger King,Comida rápida,Avenida Rivadavia,
-34.44279,-58.59242,Full Car,Talleres,Luis Pasteur,
-34.63221,-58.47372,Restaurant Koreano,Comida rápida,Avenida Rivadavia,
-34.63230,-58.47434,Saxon,Comida rápida,Pergamino,
-34.42625,-58.59070,La Cocina de Daksha,Comida rápida,Avenida Santiago de Liniers 1756,
-34.41475,-58.58733,Tiempo Libre,Comida rápida,Maipú 232,
-34.68306,-58.51521,Arancio,Comida rápida,Avenida Intendente Esteban Crovara,
-34.68603,-58.51955,Neumaticos Monaco,Talleres,Avenida Intendente Esteban Crovara,
-34.61647,-58.44038,El Caprichoso de la Pizza,Comida rápida,Parral,
-34.68767,-58.52195,Dapsa,Estaciones de servicio,Avenida Intendente Esteban Crovara,
-34.69048,-58.52601,Crovara Gas,Estaciones de servicio,Avenida Intendente Esteban Crovara,
-34.69210,-58.52836,HMH Servicio Mecanico,Talleres,Avenida Intendente Esteban Crovara,
-34.61917,-58.43576,Impala del Parque,Comida rápida,Avenida José María Moreno 100,
-34.67776,-58.50814,Santa Teresita,Comida rápida,Avenida Intendente Esteban Crovara,
-34.59828,-58.40783,Renault Minuto,Talleres,Avenida Córdoba,
-34.59856,-58.40894,Avant,Insumos de motos,Avenida Córdoba 2940,
-34.59841,-58.41122,Neumen,Gomerías,Avenida Córdoba,
-34.68219,-58.55455,Queen,Comida rápida,Avenida Brigadier General Juan Manuel de Rosas,
-34.68153,-58.55375,Neumen,Gomerías,Avenida Brigadier General Juan Manuel de Rosas 3445,
-34.59822,-58.41418,La esquina del Neumático,Gomerías,Avenida Córdoba 3370,
-34.59819,-58.41548,Casa Pesqueira,Talleres,Avenida Córdoba,
-34.59811,-58.41858,Rosmi,Gomerías,Avenida Córdoba,
-34.64649,-58.62396,Ambito Resto Bar,Comida rápida,General Machado 1100,
-34.61942,-58.47912,Osvaldo Antelo,Talleres,Helguera 1150,
-34.61557,-58.42983,San Carlos,Comida rápida,Avenida Rivadavia 4548,
-34.68598,-58.54526,Parrilla Don Vicente,Comida rápida,Peribebuy,
-34.68722,-58.54932,M y O,Talleres,Doctor Ignacio Arieta,
-34.59805,-58.41945,Helix,Talleres,Avenida Córdoba,
-34.59797,-58.42036,Neumáticos Medrano 1000,Gomerías,Avenida Medrano 1000,
-34.59793,-58.42169,Parrilla & Pastas Libre,Comida rápida,Avenida Córdoba,
-34.59886,-58.42860,Bodegón Almagro,Comida rápida,Avenida Estado de Israel 4488,
-34.60235,-58.43223,La Continental,Comida rápida,Avenida Ángel Gallardo 12,
-34.60213,-58.43257,El Trébol,Comida rápida,Avenida Ángel Gallardo 3,
-34.59834,-58.42833,Yokohama,Gomerías,Avenida Estado de Israel,
-34.59757,-58.42575,LoJack,Talleres,Avenida Estado de Israel,
-34.59767,-58.41693,Pisco & Nazca,Comida rápida,Avenida Córdoba 3579,
-34.43368,-58.56789,Lider Moto,Insumos de motos,Avenida Daniel M. Cazón 136,
-34.43456,-58.56715,La Barata Pizza Buddy's,Comida rápida,Almirante Brown,
-34.68303,-58.55434,Bigmuzza,Comida rápida,Doctor Ignacio Arieta,
-34.42450,-58.57461,Plaza Café,Comida rápida,Pedro Guareschi,
-34.68393,-58.51729,Petrobras,Estaciones de servicio,Avenida General San Martín,
-34.68674,-58.54955,La Eskina Bar,Comida rápida,Doctor Ignacio Arieta,
-34.68807,-58.52317,Chicago Neumaticos,Gomerías,Avenida Intendente Esteban Crovara,
-34.42239,-58.57867,Zi Teresa,Comida rápida,Avenida Italia 1579,
-34.41879,-58.57835,Vivanco,Comida rápida,General Bartolomé Mitre 74,
-34.41863,-58.57224,La Ranchera,Comida rápida,Los Ceibos,
-34.65308,-58.61844,Prego,Comida rápida,9 de Julio,
-34.66022,-58.61851,Suspension Moron,Talleres,9 de Julio,
-34.66068,-58.61926,Parrilla Restaurant,Comida rápida,Avenida Hipólito Yrigoyen,
-34.65374,-58.62142,Merengue Panadería y Confitería,Comida rápida,General Belgrano,
-34.62529,-58.41641,Esquina Homero Manzi,Comida rápida,Avenida San Juan 3601,
-34.64979,-58.62121,McDonald's,Comida rápida,General Belgrano,
-34.61580,-58.44177,Top Quality,Comida rápida,Neuquén,
-34.64936,-58.62383,Hamburguesas y Panchos,Comida rápida,Avenida Rivadavia,
-34.62401,-58.40604,YPF,Estaciones de servicio,Avenida San Juan 2901,
-34.61929,-58.45181,Caballito Norte Café,Comida rápida,Avenida Avellaneda,
-34.61861,-58.45021,Caballito Norte Café,Comida rápida,Fragata Presidente Sarmiento,
-34.61781,-58.44824,Corsini,Comida rápida,Avenida Avellaneda 1151,
-34.61726,-58.44579,Lorca,Comida rápida,Avellaneda 1051,
-34.61618,-58.44311,Parrilla Carnicería,Comida rápida,Avellaneda,
-34.61582,-58.44209,YPF,Estaciones de servicio,Colpayo 406,
-34.62240,-58.39058,Goodyear,Talleres,Avenida San Juan,
-34.62903,-58.43967,Pizzaonda,Comida rápida,Avenida Eva Perón,
-34.62111,-58.41524,Ruedas Liberal,Gomerías,Avenida Independencia 3502,
-34.42844,-58.59195,La Pora,Comida rápida,Avenida Santiago de Liniers,
-34.42830,-58.59188,La Cocina de Trollo,Comida rápida,Avenida Santiago de Liniers,
-34.63354,-58.62870,GNC Morón,Estaciones de servicio,Boulevard Brigadier General Juan Manuel de Rosas,
-34.66602,-58.49145,Bridgestone,Gomerías,Avenida Eva Perón,
-34.66595,-58.49129,Neumaticos Ferreira,Gomerías,Avenida Eva Perón,
-34.66433,-58.48965,Coscolla,Gomerías,Avenida Eva Perón,
-34.66333,-58.48808,Mataberos,Talleres,Avenida Eva Perón,
-34.66181,-58.48448,Los Amigos,Comida rápida,Avenida Eva Perón,
-34.66022,-58.48196,Neumaticos Open Door,Gomerías,Avenida Eva Perón,
-34.64795,-58.45736,Automotores,Talleres,Avenida Lafuente 1551,
-34.65008,-58.45974,Mazzeo,Talleres,Eustaquio Cambieses,
-34.65586,-58.54856,Il Carlo,Comida rápida,Avenida General San Martín,
-34.65510,-58.54959,YPF,Estaciones de servicio,Avenida General San Martín,
-34.68224,-58.55601,Burger King,Comida rápida,Doctor Ignacio Arieta 3545,
-34.64471,-58.46393,MS,Talleres,Avenida Eva Perón,
-34.64444,-58.46347,Fábrica de Pizzas,Comida rápida,Avenida Eva Perón,
-34.64417,-58.46297,Neumaticos Flores,Gomerías,Avenida Eva Perón,
-34.67584,-58.55779,Mal Bicho,Comida rápida,Hipólito Yrigoyen,
-34.67370,-58.56078,Neumaticos Kennedy,Talleres,Avenida Presidente Juan Domingo Perón,
-34.63559,-58.46691,Neumaticos La Casona,Gomerías,Avenida Directorio,
-34.63384,-58.46791,Bolivia Gourmet,Comida rápida,Avenida San Pedrito,
-34.63040,-58.46950,Clapton,Comida rápida,Avenida Nazca 7,
-34.63088,-58.47108,My Bolivia,Comida rápida,Avenida Rivadavia,
-34.62578,-58.43082,Itamae,Comida rápida,Avenida Pedro Goyena,
-34.62556,-58.42971,Lubricantes,Talleres,Avenida Pedro Goyena,
-34.63096,-58.47142,Cristal del Valle,Comida rápida,Avenida Rivadavia 7501,
-34.63187,-58.47482,Rico Perú,Comida rápida,Campana,
-34.63232,-58.47671,Lamarca,Comida rápida,Emilio Lamarca 8001,
-34.63267,-58.47813,YPF,Estaciones de servicio,San Nicolás,
-34.61935,-58.37107,Don Ernesto,Comida rápida,Carlos Calvo 375,
-34.62207,-58.37349,Dobar Tek,Comida rápida,Avenida San Juan 548,
-34.65365,-58.53529,La Metronapolitana,Comida rápida,Avenida Eva Perón,
-34.67964,-58.56808,Peugeot,Talleres,Doctor Arturo Illia,
-34.65987,-58.54355,San Cayetano,Estaciones de servicio,Avenida General San Martín,
-34.61562,-58.41817,Repro,Talleres,Avenida Belgrano,
-34.61548,-58.41773,Restaurant Chino,Comida rápida,Avenida Belgrano,
-34.61552,-58.41729,Aneumáticos Revalo,Talleres,Avenida Belgrano 3609,
-34.61551,-58.41720,X-28 Alarmas,Talleres,Boedo,
-34.61533,-58.41451,Cofiques,Comida rápida,Virrey Liniers,
-34.61490,-58.40864,Belgrano,Comida rápida,Avenida Belgrano,
-34.61491,-58.40853,Bar Espanol,Comida rápida,La Rioja,
-34.67581,-58.56444,Faricci,Comida rápida,Doctor Ignacio Arieta 2799,
-34.67515,-58.56534,Pizza Ula,Comida rápida,José Mármol 2502,
-34.59599,-58.38754,McDonald's,Comida rápida,Avenida Santa Fe,
-34.59602,-58.39543,Burger 54,Comida rápida,Avenida Santa Fe 1946,
-34.59590,-58.39654,Pertutti,Comida rápida,Avenida Santa Fe,
-34.63821,-58.48709,Alfa Romeo,Talleres,Avenida Olivera,
-34.64387,-58.48533,Mundo Redondo,Comida rápida,Avenida Olivera,
-34.65309,-58.55170,Neumaticos Deste,Gomerías,Avenida General San Martín,
-34.62990,-58.45774,Montana,Comida rápida,Avenida Juan Bautista Alberdi,
-34.63120,-58.46231,Escapes Elias,Talleres,Avenida Juan Bautista Alberdi,
-34.64114,-58.56126,Pepper,Comida rápida,Pueyrredón 210,
-34.62528,-58.42694,Triana,Comida rápida,Avenida Carlos Calvo,
-34.64433,-58.56320,Martins,Comida rápida,Bolívar 402,
-34.68607,-58.56207,Silvio Seguros,Talleres,Avenida Brigadier General Juan Manuel de Rosas,
-34.68632,-58.56268,Ruta 3,Insumos de motos,Sarratea 3500,
-34.62148,-58.42763,Caballito Car,Talleres,Avenida La Plata,
-34.62053,-58.42791,Restaurant China Doll,Comida rápida,Avenida La Plata 500,
-34.68739,-58.56453,a la Tano Automotores,Talleres,Avenida Brigadier General Juan Manuel de Rosas,
-34.68801,-58.56572,Shell,Estaciones de servicio,Avenida Brigadier General Juan Manuel de Rosas,
-34.61648,-58.42868,Kyrios,Comida rápida,Avenida La Plata,
-34.61491,-58.42285,Don Bosco,Comida rápida,Avenida Hipólito Yrigoyen,
-34.63366,-58.48014,La Posta,Comida rápida,Candelaria,
-34.61495,-58.42265,Pizzería Los Hermanos,Comida rápida,Avenida Hipólito Yrigoyen 3972,
-34.64404,-58.56304,Candela,Comida rápida,Espora,
-34.64418,-58.56388,A lo de Cande,Comida rápida,Espora,
-34.64106,-58.47988,Glo Tom,Comida rápida,Avenida Directorio,
-34.63992,-58.62568,GNC Plus,Estaciones de servicio,Bragado,
-34.64031,-58.62549,La Clinica del Automovil,Talleres,Boulevard Brigadier General Juan Manuel de Rosas,
-34.64418,-58.62038,Gomeria,Gomerías,General Miguel de Azcuénaga,
-34.70103,-58.58029,Parripollo La Cabaña,Comida rápida,Avenida Brigadier General Juan Manuel de Rosas,
-34.62547,-58.43266,Neumatex Eliseo Muiño,Gomerías,Avenida Pedro Goyena,
-34.62538,-58.43161,Almacén de Pizzas,Comida rápida,Avenida Pedro Goyena,
-34.62500,-58.42796,Zidane,Comida rápida,Avenida Pedro Goyena 51,
-34.62491,-58.42769,Neumaticos Goyena,Gomerías,Avenida Pedro Goyena,
-34.62485,-58.42652,Pizzeria La Ideal,Comida rápida,Avenida Carlos Calvo,
-34.68134,-58.55646,McDonald's,Comida rápida,Doctor Ignacio Arieta,
-34.63770,-58.47437,Piti,Talleres,Avenida Directorio,
-34.63707,-58.47337,Neumatex Eliseo Muiño,Talleres,Avenida Directorio,
-34.63593,-58.46942,Shandutta,Comida rápida,Avenida Directorio,
-34.64491,-58.56513,Almacén de Pizzas,Comida rápida,Avenida de Mayo,
-34.67140,-58.56311,El Gaita,Comida rápida,Avenida Presidente Juan Domingo Perón,
-34.67171,-58.56204,YPF,Estaciones de servicio,José Mármol,
-34.67021,-58.55829,Renault Minuto,Talleres,Avenida Presidente Doctor Arturo Umberto Illia 1727,
-34.70600,-58.58497,Alineacion y Tren Delantero,Talleres,Avenida Brigadier General Juan Manuel de Rosas,
-34.66712,-58.55157,El Cañón Sport,Talleres,Avenida Enrique Mosconi,
-34.66628,-58.54881,Yokohama,Gomerías,Avenida General Enrique Mosconi 1851,
-34.68073,-58.55705,Domenica Pizza & Café,Comida rápida,Comisionado José Indart 2472,
-34.67654,-58.55600,Rolling Motors,Insumos de motos,Avenida Presidente Juan Domingo Perón 3244,
-34.67477,-58.55848,Puma,Estaciones de servicio,Tomás Justo Villegas 2100,
-34.67309,-58.56076,Marelli Sports,Insumos de motos,Avenida Presidente Juan Domingo Perón,
-34.64561,-58.56497,La Farola Express,Comida rápida,Avenida de Mayo,
-34.66389,-58.54019,Los Unicos Automotores,Talleres,Avenida General Enrique Mosconi,
-34.70317,-58.59379,Jb Mecánica Integral,Talleres,Avenida Cristianía,
-34.62557,-58.42731,Urquiza Motos,Insumos de motos,Avenida La Plata,
-34.62454,-58.42775,Peugeot,Talleres,Avenida La Plata,
-34.66315,-58.53846,Axion,Estaciones de servicio,Pueyrredón,
-34.58539,-58.41598,McDonald's,Comida rápida,Avenida Santa Fe 3684,
-34.63371,-58.62863,Cafe Bar,Comida rápida,Boulevard Brigadier General Juan Manuel de Rosas,
-34.63378,-58.62859,GNC,Talleres,Boulevard Brigadier General Juan Manuel de Rosas,
-34.63498,-58.62810,Rotiseria Pizzeria,Comida rápida,Boulevard Brigadier General Juan Manuel de Rosas,
-34.63877,-58.62975,Fabi's,Comida rápida,Bartolomé Hidalgo,
-34.63944,-58.62600,Cerrajeria Parabrisas,Talleres,Bartolomé Hidalgo,
-34.64005,-58.62508,Moto Vergara,Insumos de motos,Boulevard Brigadier General Juan Manuel de Rosas,
-34.70074,-58.59690,Los Ángeles,Comida rápida,Avenida Cristianía,
-34.65935,-58.53093,El Fogon de Mosabre,Comida rápida,Larrea 2499,
-34.65845,-58.52946,Puma,Estaciones de servicio,Charcas,
-34.70017,-58.59090,Arcangeli Hermanos,Talleres,República de Portugal,
-34.67779,-58.56672,El Ciudadano,Comida rápida,Jujuy,
-34.69863,-58.58626,Dar Burgers,Comida rápida,Bruselas 2702,
-34.64981,-58.56405,La Puerta de China,Comida rápida,Avenida de Mayo,
-34.67334,-58.56772,Metro Pizza,Comida rápida,Doctor Ignacio Arieta,
-34.67362,-58.56658,Taller Dany,Talleres,Colombia,
-34.66970,-58.55672,Il Mono,Talleres,Avenida General Enrique Mosconi,
-34.65307,-58.56349,Lubricantes Ramos Mejía,Talleres,Avenida de Mayo,
-34.66424,-58.53984,Maty,Talleres,Avenida General Enrique Mosconi,
-34.64043,-58.62477,Diesel Tech,Talleres,Boulevard Brigadier General Juan Manuel de Rosas,
-34.68641,-58.56140,60 Hamburguesas,Comida rápida,Avenida Brigadier General Juan Manuel de Rosas,
-34.68706,-58.56253,Lava Auto,Talleres,Avenida Brigadier General Juan Manuel de Rosas,
-34.68703,-58.56272,Fiat,Talleres,Avenida Brigadier General Juan Manuel de Rosas,
-34.68740,-58.56334,Pablo Diesel,Talleres,Avenida Brigadier General Juan Manuel de Rosas,
-34.65567,-58.54828,Cosa Belle,Comida rápida,Ingeniero Emilio Mitre,
-34.65491,-58.54917,El Mirador,Comida rápida,Avenida General San Martín,
-34.58785,-58.41986,Oporto,Comida rápida,Paraguay 4099,
-34.64790,-58.53855,RP Motores,Insumos de motos,Diagonal 10 - Avenida General Eustoquio Antonio Díaz Vélez (TF) / General Eustoquio Antonio Díaz Vélez (LM),
-34.64812,-58.53825,Transmision Díaz Vélez,Talleres,Diagonal 10 - Avenida General Eustoquio Antonio Díaz Vélez (TF) / General Eustoquio Antonio Díaz Vélez (LM),
-34.64889,-58.53719,Gomeria Díaz Vélez,Gomerías,Carlos Pellegrini,
-34.64898,-58.53717,Diesel Díaz Vélez,Talleres,Diagonal 10 - Avenida General Eustoquio Antonio Díaz Vélez (TF) / General Eustoquio Antonio Díaz Vélez (LM),
-34.64899,-58.53705,Inter Vans,Talleres,Diagonal 10 - Avenida General Eustoquio Antonio Díaz Vélez (TF) / General Eustoquio Antonio Díaz Vélez (LM),
-34.65887,-58.62986,El Tio,Comida rápida,General Tomás Guido,
-34.68802,-58.56440,Radiadores,Talleres,Avenida Brigadier General Juan Manuel de Rosas,
-34.68806,-58.56446,Matofer,Talleres,Avenida Brigadier General Juan Manuel de Rosas,
-34.68881,-58.56572,El Wili,Comida rápida,Avenida Brigadier General Juan Manuel de Rosas,
-34.69095,-58.56936,Lubricentro Dany,Talleres,Avenida Brigadier General Juan Manuel de Rosas,
-34.63236,-58.45761,Nacha,Comida rápida,Avenida Directorio,
-34.59391,-58.42913,Famaillá,Comida rápida,Avenida Raúl Scalabrini Ortiz,
-34.65726,-58.58098,MC Racing,Talleres,Gutenberg,
-34.65757,-58.58125,Mecanogas,Talleres,Triunvirato,
-34.67184,-58.56970,G.A.C. Sport,Talleres,Doctor Ignacio Arieta,
-34.66942,-58.57296,Spazio Gourmet,Comida rápida,Doctor Ignacio Arieta,
-34.66698,-58.57612,Mi Mia,Comida rápida,Doctor Ignacio Arieta,
-34.66678,-58.57656,En Victoria,Comida rápida,Doctor Ignacio Arieta,
-34.66641,-58.57696,Il Marchelo,Comida rápida,Doctor Ignacio Arieta,
-34.59982,-58.43911,Imperio,Comida rápida,Avenida Corrientes 5206,
-34.59179,-58.42677,Al Shark,Comida rápida,Avenida Raúl Scalabrini Ortiz 1426,
-34.58806,-58.42125,McDonald's,Comida rápida,Avenida Raúl Scalabrini Ortiz,
-34.65178,-58.53347,Mecánica Walter,Talleres,Avenida Eva Perón 986,
-34.65183,-58.53361,El Puma,Talleres,Avenida Eva Perón 970,
-34.65324,-58.53533,Lo de Lema,Comida rápida,Avenida Eva Perón 806,
-34.65293,-58.53498,Taller de Elásticos El Shaman,Talleres,Avenida Eva Perón,
-34.64519,-58.56450,Arezzo,Comida rápida,Avenida de Mayo,
-34.64850,-58.56384,Domenico,Comida rápida,Avenida de Mayo,
-34.64920,-58.56354,El Fogón,Comida rápida,Coronel Pringles,
-34.65209,-58.56325,Don Antonio,Comida rápida,Avenida de Mayo,
-34.66476,-58.56144,Amílcar,Comida rápida,Avenida de Mayo,
-34.66245,-58.58229,San Cayetano,Comida rápida,Doctor Ignacio Arieta,
-34.66044,-58.58486,Renault Sinatra,Talleres,Doctor Ignacio Arieta,
-34.65479,-58.56274,Reggio Motos,Insumos de motos,Avenida de Mayo 1406,
-34.65607,-58.56877,El Rey de la Bondiola,Comida rápida,Coronel Brandsen,
-34.70633,-58.58990,Radiadores,Talleres,Avenida Cristianía,
-34.70273,-58.59475,F&F,Talleres,Avenida Cristianía,
-34.66383,-58.56125,Don Nicola,Comida rápida,Avenida de Mayo,
-34.69981,-58.59863,Hioraulica Movil,Talleres,Avenida Cristianía,
-34.65349,-58.57195,Gomeria Maipu,Gomerías,Maipú,
-34.65391,-58.57787,Pizza x Metro,Comida rápida,Triunvirato,
-34.70008,-58.58895,Servicio Integral del Automotor,Talleres,República de Portugal,
-34.69701,-58.58630,Su Amuerzo,Comida rápida,Avenida Francisco Segui,
-34.58776,-58.41164,Burger King,Comida rápida,Avenida Santa Fe 3311,
-34.65996,-58.57889,Gomeria Mides,Gomerías,Avenida Presidente Juan Domingo Perón 853,
-34.66331,-58.58067,La Estrella,Talleres,Doctor Ignacio Arieta 1008,
-34.65949,-58.58571,No Gastes de Más,Comida rápida,Doctor Ignacio Arieta,
-34.55498,-58.49580,YPF,Estaciones de servicio,Avenida Doctor Ricardo Balbín 4491,
-34.54110,-58.47359,Shell,Estaciones de servicio,Deheza,
-34.64511,-58.48501,YPF,Estaciones de servicio,Avenida Olivera 681,
-34.47939,-58.57029,La Esquina,Comida rápida,Almirante Blanco Encalada 2197,
-34.48161,-58.52753,YPF,Estaciones de servicio,Avenida Bernabé Márquez 1195,
-34.78939,-58.27896,Neumen,Gomerías,Avenida San Martín,
-34.55636,-58.48095,Shell,Estaciones de servicio,Avenida Doctor Ricardo Balbín 3560,
-34.42248,-58.57996,Burger King,Comida rápida,General Bartolomé Mitre 432,
-34.58868,-58.51928,McDonald's,Comida rápida,Avenida 85 - Libertador General San Martín 400,
-34.61818,-58.53010,YPF,Estaciones de servicio,Curuzú Cuatiá,
-34.58443,-58.46619,San Jose GNC,Estaciones de servicio,Estomba 3064,
-34.67267,-58.56105,Axion,Estaciones de servicio,Doctor Arturo Illia,
-34.60383,-58.40903,Shell,Estaciones de servicio,Jean Jaures,
-34.53151,-58.48432,Don Fanucci,Comida rápida,Carlos Francisco Melo 1848,
-34.60832,-58.46352,Puma,Estaciones de servicio,Manuel Ricardo Trelles,
-34.60726,-58.46304,Shell,Estaciones de servicio,Avenida Teniente General Donato Álvarez,
-34.64043,-58.54466,Power Energy,Estaciones de servicio,137 - Avenida Rivadavia,
-34.60339,-58.46166,Shell,Estaciones de servicio,Avenida San Martín 2401,
-34.56206,-58.46589,Axion,Estaciones de servicio,Monroe 3078,
-34.47206,-58.53724,Shell,Estaciones de servicio,Avenida Andrés Rolón 1399,
-34.57538,-58.47880,Auto Generali,Talleres,Juramento 4740,
-34.74903,-58.61078,Puma,Estaciones de servicio,Fournier,
-34.75366,-58.61362,YPF,Estaciones de servicio,Avenida Brigadier General Juan Manuel De Rosas,
-34.71998,-58.59728,Axion,Estaciones de servicio,Contralmirante Cordero,
-34.70184,-58.57997,Axion,Estaciones de servicio,República De Portugal 3214,
-34.57462,-58.48640,McDonald's,Comida rápida,Avenida Triunvirato 4680,
-34.57456,-58.48648,Pindal,Comida rápida,Avenida Triunvirato 4700,
-34.59524,-58.45117,YPF,Estaciones de servicio,Avenida Dorrego 443,
-34.64600,-58.46675,Puma,Estaciones de servicio,Avenida Eva Perón 3700,
-34.62666,-58.49098,YPF,Estaciones de servicio,Avenida Juan Bautista Justo 7099,
-34.57773,-58.47695,Gazzola,Talleres,La Pampa 4787,
-34.57727,-58.47618,Rectificadora Muriel,Talleres,La Pampa 4731,
-34.57679,-58.47538,Compucar,Talleres,La Pampa 4635,
-34.57693,-58.47473,BRT,Talleres,La Pampa 4522,
-34.57660,-58.47397,Lorraine,Talleres,La Pampa 4450,
-34.57549,-58.47300,El Bohemio,Comida rápida,Donado 1802,
-34.49391,-58.53407,Rosa Negra,Comida rápida,Avenida De La Unidad Nacional,
-34.59734,-58.49313,YPF,Estaciones de servicio,Avenida San Martín 5316,
-34.50372,-58.47677,El Mirador,Comida rápida,Juan Bautista Alberdi 25,
-34.57603,-58.46210,El Inicio,Comida rápida,Avenida Forest 1399,
-34.57778,-58.46102,Inyección Belgrano,Talleres,Avenida Forest 1246,
-34.64299,-58.57770,Maxi Gas,Estaciones de servicio,Avenida Rivadavia,
-34.63291,-58.47935,Axion,Estaciones de servicio,Joaquín Victor González,
-34.62398,-58.45063,YPF,Estaciones de servicio,José Juan Biedma,
-34.61024,-58.41148,Servicentro Anchorena,Estaciones de servicio,Tomás Manuel de Anchorena,
-34.47586,-58.49898,Dean & Dennys,Comida rápida,Avenida del Libertador 15041,
-34.58908,-58.39261,Dean & Dennys,Comida rápida,Junín 1721,
-34.59096,-58.42705,Dean & Dennys,Comida rápida,Malabia 1591,
-34.76539,-58.40173,SushiClub,Comida rápida,Italia 414,
-34.62671,-58.44039,SushiClub,Comida rápida,Avenida Pedro Goyena 878,
-34.57246,-58.43091,SushiClub,Comida rápida,Báez 268,
-34.48543,-58.48788,Burger 54,Comida rápida,Avenida del Libertador 13632,
-34.76240,-58.40115,Establecimiento General de Café,Comida rápida,Italia 148,
-34.62734,-58.38476,Axion,Estaciones de servicio,Avenida Juan De Garay,
-34.57165,-58.50694,YPF,Estaciones de servicio,Avenida De Los Constituyentes 6100,
-34.65445,-58.52987,Shell,Estaciones de servicio,Quintana 2202,
-34.51005,-58.52418,Axion,Estaciones de servicio,Paraná 3944,
-34.56839,-58.47162,YPF,Estaciones de servicio,Avenida Olazábal 3690,
-34.71652,-58.24811,El Taller Parrilla,Comida rápida,Avenida Cevallos,
-34.71663,-58.24794,El Barquito,Comida rápida,Avenida Cevallos,
-34.70784,-58.22939,Docker,Comida rápida,Avenida Cervantes,
-34.70909,-58.22590,Parrilla Mi Viejo,Comida rápida,Avenida Cervantes,
-34.71645,-58.24766,Talleres Quintana,Talleres,Avenida Otamendi,
-34.72499,-58.25084,McDonald's,Comida rápida,Brandsen,
-34.72506,-58.25105,Axion,Estaciones de servicio,Avenida Mitre,
-34.57486,-58.47352,Ache Delugo,Comida rápida,Donado 1898,
-34.72697,-58.25438,El Ladrillo,Comida rápida,Brandsen 176,
-34.72346,-58.24706,El Pampa,Comida rápida,Brandsen,
-34.72458,-58.24922,The Coffe Store,Comida rápida,Brandsen 447,
-34.72505,-58.25019,Vieja Esquina,Comida rápida,Brandsen 399,
-34.72611,-58.25079,Shell,Estaciones de servicio,Avenida Mitre,
-34.72570,-58.25130,RepCar,Talleres,Brandsen,
-34.72657,-58.25289,Justo Brandsen,Comida rápida,Brandsen 245,
-34.74324,-58.28978,Gomería Riccia,Gomerías,Avenida Calchaquí,
-34.74434,-58.28498,Lubricentro Mecánica Local,Talleres,Felipe Amoedo,
-34.74088,-58.28721,FIR - Fábrica Integral de Radiadores,Talleres,Avenida 12 de Octubre,
-34.74401,-58.28941,AMS,Insumos de motos,Avenida Calchaquí 1879,
-34.75424,-58.28957,LDG,Talleres,Avenida General Mosconi,
-34.75542,-58.28904,Electricidad del Automóvil Nico,Talleres,Avenida General Mosconi,
-34.75977,-58.28753,Gomería Amato,Gomerías,Avenida General Mosconi,
-34.76020,-58.28728,Parabrisas Mosconi,Talleres,Avenida General Mosconi,
-34.77678,-58.28096,Vigia,Talleres,Avenida San Martín,
-34.77727,-58.27995,Tito Gutierrez,Talleres,Avenida San Martín,
-34.77353,-58.28146,Auto Bots,Talleres,Avenida General Mosconi,
-34.75094,-58.29033,Gomería El Galpon,Gomerías,Avenida General Mosconi,
-34.74585,-58.28734,El Napolitano Argentino,Comida rápida,Felipe Amoedo 3100,
-34.74251,-58.27990,Taller Amoedo,Talleres,Felipe Amoedo,
-34.78479,-58.27934,Full Motor,Talleres,Avenida San Martín,
-34.79144,-58.27920,CarCenter,Talleres,Avenida San Martín,
-34.79193,-58.27924,La Curvita,Comida rápida,Padre Fronteriz,
-34.79787,-58.27914,Gomería Carlos,Gomerías,Avenida San Martín,
-34.80506,-58.27797,Aniceto,Comida rápida,Avenida San Martín 2802,
-34.78357,-58.25063,El Parque,Talleres,Avenida 14,
-34.79774,-58.26964,Autoservicios El Gauchito,Talleres,Tinogasta,
-34.77223,-58.22945,Neumaticos San Carlos,Gomerías,Avenida 14 - Gastón F. Rigolleau 2948,
-34.76736,-58.21913,Neumaticos R. Pérez,Gomerías,Calle 138,
-34.76357,-58.21302,Pizzas La Reina,Comida rápida,Avenida 14 - Gastón F. Rigolleau,
-34.77281,-58.22968,Autoservicio Los 8 Hermanos,Talleres,Avenida Valentín Vergara,
-34.76351,-58.22268,S&N,Comida rápida,Calle 138 1022,
-34.75317,-58.21465,Tatan,Comida rápida,Avenida Mitre,
-34.75221,-58.21560,Dönner,Comida rápida,Avenida Mitre 498,
-34.75661,-58.20844,Cafe Sur,Comida rápida,Avenida Mitre,
-34.76082,-58.20680,Ofelia - Resto&Pastas,Comida rápida,Calle 150,
-34.76087,-58.20715,McDonald's,Comida rápida,Avenida 14 - Juan Domingo Perón,
-34.77872,-58.25914,Neumaticos Oscar,Gomerías,Avenida Lavalle,
-34.78824,-58.27675,Neumaticos Mora,Gomerías,Avenida Hipólito Yrigoyen,
-34.77893,-58.26665,Lubrisur,Talleres,Las Américas,
-34.77877,-58.27216,Mecánica Perrotti,Talleres,Luis Braille,
-34.77627,-58.27142,Choli,Comida rápida,Camino General Belgrano,
-34.77999,-58.26438,Pizza para Todos,Comida rápida,Camino General Belgrano,
-34.77726,-58.26510,Ciudad Moto,Insumos de motos,Avenida Calchaquí,
-34.78048,-58.26264,Prince's,Comida rápida,Camino General Belgrano,
-34.66558,-58.41729,Shell,Estaciones de servicio,Avenida Remedios de Escalada de San Martín,
-34.76912,-58.27101,Rostisería El Pollo Loco,Comida rápida,Colombia 3100,
-34.75670,-58.26704,Sol Dorado,Comida rápida,Avenida Oscar Smith,
-34.77365,-58.26712,Neumáticos La Libertad,Gomerías,Avenida Calchaquí,
-34.66453,-58.35419,La Parrilla de Diegote,Comida rápida,Avenida General Roca,
-34.67339,-58.34604,Parrilla Esperanza,Comida rápida,Avenida General Roca,
-34.70740,-58.28640,Fundas Moto,Insumos de motos,Avenida San Martín,
-34.70482,-58.29204,Savastano,Talleres,Avenida San Martín,
-34.70261,-58.29980,Gomeria,Gomerías,Avenida San Martín,
-34.67252,-58.35240,Bridgestone,Gomerías,Avenida Bartolomé Mitre,
-34.67628,-58.35224,In Vitta,Comida rápida,Juan Manuel Casella Piñero,
-34.67221,-58.36089,Antrax,Insumos de motos,Avenida Mujeres Argentinas,
-34.67009,-58.36224,Lubricentro Patricia Oil Boxes,Talleres,Avenida Belgrano 1222,
-34.68707,-58.41366,Pizzeria San Mateo,Comida rápida,Avenida Bernardino Rivadavia,
-34.71239,-58.29485,El As de Espada,Comida rápida,Cerrito,
-34.69083,-58.40842,Magno,Comida rápida,Coronel D'Elía,
-34.67146,-58.36209,Antrax,Insumos de motos,Avenida Belgrano,
-34.70993,-58.29746,Doña Petrona,Comida rápida,Avenida Montevideo,
-34.71346,-58.28843,Pablo Zarini,Talleres,Avellaneda 438,
-34.71384,-58.28883,Lo de Manu Parrilla,Comida rápida,Avellaneda,
-34.68184,-58.40592,San Cayetano,Comida rápida,Avenida Bernardino Rivadavia,
-34.72356,-58.30234,Taller Chapa y PIntura,Talleres,Avenida Los Quilmes,
-34.72334,-58.30236,Neumaticos Bernal,Gomerías,Avenida Los Quilmes,
-34.68011,-58.40837,Pizzeria Picola,Comida rápida,Callao,
-34.65409,-58.34376,Parrilla,Comida rápida,Avenida Agustín Debenedetti,
-34.72653,-58.31097,Fabian,Talleres,Cerrito,
-34.73064,-58.30353,Robert Pizza,Comida rápida,Avenida Lamadrid,
-34.72587,-58.29404,Neumaticos Lamadrid,Gomerías,Avenida Lamadrid,
-34.71814,-58.30401,Hidraulica Rodríguez,Talleres,Avenida Los Quilmes,
-34.71269,-58.30504,Ford Rocha,Talleres,Avenida Dardo Rocha,
-34.71377,-58.30240,Sport Quilmes,Talleres,Avenida Dardo Rocha,
-34.72006,-58.30952,Santa Monica,Comida rápida,Avenida Montevideo,
-34.67236,-58.38107,Servicio Integral del Automotor,Talleres,Avenida Hipólito Yrigoyen,
-34.72011,-58.28244,Gomeria,Gomerías,Avenida Lamadrid,
-34.67534,-58.38189,Volkswagen,Talleres,Avenida Hipólito Yrigoyen,
-34.68275,-58.38864,Lito,Talleres,Brasil,
-34.71816,-58.26923,Multimarca,Talleres,República del Líbano,
-34.68667,-58.39636,El Resero,Comida rápida,Avenida Remedios de Escalada de San Martín,
-34.68596,-58.39716,Shell,Estaciones de servicio,Avenida General San Martín,
-34.68594,-58.39835,Super Ahorro,Talleres,Avenida Remedios de Escalada de San Martín,
-34.68643,-58.39758,YPF,Estaciones de servicio,Avenida Remedios de Escalada de San Martín,
-34.64920,-58.34791,Maxipollo Granja,Comida rápida,Avenida Nicolás Avellaneda,
-34.69358,-58.39050,Don Toto,Comida rápida,Avenida Hipólito Yrigoyen,
-34.69420,-58.39061,Infiniti Cars,Talleres,Avenida Hipólito Yrigoyen,
-34.69504,-58.39108,Bridgestone,Gomerías,Formosa,
-34.69721,-58.39209,Fate O,Talleres,Avenida Hipólito Yrigoyen,
-34.69739,-58.39203,Moto X,Insumos de motos,Avenida Hipólito Yrigoyen,
-34.69661,-58.39108,Good Year,Gomerías,Juncal,
-34.69701,-58.39129,Grand Prix,Talleres,Avenida Hipólito Yrigoyen,
-34.66473,-58.35965,Neumen,Gomerías,Avenida Bartolomé Mitre,
-34.66639,-58.36908,Taller Alsina,Talleres,Adolfo Alsina,
-34.68152,-58.43763,VJ Lubricantes,Talleres,Coronel Osorio,
-34.72695,-58.28500,Klaukol Barabas HNOS.,Talleres,Avenida La Plata,
-34.71270,-58.28444,Mari Antonia,Comida rápida,9 de Julio 201,
-34.73362,-58.28144,Gomeria Alineacion,Gomerías,Carlos Pellegrini,
-34.73281,-58.27994,Shell Helix Lubricación,Talleres,Avenida La Plata,
-34.72336,-58.28703,Taller de Chapa y Pintura,Talleres,Avenida La Plata,
-34.72756,-58.27662,Jocar,Talleres,O'Higgins,
-34.72328,-58.27108,Las Medialunas del Abuelo,Comida rápida,Andrés Baranda,
-34.72231,-58.27131,GNC Talleres Barragán,Talleres,Andrés Baranda,
-34.75035,-58.28629,Donata,Comida rápida,Avenida Calchaquí 2539,
-34.75175,-58.28532,Renault Minuto,Talleres,Avenida Calchaquí,
-34.69500,-58.39624,Rocket Screw,Talleres,Avenida Intendente Manuel Quindimil,
-34.69238,-58.39932,Bárbara,Comida rápida,Avenida Intendente Manuel Quindimil,
-34.68977,-58.40244,10 Segundos,Comida rápida,Avenida Intendente Manuel Quindimil,
-34.68937,-58.40293,Espectro,Talleres,Avenida Intendente Manuel Quindimil,
-34.68907,-58.40334,A.F. Lubricantes,Talleres,Avenida Intendente Manuel Quindimil,
-34.71779,-58.27492,La Tavola,Comida rápida,Andrés Baranda,
-34.69771,-58.42113,Choripan Minutas,Comida rápida,25 de Mayo,
-34.68710,-58.40449,La Criolla Restaurant,Comida rápida,Diputado Raúl Pedrera,
-34.71935,-58.27347,Vissanto,Comida rápida,Andrés Baranda,
-34.69843,-58.41497,Casa de Comidas,Comida rápida,Gobernador Carlos Tejedor,
-34.68017,-58.40515,Sabor a Campo,Comida rápida,Coronel Erezcano,
-34.67900,-58.40532,La Casa de Adela,Comida rápida,Avenida Remedios de Escalada de San Martín,
-34.67961,-58.40467,Shell,Estaciones de servicio,Avenida Remedios de Escalada de San Martín,
-34.68027,-58.40404,GNC,Talleres,Avenida Remedios de Escalada de San Martín,
-34.68050,-58.40379,Fede X Car,Talleres,Avenida Remedios de Escalada de San Martín,
-34.68063,-58.40367,Ibiza Autos,Talleres,Avenida Remedios de Escalada de San Martín,
-34.68126,-58.40306,Humberto,Comida rápida,Avenida Remedios de Escalada de San Martín,
-34.71572,-58.29718,Mamma Mia,Comida rápida,Avenida Dardo Rocha,
-34.66592,-58.36517,La Facultad,Comida rápida,Avenida Belgrano,
-34.67828,-58.40549,Shell,Estaciones de servicio,Avenida Remedios de Escalada de San Martín,
-34.67923,-58.40414,GNC,Estaciones de servicio,Avenida Remedios de Escalada de San Martín,
-34.68763,-58.40004,Ram,Talleres,Avenida General San Martín,
-34.69058,-58.40320,San Phoundo,Comida rápida,Virrey Santiago de Liniers,
-34.69088,-58.40363,Power Engine,Talleres,Avenida General San Martín,
-34.69149,-58.40412,Brai Scap,Talleres,Avenida General San Martín,
-34.69236,-58.40484,Friends,Comida rápida,Avenida General San Martín,
-34.75798,-58.40071,Ticols Cafetería,Comida rápida,Manuel Acevedo,
-34.69331,-58.40524,Nervi,Talleres,Avenida General San Martín,
-34.69371,-58.40565,Lo de Pico,Talleres,Avenida General San Martín,
-34.69606,-58.40783,YPF,Estaciones de servicio,General Viamonte,
-34.70123,-58.39417,La Vieja PO,Comida rápida,José María Moreno,
-34.70122,-58.39351,Pastas Frescas,Comida rápida,José María Moreno,
-34.70117,-58.39155,Umma,Comida rápida,Coronel Ramos,
-34.69884,-58.39179,YPF,Estaciones de servicio,Avenida Hipólito Yrigoyen,
-34.69998,-58.39176,Orange,Comida rápida,Avenida Hipólito Yrigoyen,
-34.74173,-58.40452,Ley Seca,Comida rápida,Domingo French 695,
-34.74191,-58.40486,Calabria,Comida rápida,Domingo French 702,
-34.69936,-58.41086,GNC del Sur,Estaciones de servicio,Avenida General San Martín,
-34.70025,-58.41169,Dapsa,Estaciones de servicio,Avenida General San Martín,
-34.70162,-58.41284,Estrampes Motos,Insumos de motos,Avenida General San Martín,
-34.70195,-58.41308,Fric-Rot,Gomerías,Avenida General San Martín,
-34.70457,-58.41541,Automoto Lanus,Insumos de motos,Avenida General San Martín,
-34.70469,-58.41551,Firestone,Talleres,Avenida General San Martín,
-34.70906,-58.39450,La Luna,Comida rápida,Carlos Gardel,
-34.70796,-58.39218,La Veneciana,Comida rápida,25 de Mayo,
-34.71057,-58.39245,Sushi Okyu,Comida rápida,Avenida Hipólito Yrigoyen,
-34.70372,-58.28970,YPF,Estaciones de servicio,Crámer,
-34.71712,-58.40645,Costa Azul Pizzeria,Comida rápida,Avenida Rosales,
-34.72685,-58.39894,La Gumeria,Comida rápida,Avenida Rosales,
-34.72583,-58.39789,Hot Escalada,Comida rápida,Doctor Arturo Melo,
-34.72415,-58.40074,Savory,Comida rápida,2 de Mayo,
-34.72313,-58.32905,Buen Destino,Comida rápida,Coronel Lynch,
-34.73268,-58.39712,Pepe Medina,Comida rápida,Avenida Hipólito Yrigoyen,
-34.74753,-58.26446,El Garage,Talleres,Martín Rodríguez 3271,
-34.72650,-58.26163,Shell,Estaciones de servicio,Aristóbulo del Valle,
-34.71231,-58.27503,ACA,Estaciones de servicio,Avenida Zapiola,
-34.72766,-58.26165,Axion,Estaciones de servicio,Presidente Juan Domingo Perón,
-34.71307,-58.38325,La Coruña,Comida rápida,Avenida 9 de Julio,
-34.70898,-58.38890,Pizzaeria Desde 1949,Comida rápida,Avenida 9 de Julio,
-34.70668,-58.37113,Voy,Estaciones de servicio,Avenida General Joaquín Madariaga,
-34.54388,-58.43316,Happening Costanera,Comida rápida,Avenida Costanera Rafael Obligado 7030,
-34.54371,-58.43345,Costa,Comida rápida,Avenida Costanera Rafael Obligado 7070,
-34.67340,-58.36157,Bandera Blanca,Estaciones de servicio,General Güemes,
-34.49433,-58.55163,Axion,Estaciones de servicio,Almirante Blanco Encalada 29,
-34.66841,-58.38861,Sur Cam,Talleres,Avenida Bernardino Rivadavia,
-34.68255,-58.38497,Puma,Estaciones de servicio,Ushuaia,
-34.68161,-58.38544,Shell,Estaciones de servicio,Avenida Hipólito Yrigoyen 2099,
-34.69532,-58.37019,Shell,Estaciones de servicio,Camino General Belgrano,
-34.68795,-58.36906,Savona,Comida rápida,José Martín de la Serna,
-34.68163,-58.37045,La Exposicion,Comida rápida,Coronel Lacarra,
-34.48487,-58.61344,Axion,Estaciones de servicio,Colectora Panamericana,
-34.48647,-58.61757,Axion,Estaciones de servicio,Avenida Ángel Torcuato de Alvear,
-34.48998,-58.62291,Puma,Estaciones de servicio,Avenida Ángel Torcuato de Alvear 2323,
-34.51636,-58.49667,Shell,Estaciones de servicio,Gobernador Manuel Ugarte 2105,
-34.57816,-58.64191,YPF,Estaciones de servicio,Avenida Gobernador Valentín Vergara,
-34.51575,-58.55332,Pizzeria,Comida rápida,Perito Moreno 2100,
-34.61559,-58.44899,YPF,Estaciones de servicio,Espinosa 605,
-34.79021,-58.45106,Neumaticos Parisi,Gomerías,Ruta De La Tradición,
-34.44444,-58.57850,YPF,Estaciones de servicio,Ex Combatiente Juan Sánchez 64,
-34.45252,-58.57391,Axion,Estaciones de servicio,Avenida Hipólito Yrigoyen,
-34.44888,-58.57715,Shell,Estaciones de servicio,Acceso Norte Ramal Tigre km 26,
-34.44865,-58.57664,Shell,Estaciones de servicio,Acceso Norte Ramal Tigre km 26,
-34.42457,-58.57851,Shell,Estaciones de servicio,Avenida Daniel M. Cazón 1392,
-34.60670,-58.59816,Fortunatta,Comida rápida,Nelson Page 302,
-34.70494,-58.23300,El Náutico - Espacio Gastronómico,Comida rápida,Alsina,
-34.67004,-58.55813,Shell,Estaciones de servicio,Rincón 2799,
-34.61692,-58.40449,Shell,Estaciones de servicio,México,
-34.64878,-58.57902,Puma,Estaciones de servicio,Avenida Don Bosco,
-34.65077,-58.57643,YPF,Estaciones de servicio,Triunvirato,
-34.65093,-58.57635,Minimercado,Comida rápida,Triunvirato,
-34.57956,-58.39974,Shell,Estaciones de servicio,Avenida Presidente Figueroa Alcorta,
-34.63447,-58.54615,Shell,Estaciones de servicio,225 - Avenida Gaona 4201,
-34.60828,-58.44676,Full,Comida rápida,General Martín De Gainza,
-34.63806,-58.56662,La Panchería de Ramos Mejía,Comida rápida,Avenida Presidente Perón 101,
-34.63807,-58.56683,420 cuatroveinte,Comida rápida,Avenida Presidente Perón 131,
-34.63788,-58.56151,Parrilla La Tanita,Comida rápida,Avenida Gaona,
-34.66634,-58.55536,Gomeria,Talleres,Coronel Brandsen,
-34.64113,-58.57160,Fauno,Comida rápida,Avenida Rivadavia 14489,
-34.62612,-58.39872,Sendai,Talleres,Constitución 2400,
-34.68972,-58.38949,Sendai,Talleres,Senador José Pallarés 570,
-34.58212,-58.47050,Autogen,Talleres,Donado 1149,
-34.69486,-58.57377,Neumáticos José,Gomerías,Avenida Brigadier General Juan Manuel De Rosas,
-34.64169,-58.57602,City Ranch,Comida rápida,Brasil 1,
-34.80828,-58.44558,Redbikes,Insumos de motos,Boulevard Buenos Aires 1646,
-34.63913,-58.56384,Dall'Italia,Comida rápida,Teniente General Pablo Ricchieri 101,
-34.57904,-58.54364,Trimoto,Insumos de motos,Avenida 101 - Doctor Ricardo Balbín 2221,
-34.71459,-58.26722,Pio Giovannini,Insumos de motos,Avenida Hipólito Yrigoyen 49,
-34.77436,-58.26650,Motosur,Insumos de motos,Avenida Calchaquí 188,
-34.65713,-58.64705,Gigi Sport,Insumos de motos,Avenida Estanislao Zeballos 2930,
-34.58999,-58.51777,Performance Bikes,Insumos de motos,Avenida San Martín 7400,
-34.59766,-58.43465,Excess Motos,Insumos de motos,Avenida Raúl Scalabrini Ortiz 659,
-34.65981,-58.60735,Masterchip,Talleres,General Juan Álvarez de Arenales 765,
-34.59062,-58.42875,Café Martínez,Comida rápida,Armenia 1535,
-34.63855,-58.57274,Axion,Estaciones de servicio,Avenida Presidente Perón 502,
-34.63866,-58.57276,Minimercado,Comida rápida,Coronel Pedro Toscano,
-34.63746,-58.55285,AXION Energy,Estaciones de servicio,República,
-34.63754,-58.55301,Minimercado,Comida rápida,Colombres,
-34.63768,-58.56469,YPF,Estaciones de servicio,Avenida Presidente Perón 15,
-34.63779,-58.56478,Full,Comida rápida,Avenida Presidente Perón (m) - Avenida Gaona (lm),
-34.63805,-58.56621,Gulf,Estaciones de servicio,Avenida Presidente Perón 87,
-34.65716,-58.56282,AXION,Estaciones de servicio,República,
-34.64147,-58.56434,Diva,Comida rápida,Belgrano 1,
-34.65321,-58.55958,Pizza Lita,Comida rápida,Coronel Pringles 1399,
-34.52393,-58.51178,YPF,Estaciones de servicio,Gobernador Marcelino Ugarte 3501,
-34.65611,-58.55276,Pulli e Hijos Neumáticos,Gomerías,Luis José Pereyra,
-34.65486,-58.55156,Parrilla,Comida rápida,Luis José Pereyra,
-34.64217,-58.57750,Boxes Motos,Talleres,Chile 7,
-34.50101,-58.54702,YPF,Estaciones de servicio,Colectora Panamericana Oeste 1952,
-34.51319,-58.56746,YPF,Estaciones de servicio,Avenida Avelino Rolón 2488,
-34.50309,-58.56087,Shell,Estaciones de servicio,Avenida Avelino Rolón,
-34.44657,-58.54672,Boxes,Talleres,Henry Dunant,
-34.44663,-58.54661,YPF,Estaciones de servicio,Avenida del Libertador 2199,
-34.44115,-58.58441,YPF,Estaciones de servicio,Avenida Crisólogo Larralde 2075,
-34.54595,-58.53906,Taller Pippo,Talleres,31 - Tandil 4079,
-34.54611,-58.53924,Chapista,Talleres,31 - Tandil,
-34.54661,-58.53862,Chapista,Talleres,31 - Tandil,
-34.54551,-58.53881,Instlacion de GNC,Talleres,100 - Entre Ríos,
-34.54102,-58.53793,Lubricentro,Talleres,Avenida Bernardo Ader,
-34.80539,-58.44058,Shell,Estaciones de servicio,Boulevard Buenos Aires,
-34.73408,-58.51968,Shell,Estaciones de servicio,Martín Miguel De Güemes,
-34.60619,-58.45244,La Princesa,Comida rápida,Avenida San Martín 1650,
-34.53110,-58.52276,Dalmir,Comida rápida,General Manuel Belgrano 2414,
-34.72204,-58.46462,Parrilla,Comida rápida,Recondo 2599,
-34.72245,-58.46475,Pizzeria,Comida rápida,Andrés Bello 2100,
-34.71615,-58.21932,Quincho CUQ,Comida rápida,Franklin,
-34.66061,-58.60788,YPF,Estaciones de servicio,Avenida Hipólito Yrigoyen,
-34.60823,-58.44683,ACA,Estaciones de servicio,Avenida Gaona 1204,
-34.60841,-58.44673,YPF Boxes,Talleres,General Martín De Gainza,
-34.66179,-58.51663,McDonald's,Comida rápida,Avenida Juan Bautista Alberdi,
-34.83713,-58.31913,Las Vueltas de Robinson,Comida rápida,Avenida Juan Bautista Justo,
-34.63864,-58.55550,La Cantina,Comida rápida,Coronel Lorenzo Barcala,
-34.63772,-58.56121,Parrilla Lo de Willy,Comida rápida,Avenida Gaona,
-34.76235,-58.21001,Burger King,Comida rápida,Avenida 14 - Juan Domingo Perón 4675,
-34.50865,-58.52107,Shell,Estaciones de servicio,Paraná 3684,
-34.76001,-58.20634,Master Pizza,Comida rápida,Avenida 14 - Juan Domingo Perón 5104,
-34.61574,-58.52786,Axion,Estaciones de servicio,Francisco Bauzá,
-34.83490,-58.40986,Madir polígono de tiro y restaurante,Comida rápida,José Melián 2020,
-34.67604,-58.36724,McDonald's,Comida rápida,General Güemes,
-34.67614,-58.36879,McDonald's,Comida rápida,Vélez Sarsfield,
-34.67632,-58.36800,Strada,Comida rápida,Vélez Sarsfield,
-34.67644,-58.36814,Burger King,Comida rápida,Vélez Sarsfield,
-34.67642,-58.36825,Ave Caesar,Comida rápida,Vélez Sarsfield,
-34.67639,-58.36830,Sensu,Comida rápida,Vélez Sarsfield,
-34.67635,-58.36835,American Favs,Comida rápida,Vélez Sarsfield,
-34.67631,-58.36839,Sabor Gourmet,Comida rápida,Vélez Sarsfield,
-34.67628,-58.36844,Green & Company,Comida rápida,Vélez Sarsfield,
-34.67624,-58.36849,Negro El 11,Comida rápida,Vélez Sarsfield,
-34.67581,-58.36785,Questa Pizza,Comida rápida,Vélez Sarsfield,
-34.67585,-58.36778,Mostaza,Comida rápida,Vélez Sarsfield,
-34.67591,-58.36771,Terra di Pasta,Comida rápida,Vélez Sarsfield,
-34.67607,-58.36771,McDonald's,Comida rápida,Vélez Sarsfield,
-34.67579,-58.36815,KFC,Comida rápida,Vélez Sarsfield,
-34.67645,-58.36742,Starbucks,Comida rápida,General Güemes,
-34.67586,-58.36703,Brioche Dorée,Comida rápida,General Güemes,
-34.67694,-58.36826,Café Martínez,Comida rápida,Avenida Crisólogo Larralde,
-34.67540,-58.36787,Havanna,Comida rápida,General Mansilla,
-34.67392,-58.36690,Norauto,Talleres,Limay,
-34.49838,-58.51916,YPF,Estaciones de servicio,Hipólito Yrigoyen 1598,
-34.50517,-58.53383,Shell,Estaciones de servicio,Hipólito Yrigoyen,
-34.47248,-58.55583,Shell,Estaciones de servicio,Ingeniero Marconi,
-34.56898,-58.41760,Café,Comida rápida,Avenida Infanta Isabel,
-34.58007,-58.43962,Tomahawk,Comida rápida,El Salvador 6002,
-34.66012,-58.60854,Speed' Motos,Talleres,Avenida Hipólito Yrigoyen,
-34.60392,-58.37972,Confiteria Ideal,Comida rápida,Suipacha 384,
-34.58490,-58.44459,YPF,Estaciones de servicio,Avenida Córdoba,
-34.51112,-58.52623,Shell,Estaciones de servicio,Paraná 4106,
-34.63221,-58.62626,Axion,Estaciones de servicio,Avenida Presidente Perón,
-34.80000,-58.39682,Pertutti,Comida rápida,Francisco Seguí 699,
-34.62357,-58.37099,Pulpería Quilapán,Comida rápida,Defensa 1344,
-34.54999,-58.43069,Moby Dick,Comida rápida,Avenida Costanera Rafael Obligado,
-34.60658,-58.50103,Grupo Tluaner,Talleres,San Nicolás 2854,
-34.70211,-58.39349,Cerveza Hormiga Negra,Comida rápida,Enrique Del Valle Iberlucea 2675,
-34.63209,-58.50163,Axion,Estaciones de servicio,Avenida Juan Bautista Justo 8005,
-34.58427,-58.43380,Shell,Estaciones de servicio,Avenida Juan Bautista Justo,
-34.58309,-58.43219,YPF,Estaciones de servicio,Avenida Juan Bautista Justo,
-34.58354,-58.49726,Axion,Estaciones de servicio,General José Gervasio Artigas 4699,
-34.48273,-58.63634,YPF,Estaciones de servicio,Avenida General Manuel Belgrano,
-34.64217,-58.56131,Café Martínez,Comida rápida,Pueyrredón,
-34.64284,-58.56114,Casa Reca,Comida rápida,Sarmiento,
-34.63942,-58.51843,Puma,Estaciones de servicio,Avenida Rivadavia,
-34.57765,-58.43243,Mirutaki - ミルタキ Ramen & Sushi,Comida rápida,Ángel Justiniano Carranza 2339,
-34.61744,-58.45797,La Payada,Comida rápida,Teniente General Donato Álvarez 702,
-34.72319,-58.25991,Burger King,Comida rápida,Rivadavia,
-34.72381,-58.26020,Mostaza,Comida rápida,Rivadavia 49,
-34.72262,-58.25882,McDonald's,Comida rápida,Rivadavia,
-34.71915,-58.25967,Starbucks,Comida rápida,Colón 195,
-34.72282,-58.25701,Fidelio,Comida rápida,Leandro N. Alem 200,
-34.57863,-58.52938,YPF Boxes,Talleres,79 - 25 De Mayo,
-34.54319,-58.43475,Enero,Comida rápida,Avenida Costanera Rafael Obligado,
-34.58916,-58.39794,McDonald's,Comida rápida,Larrea,
-34.60842,-58.36612,Boleo,Comida rápida,Juana Manuela Gorriti,
-34.60894,-58.36607,Kraken,Comida rápida,Juana Manuela Gorriti,
-34.65322,-58.47324,Axion,Estaciones de servicio,Avenida Eva Perón,
-34.54261,-58.44423,Reina,Comida rápida,Reforma Universitaria De 1918,
-34.54220,-58.44574,Pausa,Comida rápida,Reforma Universitaria De 1918,
-34.58497,-58.39830,INVERNADERO,Comida rápida,Agüero 2502,
-34.60056,-58.49610,Aromi,Comida rápida,Cuenca 3202,
-34.60451,-58.49325,Solera del Parque,Comida rápida,Cuenca 2756,
-34.62059,-58.41559,Spiagge di Nápoli,Comida rápida,Avenida Independencia,
-34.58950,-58.40898,Green Eat,Comida rápida,Avenida Santa Fe,
-34.63529,-58.62856,Kentucky,Comida rápida,Boulevard Brigadier General Juan Manuel De Rosas,
-34.67410,-58.50101,Shell,Estaciones de servicio,Avenida General Paz,
-34.69919,-58.62499,Legado Restó,Comida rápida,Comandante Granville,
-34.75647,-58.40245,Taller Strianese,Talleres,Francisco Portela,
-34.42965,-58.56563,Neumáticos Tigre,Gomerías,Avenida Italia,
-34.42917,-58.57137,Radiadores Irigoyen,Talleres,España 700,
-34.44642,-58.54573,Burger King,Comida rápida,Avenida del Libertador 2200,
-34.56163,-58.45632,Kentucky,Comida rápida,Avenida Juramento 2375,
-34.56354,-58.60185,Lo de more,Comida rápida,927 - Argentina,
-34.56244,-58.60178,Ourense,Comida rápida,927 - Argentina,
-34.79278,-58.41422,YPF,Estaciones de servicio,General Frías,
-34.58899,-58.50719,La chancha y los veinte,Comida rápida,Avenida General Mosconi 3279,
-34.63131,-58.42611,Shell,Estaciones de servicio,Avenida Asamblea,
-34.68311,-58.57062,Shell,Estaciones de servicio,Salta 3501,
-34.67088,-58.59444,Shell,Estaciones de servicio,Avenida Diego Armando Maradona,
-34.60540,-58.44466,1927,Comida rápida,Antezana 340,
-34.72579,-58.53181,YPF,Estaciones de servicio,Martín Miguel De Güemes,
-34.63439,-58.60836,YPF,Estaciones de servicio,Avenida Presidente Perón 3245,
-34.73338,-58.51948,El Mangrullo,Comida rápida,Camino De La Virgen María,
-34.53167,-58.49508,"Restaurante ""Florida Tenis Club""",Comida rápida,General Justo José De Urquiza,
-34.61075,-58.41006,Voy,Estaciones de servicio,General Urquiza,
-34.72927,-58.52699,Yo y Punto,Comida rápida,Martín Miguel De Güemes,
-34.71477,-58.50775,YPF,Estaciones de servicio,Strangford,
-34.71170,-58.50644,YPF,Estaciones de servicio,Autopista Teniente General Pablo Ricchieri,
-34.71077,-58.50004,YPF,Estaciones de servicio,De La Tierra,
-34.64843,-58.61239,Moom Plaza,Comida rápida,Avenida Rivadavia 17581,
-34.51583,-58.47280,Parador 4,Comida rápida,Vial Costero Raúl Alfonsín,
-34.76362,-58.40138,La Bizcocheria,Comida rápida,Italia 258,
-34.63417,-58.54844,Muraroa,Comida rápida,225 - Avenida Gaona 4277,
-34.63515,-58.54479,Axion,Estaciones de servicio,274 - Hipólito Yrigoyen,
-34.41979,-58.56111,YPF Comercial Delta,Estaciones de servicio,Rn197,
-34.59873,-58.39053,Shell,Estaciones de servicio,Paraguay,
-34.54653,-58.47382,Automóviles Besares,Talleres,Besares 2732,
-34.54776,-58.47655,Autotag Volkswagen,Talleres,Conesa 4144,
-34.54845,-58.47876,La Toscana,Talleres,Pinto 4144,
-34.55051,-58.48282,El Parque,Gomerías,Vilela 3669,
-34.55318,-58.47916,Taller Cabildo,Talleres,Jaramillo 3525,
-34.56876,-58.45732,Shell,Estaciones de servicio,Avenida Crámer 1691,
-34.53184,-58.46864,Spot,Comida rápida,Avenida Del Libertador,
-34.53148,-58.46948,Puma,Estaciones de servicio,Avenida Del Libertador 302,
-34.65235,-58.53253,YPF,Estaciones de servicio,Eduardo Costa 1000,
-34.77947,-58.54075,Comedor,Comida rápida,Presbítero Juan González Y Aragón,
-34.63288,-58.51673,Shell,Estaciones de servicio,Miranda,
-34.64595,-58.59446,YPF,Estaciones de servicio,Avenida Rivadavia 16373,
-34.64555,-58.59122,La Cuadra,Comida rápida,Avenida Rivadavia 16141,
-34.78279,-58.40071,Restaurante Club Temperley,Comida rápida,Vicente Fidel López,
-34.62085,-58.45418,YPF,Estaciones de servicio,Avenida Avellaneda 1602,
-34.81082,-58.40087,Costumbres Argentinas,Comida rápida,Avenida Hipólito Yrigoyen,
-34.68090,-58.45025,ACA,Estaciones de servicio,Avenida Coronel Roca,
-34.61289,-58.49853,La 1/2 costilla,Comida rápida,Arregui 4000,
-34.64384,-58.49608,YPF,Estaciones de servicio,Escalada,
-34.63680,-58.52104,El Ferroviario,Comida rápida,Avenida Reservistas Argentinos 219,
-34.71252,-58.27498,YPF Boxes,Talleres,Rodríguez Peña,
-34.64764,-58.48662,Gulf,Estaciones de servicio,Avenida Directorio,
-34.52204,-58.52295,Axion,Estaciones de servicio,Avenida Bartolomé Mitre 3202,
-34.59361,-58.40079,Mas Pastas,Comida rápida,Arenales 2401,
-34.59372,-58.40053,Arenales,Comida rápida,Arenales 2399,
-34.69811,-58.27467,Quincho 3º Tiempo,Comida rápida,Autopista Doctor Ricardo Balbín,
-34.70664,-58.49678,Axion,Estaciones de servicio,Avenida De Circunvalación,
-34.72341,-58.25522,Santa Fe Trail,Comida rápida,Almirante Brown 715,
-34.77309,-58.26741,Puma,Estaciones de servicio,Avenida Calchaquí,
-34.76699,-58.27267,Axion,Estaciones de servicio,Méjico,
-34.72016,-58.30406,YPF,Estaciones de servicio,Cerrito,
-34.71022,-58.30874,Axion,Estaciones de servicio,Avenida Dardo Rocha,
-34.64613,-58.52888,Axion,Estaciones de servicio,Avenida General Paz,
-34.49926,-58.55691,YPF,Estaciones de servicio,Avenida Avelino Rolón 890,
-34.64503,-58.52950,Axion,Estaciones de servicio,Diagonal 11 - General José María Paz,
-34.63515,-58.59800,Puma,Estaciones de servicio,Avenida Presidente Perón,
-34.60597,-58.63559,Axion,Estaciones de servicio,Avenida Gobernador Valentín Vergara,
-34.62495,-58.63187,Puma,Estaciones de servicio,Avenida Gobernador Valentín Vergara,
-34.64139,-58.39195,Guerrini Neumáticos,Gomerías,Avenida Amancio Alcorta 2138,
-34.55011,-58.46672,YPF,Estaciones de servicio,Avenida Cabildo,
-34.44238,-58.55516,Otaku Sushi,Comida rápida,Ayacucho 1215,
-34.50666,-58.47675,My friend David,Comida rápida,Juan Díaz de Solís 80,
-34.53409,-58.53178,Dapsa,Estaciones de servicio,Avenida Vélez Sarsfield 5402,
-34.66599,-58.60090,Axion,Estaciones de servicio,Córdoba,
-34.84421,-58.48480,San Antonio,Comida rápida,Juan Miguel Barberena,
-34.66012,-58.50354,YPF,Estaciones de servicio,Avenida Directorio,
-34.56306,-58.47683,Naon,Estaciones de servicio,Doctor Rómulo Naón,
-34.62403,-58.55799,Shell,Estaciones de servicio,307 - Avenida Marcelo Torcuato de Alvear 4396,
-34.51127,-58.53295,Dapsa,Estaciones de servicio,Avenida Fondo de la Legua 2591,
-34.70614,-58.23971,Buffet IMPA,Comida rápida,Avenida Profesor Doroteo Yoldi,
-34.49322,-58.54869,Shell,Estaciones de servicio,Avenida Bernabé Márquez 2984,
-34.58896,-58.52132,YPF,Estaciones de servicio,Avenida 85 - Libertador General San Martín,
-34.63174,-58.58048,Axion,Estaciones de servicio,De Los Derechos Humanos,
-34.48984,-58.52425,Shell,Estaciones de servicio,Avenida Sir Alexander Fleming 802,
-34.49154,-58.52328,YPF,Estaciones de servicio,Avenida Sir Alexander Fleming 10,
-34.49915,-58.54329,Puma,Estaciones de servicio,Avenida Fondo de la Legua 99,
-34.62029,-58.59808,Axion,Estaciones de servicio,Capitán Claudio Rosales 788,
-34.62454,-58.59513,Shell,Estaciones de servicio,Capitán Claudio Rosales 1201,
-34.60740,-58.59376,YPF,Estaciones de servicio,744 - Avenida Guillermo Marconi (tf) / Avenida Guillermo Marconi (m) 399,
-34.60543,-58.58600,GNC Buen Gas,Estaciones de servicio,610 - Mariano Moreno,
-34.62005,-58.41124,Shell,Estaciones de servicio,24 De Noviembre 799,
-34.57517,-58.64652,Axion,Estaciones de servicio,Avenida Julio Argentino Roca,
-34.76673,-58.27389,Los Changuitos Santiagueños,Comida rápida,Avenida Calchaquí 4655,
-34.78677,-58.23821,YPF,Estaciones de servicio,Calle 114,
-34.64196,-58.62446,Puma,Estaciones de servicio,Avenida Cañada De Juan Ruiz,
-34.64617,-58.62237,Axion,Estaciones de servicio,General Machado,
-34.79584,-58.36495,Neumáticos Direse,Gomerías,Avenida General San Martín,
-34.80985,-58.54708,La Vaca,Comida rápida,Pasillo De Estacionamiento Gratuito.,
-34.62474,-58.40765,Oberá,Comida rápida,Avenida San Juan,
-34.51890,-58.52549,Shell,Estaciones de servicio,San Lorenzo,
-34.70000,-58.53486,Autocenter,Talleres,Avenida Intendente Esteban Crovara,
-34.54454,-58.55835,Marieta's,Comida rápida,130 - San Lorenzo 2599,
-34.54365,-58.55929,Le Blé,Comida rápida,61 - Lacroze 5591,
-34.54811,-58.55196,McDonald's,Comida rápida,114 - Carlos María de Alvear 2486,
-34.54708,-58.55383,El Encuentro,Comida rápida,57 - Boulevard Ballester 5002,
-34.57906,-58.54450,Mostaza,Comida rápida,Avenida 101 - Doctor Ricardo Balbín 2276,
-34.57795,-58.53733,Urbion Plaza,Comida rápida,52 - Belgrano,
-34.57788,-58.53726,Bonafide,Comida rápida,52 - Belgrano 3788,
-34.54518,-58.55749,Acadia Bar,Comida rápida,61 - Lacroze 5309,
-34.54851,-58.55751,La Bajada Restobar,Comida rápida,122 - General José María Paz,
-34.54649,-58.55770,Panda Rojo,Comida rápida,63 - Pacífico Rodríguez 5199,
-34.57615,-58.53789,La San Martin,Comida rápida,89 - Doctor Ramón Carrillo 2101,
-34.57571,-58.53731,Havanna,Comida rápida,54 - Bartolomé Mitre,
-34.57591,-58.53712,Café Martínez,Comida rápida,85 - Bonifacini 2098,
-34.57680,-58.53666,McDonald's,Comida rápida,52 - Belgrano 3641,
-34.57479,-58.53616,Bodegón Central,Comida rápida,54 - Bartolomé Mitre 3467,
-34.57825,-58.52999,LB Lubricentro,Talleres,42 - Perdriel 3343,
-34.58230,-58.53979,LSM Lubricantes,Talleres,Avenida 101 - Doctor Ricardo Balbín 1851,
-34.57924,-58.54429,Baterias San Martín,Talleres,Avenida 101 - Doctor Ricardo Balbín 2246,
-34.57795,-58.54153,Tenedor urbano,Comida rápida,56 - Domingo Matheu 4048,
-34.58207,-58.53860,Terraza Buffet,Comida rápida,99 - General Roca 1801,
-34.57546,-58.53504,Santa Marta,Comida rápida,52 - Belgrano 3441,
-34.57726,-58.54598,Renault Minuto,Talleres,Avenida 101 - Doctor Ricardo Balbín 2441,
-34.58032,-58.54287,K'1000 Motos,Insumos de motos,Avenida 101 - Doctor Ricardo Balbín 2102,
-34.56827,-58.54102,Shogun,Comida rápida,66 - José Clemente Paz 3289,
-34.58916,-58.52133,Efe Uno,Talleres,10 - Avenida Guido Spano 3571,
-34.57353,-58.54340,Los Altos de San Lorenzo,Comida rápida,91 - San Lorenzo 2530,
-34.57521,-58.53738,Moto Zuni,Insumos de motos,85 - Salguero 2137,
-34.57724,-58.53492,Mr. Moorfis,Comida rápida,48 - Moreno 3579,
-34.66144,-58.51701,Mostaza,Comida rápida,Saladillo,
-34.56596,-58.51364,Pancho 46,Comida rápida,Avenida 44 - Presidente Arturo Umberto Illia,
-34.56380,-58.51500,Calzetta Neumaticos,Talleres,1 - Avenida de los Constituyentes 1888,
-34.56440,-58.57461,El Lubricentro,Talleres,117 - Sargento Cabral,
-34.56987,-58.54003,Boxes,Talleres,79 - Ayacucho,
-34.57392,-58.53320,Mania,Comida rápida,52 - Belgrano 3215,
-34.58430,-58.53654,Miguel,Gomerías,42 - Perdriel 4230,
-34.58436,-58.53637,Rover Service,Talleres,Diagonal 99 1574,
-34.58458,-58.51830,Norauto,Talleres,Diagonal 79 - 25 de Mayo 6720,
-34.58289,-58.53917,Libra Tribu's,Comida rápida,Avenida 101 - Doctor Ricardo Balbín 1797,
-34.58298,-58.53988,Bridgestone,Gomerías,46 - Abraham Lincoln,
-34.54942,-58.55409,Burger King,Comida rápida,114 - Carlos María de Alvear 2693,
-34.54499,-58.55595,Wantaco,Comida rápida,126 - Gregorio Aráoz de Lamadrid 2486,
-34.56748,-58.56046,Diesel Service,Talleres,94 - Ombú 4477,
-34.56640,-58.56084,Shell,Estaciones de servicio,Diagonal 101 - Doctor Ricardo Balbín 4001,
-34.55161,-58.56407,Parrilla,Comida rápida,79 - Aristóbulo Del Valle,
-34.54178,-58.57152,Boxes,Talleres,Diagonal 75 - Artigas,
-34.56297,-58.58041,Carrocerias Coral,Talleres,130 - Cuba,
-34.63618,-58.58195,Marcelino,Comida rápida,General Juan Gelly y Obes 1098,
-34.66739,-58.59964,La Peña,Comida rápida,Avenida Diego Armando Maradona,
-34.66057,-58.60826,Escapes Marcelo,Talleres,Avenida Hipólito Yrigoyen,
-34.66060,-58.60973,Oeste Gomeria,Gomerías,Avenida Hipólito Yrigoyen,
-34.67258,-58.59344,Meraki,Comida rápida,Avenida Diego Armando Maradona,
-34.67143,-58.59496,Nor Gas,Estaciones de servicio,Avenida Diego Armando Maradona,
-34.67031,-58.59621,Bufano,Gomerías,Avenida Diego Armando Maradona,
-34.66869,-58.59805,Parrilla 55 Los Montenegros,Comida rápida,Avenida Diego Armando Maradona 401,
-34.66850,-58.59837,Mecanica Integral,Talleres,Avenida Diego Armando Maradona,
-34.58172,-58.43774,Grappa Cantina,Comida rápida,El Salvador 5802,
-34.59754,-58.56177,Neumaticos Arturo,Talleres,643 - Avenida del Libertador General José de San Martín 1695,
-34.59479,-58.53856,KM8 Motos,Insumos de motos,121 - Viacava,
-34.72948,-58.24945,La Cocina del Cheff,Comida rápida,Alvear 1101,
-34.56030,-58.55119,Samoa,Comida rápida,79 - Colegio Militar 3791,
-34.56075,-58.55058,Jolá,Comida rápida,79 - Colegio Militar 3701,
-34.69840,-58.27397,Parrilla,Comida rápida,Autopista Doctor Ricardo Balbín,
-34.58674,-58.43329,Rucio Moro Urban Food,Comida rápida,Honduras 5328,
-34.58578,-58.42983,Santaella,Comida rápida,Uriarte 1830,
-34.55109,-58.43779,Full,Comida rápida,Juramento,
-34.58680,-58.42957,Maniko,Comida rápida,Thames 1780,
-34.65257,-58.39431,Pizzarella,Comida rápida,Doctor Juan Madera,
-34.73205,-58.25019,El Galpon,Comida rápida,Lavalle 1219,
-34.73205,-58.25041,Inyeccar,Talleres,Garay 183,
-34.72709,-58.25382,La Horneria,Comida rápida,Brandsen 199,
-34.72830,-58.25681,Punta Quilmes,Comida rápida,Avenida Hipólito Yrigoyen 895,
-34.72699,-58.26143,Restaurante Comer Quilmes,Comida rápida,Aristóbulo del Valle 1490,
-34.72631,-58.26199,A Punto!,Comida rápida,Corrientes 187,
-34.73796,-58.25913,Club Cervecería Quilmes,Comida rápida,Avenida Triunvirato 700,
-34.57672,-58.51479,Comedor,Comida rápida,"-34.57672, -58.51479",
-34.84807,-58.37796,El Deck,Comida rápida,Avenida Berlín 204,
-34.84946,-58.38147,Los Pirineos,Comida rápida,San Ignacio,
-34.68388,-58.56424,Mopar,Talleres,Avenida Diego Armando Maradona,
-34.57278,-58.50585,Mâs Auto Center,Talleres,Zamudio,
-34.84792,-58.37835,La Gran Masa,Comida rápida,Avenida Berlín 217,
-34.84355,-58.37840,Taller Mecánico Fredy,Talleres,Avenida Espora 5001,
-34.84297,-58.37879,ACSO,Talleres,Rufino Córdoba,
-34.51920,-58.56974,Los Talas del Entrerriano,Comida rápida,Diagonal 190 - Brigadier General Juan Manuel de Rosas 1391,
-34.56313,-58.58991,Fram Center,Talleres,Diagonal 101 - Doctor Ricardo Balbín 6390,
-34.58777,-58.52514,Urquiza Motos,Insumos de motos,Avenida 85 - Libertador General San Martín 752,
-34.57007,-58.54793,Barein GP,Talleres,91 - San Lorenzo 2946,
-34.56199,-58.58016,Talleres Adriatico,Talleres,130 - Cuba,
-34.56222,-58.58029,Carrocerias Coral,Talleres,130 - Cuba,
-34.55722,-58.55317,Las Delicias,Comida rápida,75 - Congreso,
-34.58923,-58.52049,Germany Motors,Talleres,10 - Avenida Guido Spano,
-34.63893,-58.58245,Mostaza,Comida rápida,Automostaza,
-34.64096,-58.38954,Puma,Estaciones de servicio,José A. Cortejarena 2900,
-34.59438,-58.54483,Kosuri Sushi,Comida rápida,433 - Doctor Cánepa 1301,
-34.60126,-58.52617,America,Talleres,403 - Avenida América 436,
-34.64200,-58.57129,Neumen,Gomerías,Avenida Rivadavia 14772,
-34.66294,-58.44038,Perluchi,Comida rápida,Corrales & José Martí,
-34.57078,-58.52225,Lesoil,Talleres,Avenida 44 - Presidente Arturo Umberto Illia 2255,
-34.70020,-58.54257,YPF,Estaciones de servicio,Avenida Intendente Esteban Crovara,
-34.63074,-58.36229,lo de katy,Comida rápida,Juan Manuel Blanes,
-34.62203,-58.42670,Ugi's,Comida rápida,Avenida Independencia 4302,
-34.75074,-58.58524,McDonald's,Comida rápida,Avenida Presidente Néstor Carlos Kirchner,
-34.54724,-58.43120,Sendero,Comida rápida,Avenida Costanera Rafael Obligado,
-34.54606,-58.43127,Fabric Dragón Blanco,Comida rápida,Avenida Costanera Rafael Obligado,
-34.54258,-58.43510,Espacio García,Comida rápida,Avenida Costanera Rafael Obligado 6745,
-34.60565,-58.56297,Mostaza,Comida rápida,604 - Avenida General Justo José de Urquiza 4751,
-34.60564,-58.56338,McDonald's,Comida rápida,604 - Justo José De Urquiza,
-34.60568,-58.56366,Kentucky,Comida rápida,647 - 3 De Febrero 2600,
-34.60602,-58.56447,Burger King,Comida rápida,604 - Justo José De Urquiza,
-34.54555,-58.54985,700 Brunch y Pastelería,Comida rápida,49 - Libertad,
-34.54588,-58.54993,700 Food & Drinks,Comida rápida,114 - Carlos María de Alvear 2201,
-34.59465,-58.63633,Shell,Estaciones de servicio,Avenida Gobernador Valentín Vergara,
-34.55623,-58.55623,Reveillon,Comida rápida,77 - Martín Lange 4490,
-34.62547,-58.36729,Trepat Automotores,Talleres,Avenida Brasil,
-34.77253,-58.54503,Parrilla Paraiso Perdido,Comida rápida,Avenida Ingeniero Fernández García,
-34.58594,-58.39862,Axion,Estaciones de servicio,Avenida General Las Heras 2499,
-34.66227,-58.43184,Brozziano Empanadas,Comida rápida,Avenida Intendente Francisco Rabanal & Varela,
-34.59676,-58.46427,Axion,Estaciones de servicio,General Manuel A. Rodríguez,
-34.65808,-58.47007,Shell,Estaciones de servicio,Avenida Teniente General Luis Dellepiane,
-34.50100,-58.51827,El Taller,Talleres,Avenida Sir Alexander Fleming 2301,
-34.73130,-58.39045,Ferrobar Ferroclub Argentino,Comida rápida,Avenida 29 De Septiembre,
-34.65954,-58.43373,Taller Carrocero,Talleres,Avenida Varela,
-34.54211,-58.46310,Shell Helix,Talleres,Vilela,
-34.59129,-58.51339,Lubricentro San Martín,Talleres,Avenida San Martín 7050,
-34.57345,-58.55042,Centro Modelo de Conversión,Talleres,Avenida 101 - Doctor Ricardo Balbín,
-34.54857,-58.43042,MARO,Comida rápida,Bicisenda Costanera,
-34.67666,-58.40380,La Terraza de Alsina,Comida rápida,Senador José Pallarés 2258,
-34.56214,-58.46579,Spot,Comida rápida,Avenida Doctor Ricardo Balbín,
-34.58660,-58.53382,Lubricentro GP,Talleres,101 - Iturraspe 1249,
-34.58654,-58.53389,Escapes Turi,Talleres,101 - Iturraspe 1253,
-34.57149,-58.54902,Zito,Talleres,95 - Caseros,
-34.67519,-58.63753,Pegaso,Comida rápida,Arana,
-34.63871,-58.54380,Shell,Estaciones de servicio,203 - Santa Juana De Arco,
-34.48663,-58.51834,Luma Bakery & Coffee,Comida rápida,Dardo Rocha 1022,
-34.57646,-58.52948,Cordero Atado,Comida rápida,44 - Benito Pablo Juárez 3190,
-34.66077,-58.43498,"Pizzeria & Bar ""Via & Pid",Comida rápida,Cóndor 2717,
-34.66372,-58.44256,DIM Car Custom Repair,Talleres,Pergamino,
-34.67581,-58.53115,Sst Detailing,Talleres,Franklin 268,
-34.67608,-58.45935,McDonald's,Comida rápida,Hall De Entrada,
-34.67612,-58.45948,Rincón Jumbo,Comida rápida,Hall De Entrada Local 1189,
-34.67541,-58.45850,Havanna,Comida rápida,Salida De Emergencia Local 6113,
-34.67481,-58.45786,McDonald's,Comida rápida,Avenida Escalada Local 1329,
-34.70549,-58.40513,YPF,Estaciones de servicio,Río De Janeiro 3000,
-34.60933,-58.40695,Pancho 32,Comida rápida,Bartolomé Mitre,
-34.60977,-58.40642,Once,Comida rápida,Avenida Rivadavia,
-34.55346,-58.43558,Selquet,Comida rápida,La Pampa,
-34.66056,-58.44100,Gomería Neumen,Gomerías,Avenida Lafuente 2946,
-34.60610,-58.45083,Spot,Comida rápida,Avenida San Martín,
-34.68000,-58.58112,Axion,Estaciones de servicio,Caupolicán,
-34.79229,-58.41444,Axion,Estaciones de servicio,Avenida Antártida Argentina,
-34.43798,-58.64220,UNIDO Nordelta,Comida rápida,Avenida De Los Lagos,
-34.61445,-58.39052,Centro Asturiano,Comida rápida,Solís 475,
-34.57503,-58.47444,Van Koning,Comida rápida,Mariscal Antonio José de Sucre 4399,
-34.63307,-58.41577,Master Gas,Estaciones de servicio,Avenida Boedo,
-34.58519,-58.44120,Mi Gusto,Comida rápida,Ángel Justiniano Carranza 1401,
-34.69873,-58.57699,Shell,Estaciones de servicio,De Los Incas,
-34.65897,-58.51276,Shell,Estaciones de servicio,Avenida Juan Bautista Alberdi 7019,
-34.80887,-58.29007,Pañol Alumbrado,Talleres,Alvarez Tomas,
-34.80894,-58.29010,Laboratorio Alumbrado,Talleres,Jorge Newbery,
-34.80883,-58.29019,Alumbrado,Talleres,General Álvarez Thomas,
-34.61036,-58.43061,YPF,Estaciones de servicio,Río De Janeiro 450,
-34.62600,-58.42723,YPF,Estaciones de servicio,Avenida La Plata,
-34.54302,-58.43566,Mesa Tres,Comida rápida,Avenida Costanera Rafael Obligado,
-34.54369,-58.43767,La Nube,Comida rápida,Intendente Güiraldes,
-34.66110,-58.37549,Shell,Estaciones de servicio,Obreros De La Negra 2,
-34.67355,-58.52835,Carburacion San Martin,Talleres,Avenida General San Martín 3958,
-34.41327,-58.60561,Techno Racing,Talleres,Avenida Santa María de las Conchas,
-34.66931,-58.38096,YPF,Estaciones de servicio,Lola Mora 1,
-34.60393,-58.59329,McDonald's,Comida rápida,734 - De Los Aromos,
-34.65794,-58.47075,Shell,Estaciones de servicio,Mozart,
-34.74340,-58.43033,YPF,Estaciones de servicio,Colectora Camino Presidente Juan Domingo Perón,
-34.56517,-58.46230,Club Milanesa,Comida rápida,Juramento 2995,
-34.60118,-58.37592,El Gordo,Comida rápida,Tucumán 638,
-34.60116,-58.37547,Le Caravelle,Comida rápida,Tucumán,
-34.60096,-58.37551,Havanna,Comida rápida,Tucumán,
-34.60096,-58.37564,Gim bap korean grocery & take away,Comida rápida,Tucumán 617,
-34.60100,-58.37662,Martínez,Comida rápida,Tucumán,
-34.41578,-58.60146,Suzuki Tigre,Insumos de motos,Avenida Santa María de las Conchas 2936,
-34.41560,-58.60165,Náutica Baterias,Talleres,Avenida Santa María De Las Conchas,
-34.45951,-58.50241,Neptuno,Comida rápida,Gaetán Gutiérrez,
-34.45325,-58.64200,YPF,Estaciones de servicio,Antártida Argentina,
-34.45721,-58.62799,Axion,Estaciones de servicio,Avenida Hipólito Yrigoyen,
-34.45408,-58.64089,Shell,Estaciones de servicio,Avenida de los Constituyentes 617,
-34.44448,-58.59667,Axion,Estaciones de servicio,Avenida Crisólogo Larralde 3186,
-34.41430,-58.60350,Gomería El Uruguayo 1980,Gomerías,Avenida Santa María De Las Conchas,
-34.42292,-58.59057,JM Service,Talleres,Lacroze,
-34.42251,-58.59168,Maranello,Comida rápida,9 De Julio,
-34.42182,-58.59248,Boxes,Talleres,Avenida Santa María de las Conchas 2190,
-34.42141,-58.59211,Chapa Pintura,Talleres,José C. Paz,
-34.56770,-58.46315,Olegario,Comida rápida,Capitán General Ramón Freire,
-34.56912,-58.44982,Don Valentín,Comida rápida,Ciudad de la Paz 1199,
-34.67773,-58.47836,Shell,Estaciones de servicio,Avenida Teniente General Luis Dellepiane 6000,
-34.80486,-58.51980,Helport,Talleres,Avenida Teniente General Morillas,
-34.60021,-58.39127,Pizza Yerman,Comida rápida,Rodríguez Peña 753,
-34.6264546,-58.3972266,Taller Dos Ruedas,Taller,Pichincha 1463